sample_id,video_file,duration_s,pred_class,pred_annotation,prob_neg,prob_neu,prob_pos,pred_intensity,text_contribution,audio_contribution,vision_contribution,text_contribution_norm,audio_contribution_norm,vision_contribution_norm,text_intensity_contribution,audio_intensity_contribution,vision_intensity_contribution,dominant_modality,key_text_tokens,key_text_context,key_audio_buckets,key_audio_sec_range,key_vision_buckets,key_vision_frames,key_vision_sec_range,explanation_status,样本特记,人工回看结论,AI辅助回看判定,AI内容支持判断,model_version,weights_sha256
01,01.mp4,9.0,2,positive,0.117338,0.405415,0.477247,0.262134,0.137821,-0.00099,-0.018092,0.878382,-0.00631,-0.115308,0.26106,0.09589,-0.018826,文本,"pos12:to(功能词,+0.0188);pos13:ensuring(内容词,+0.0150);pos14:the(功能词,+0.0146);pos15:new(内容词,+0.0141);pos3:wear(内容词,-0.0135)",belt is essential to ensuring the new || is essential to ensuring the new belt || essential to ensuring the new belt performs || to ensuring the new belt performs to || replacing these wear components when replacing,1-5;10-14;13-17;12-16;11-15,0.00-2.05;3.68-5.73;4.91-6.95;4.50-6.55;4.09-6.14,1-5;18-22;17-21;16-20;2-6,0-61;209-270;196-258;184-245;12-74,0.00-2.05;6.95-9.00;6.55-8.59;6.14-8.18;0.41-2.45,位置已映射（机器），已人工回看确认（2026-09-26）,,已人工确认（不支持）,不支持,不支持,stage5-frozen-1/static_concat,85b67020f5a08d928ffc0534fb62c4f9ebba650759ecd6baf24c2c56ee9a5bdd
02,02.mp4,3.49,2,positive,0.307549,0.342035,0.350416,-0.183321,0.130573,-0.083921,-0.132745,0.376033,-0.24168,-0.382287,-0.118336,0.080863,0.249361,视觉,"pos18:misery(内容词,-0.0541);pos8:’(内容词,+0.0329);pos10:happiness(内容词,+0.0255);pos11:-(功能词,+0.0246);pos17:s(功能词,-0.0221)",other ’ s misery . [SEP] [PAD] || by each other ’ s happiness - || other ’ s happiness - not by || ’ s happiness - not by each || each other ’ s misery . [SEP],3-7;2-6;4-8;13-17;14-18,0.37-1.29;0.18-1.10;0.55-1.47;2.20-3.12;2.39-3.31,6-10;11-15;7-11;12-16;13-17,28-55;55-83;33-61;61-88;66-94,0.92-1.84;1.84-2.76;1.10-2.02;2.02-2.94;2.20-3.12,位置已映射（机器）；尾段静音，重建秒数尾段仅供参考，已人工回看确认（2026-09-26）,内容尾部静音：该样本视频末尾约 1 s 为静音（内容覆盖比 0.84），因此其**重建秒数在尾段仅供参考**，桶位可信。桶位映射本身已通过检验（口径 B 被直接否定，8/8 样本支持口径 A），此点不是映射错误。另该样本三类概率极接近（top1−top2 仅 0.0084），**类别判定亦不宜作为结论**。,已人工确认（无法确认）,无法确认,无法判断,stage5-frozen-1/static_concat,85b67020f5a08d928ffc0534fb62c4f9ebba650759ecd6baf24c2c56ee9a5bdd
03,03.mp4,9.66,0,negative,0.621372,0.212465,0.166163,-0.382888,0.365124,-0.087079,0.04212,0.738633,-0.176159,0.085208,0.442285,-0.188565,0.074945,文本,"pos15:bank(内容词,-0.0299);pos16:##west(内容词,-0.0289);pos20:t(功能词,+0.0265);pos24:into(功能词,+0.0254);pos31:into(功能词,+0.0232)","think is just bank ##west who don || is just bank ##west who don ' || who don ' t take rental income || take rental income into account , they || take rental yield into account . [SEP]",13-17;22-26;23-27;12-16;14-18,3.51-4.98;6.15-7.61;6.44-7.90;3.22-4.68;3.81-5.27,8-12;7-11;6-10;25-29;24-28,61-105;53-97;44-88;211-255;202-246,2.05-3.51;1.76-3.22;1.46-2.93;7.03-8.49;6.73-8.20,位置已映射（机器），已人工回看确认（2026-09-26）,,已人工确认（不支持）,不支持,不支持,stage5-frozen-1/static_concat,85b67020f5a08d928ffc0534fb62c4f9ebba650759ecd6baf24c2c56ee9a5bdd
04,04.mp4,6.99,2,positive,0.362042,0.096039,0.541919,0.321531,-0.166614,0.301522,0.137215,-0.275235,0.498095,0.22667,-0.377845,0.622492,0.240462,音频,"pos25:not(功能词,-0.0691);pos21:goodbye(内容词,-0.0645);pos10:should(功能词,-0.0499);pos14:chances(内容词,+0.0493);pos20:""(内容词,+0.0486)","? ] absolutely not . [SEP] [PAD] || go blue "" goodbye ? ] absolutely || team exercise , should i kiss my || i kiss my chances of cheering "" || "" go blue "" goodbye ? ]",8-12;7-11;9-13;1-5;19-23,1.88-3.23;1.61-2.96;2.15-3.50;0.00-1.34;4.84-6.18,1-5;2-6;7-11;8-12;10-14,0-40;8-48;48-89;56-97;73-113,0.00-1.34;0.27-1.61;1.61-2.96;1.88-3.23;2.42-3.76,位置已映射（机器），已人工回看确认（2026-09-26）,,已人工确认（不支持）,不支持,不支持,stage5-frozen-1/static_concat,85b67020f5a08d928ffc0534fb62c4f9ebba650759ecd6baf24c2c56ee9a5bdd
05,05.mp4,6.1,2,positive,0.041976,0.238604,0.71942,0.613501,0.230379,-0.009374,0.122202,0.636485,-0.025899,0.337616,0.369849,0.072978,0.274927,文本,"pos2:,(功能词,+0.0303);pos5:is(功能词,+0.0234);pos11:for(功能词,-0.0179);pos14:marketing(内容词,-0.0143);pos3:my(功能词,+0.0140)","hi , my name is || , my name is chloe , video || video market ##er for red wagon marketing || for red wagon marketing . [SEP] [PAD] || hi , my name is chloe",3-7;4-8;2-6;1-5;11-15,0.81-2.85;1.22-3.25;0.41-2.44;0.00-2.03;4.07-6.10,1-5;2-6;11-15;10-14;3-7,0-61;12-73;122-183;110-171;24-85,0.00-2.03;0.41-2.44;4.07-6.10;3.66-5.69;0.81-2.85,位置已映射（机器），已人工回看确认（2026-09-26）,,已人工确认（支持）,人工回看支持,支持,stage5-frozen-1/static_concat,85b67020f5a08d928ffc0534fb62c4f9ebba650759ecd6baf24c2c56ee9a5bdd
06,06.mp4,8.31,2,positive,0.046906,0.342718,0.610376,0.684549,0.284378,-0.031117,-0.131054,0.636835,-0.069683,-0.293482,0.336056,0.372752,-0.102197,文本,"pos6:fan(内容词,+0.0280);pos21:impressive(内容词,+0.0230);pos14:like(内容词,+0.0170);pos32:movie(内容词,-0.0163);pos29:check(内容词,-0.0156)","' re a fan of dancing in || dance , see impressive dance moves then || sense , just like to watch people || check out this movie solely for that || might want to check out this movie",31-35;30-34;16-20;29-33;1-5,7.12-8.31;6.89-8.07;3.56-4.75;6.65-7.84;0.00-1.19,10-14;9-13;12-16;11-15;8-12,64-100;57-93;78-114;71-107;50-85,2.14-3.32;1.90-3.09;2.61-3.80;2.37-3.56;1.66-2.85,位置已映射（机器），已人工回看确认（2026-09-26）,,已人工确认（部分支持）,部分支持,部分支持,stage5-frozen-1/static_concat,85b67020f5a08d928ffc0534fb62c4f9ebba650759ecd6baf24c2c56ee9a5bdd
07,07.mp4,21.35,2,positive,0.008355,0.084853,0.906793,0.97584,0.534244,0.004616,0.014803,0.964927,0.008336,0.026737,0.935446,0.12045,0.053789,文本,"pos21:enthusiastically(内容词,+0.0096);pos10:##ad(内容词,-0.0065);pos16:28(内容词,+0.0058);pos15:november(内容词,+0.0052);pos39:phil(内容词,-0.0049)",", attendees “ enthusiastically discussed the topics || editor michael ba ##ad ##ke reports in || in our november 28 issue , attendees || reports in our november 28 issue , || and dealers and phil ##ate ##lic partnerships",22-26;21-25;23-27;20-24;24-28,9.34-11.56;8.90-11.12;9.79-12.01;8.45-10.68;10.23-12.45,1-5;3-7;2-6;4-8;5-9,0-67;27-93;13-80;40-107;53-120,0.00-2.22;0.89-3.11;0.44-2.67;1.33-3.56;1.78-4.00,位置已映射（机器），已人工回看确认（2026-09-26）,,已人工确认（支持）,人工回看支持,支持,stage5-frozen-1/static_concat,85b67020f5a08d928ffc0534fb62c4f9ebba650759ecd6baf24c2c56ee9a5bdd
08,08.mp4,5.09,2,positive,0.048025,0.288295,0.66368,0.367531,0.400234,-0.052416,-0.102263,0.721256,-0.094458,-0.184286,0.42624,0.03569,-0.058876,文本,"pos8:universal(内容词,+0.0629);pos10:grand(内容词,+0.0544);pos6:,(功能词,-0.0378);pos12:[SEP](功能词,-0.0303);pos3:us(功能词,-0.0266)","tonight , the universal design grand challenge || the universal design grand challenge [SEP] [PAD] || us to tonight , the universal design || design grand challenge [SEP] [PAD] [PAD] [PAD] || that brings us to tonight ,",1-5;6-10;7-11;5-9;4-8,0.00-2.31;2.31-4.63;2.78-5.09;1.85-4.16;1.39-3.70,4-8;5-9;3-7;2-6;7-11,42-111;56-125;28-97;14-83;83-153,1.39-3.70;1.85-4.16;0.93-3.24;0.46-2.78;2.78-5.09,位置已映射（机器），已人工回看确认（2026-09-26）,,已人工确认（不支持）,不支持,不支持,stage5-frozen-1/static_concat,85b67020f5a08d928ffc0534fb62c4f9ebba650759ecd6baf24c2c56ee9a5bdd
09,09.mp4,5.04,0,negative,0.98925,0.005735,0.005015,-1.771668,0.768065,-0.003039,0.001208,0.994501,-0.003935,0.001564,1.917161,-0.267095,0.130918,文本,"pos7:not(功能词,+0.0039);pos6:did(功能词,+0.0031);pos16:not(功能词,+0.0029);pos1:((内容词,-0.0023);pos3:##h(内容词,-0.0021)",") i did not like this movie || ##h ) i did not like this || , i would not recommend it [SEP] || ( uh ##h ) || ( uh ##h ) i did",14-18;1-5;13-17;2-6;9-13,3.64-5.04;0.00-1.40;3.36-4.76;0.28-1.68;2.24-3.64,14-18;13-17;12-16;1-5;11-15,109-151;101-143;92-134;0-42;84-126,3.64-5.04;3.36-4.76;3.08-4.48;0.00-1.40;2.80-4.20,位置已映射（机器），已人工回看确认（2026-09-26）,,已人工确认（支持）,人工回看支持,支持,stage5-frozen-1/static_concat,85b67020f5a08d928ffc0534fb62c4f9ebba650759ecd6baf24c2c56ee9a5bdd
10,10.mp4,9.94,0,negative,0.938554,0.021779,0.039667,-0.920261,0.746164,-0.027213,0.019542,0.941035,-0.03432,0.024646,1.230043,-0.420969,0.113797,文本,"pos30:terrible(内容词,+0.0190);pos28:was(功能词,+0.0160);pos10:like(内容词,-0.0115);pos17:sometimes(内容词,-0.0093);pos12:see(内容词,+0.0091)",one was pretty terrible [SEP] [PAD] [PAD] || but this one was pretty terrible [SEP] || i really do like to see fluffy || chick flick ##s sometimes so i ' || do like to see fluffy chick flick,23-27;22-26;24-28;17-21;21-25,7.29-8.95;6.96-8.61;7.62-9.28;5.30-6.96;6.63-8.28,7-11;6-10;8-12;9-13;1-5,60-109;50-99;70-119;80-129;0-50,1.99-3.64;1.66-3.31;2.32-3.98;2.65-4.31;0.00-1.66,位置已映射（机器），已人工回看确认（2026-09-26）,,已人工确认（支持）,人工回看支持,支持,stage5-frozen-1/static_concat,85b67020f5a08d928ffc0534fb62c4f9ebba650759ecd6baf24c2c56ee9a5bdd
11,11.mp4,5.8,0,negative,0.844196,0.094888,0.060916,-0.912299,0.581614,-0.009286,-0.00317,0.979032,-0.015632,-0.005337,0.870036,0.012265,0.077952,文本,"pos3:be(功能词,+0.0457);pos4:ashamed(内容词,+0.0408);pos13:a(功能词,-0.0282);pos6:have(功能词,+0.0235);pos2:would(内容词,+0.0216)",i would be ashamed to have || i would be ashamed to have made || if i was a director [SEP] [PAD] || be ashamed to have made this film || i would be ashamed to,1-5;6-10;8-12;7-11;9-13,0.00-2.07;2.07-4.14;2.90-4.97;2.49-4.56;3.31-5.39,1-5;3-7;2-6;6-10;5-9,0-62;25-87;12-75;62-124;50-112,0.00-2.07;0.83-2.90;0.41-2.49;2.07-4.14;1.66-3.73,位置已映射（机器），已人工回看确认（2026-09-26）,,已人工确认（支持）,人工回看支持,支持,stage5-frozen-1/static_concat,85b67020f5a08d928ffc0534fb62c4f9ebba650759ecd6baf24c2c56ee9a5bdd
12,12.mp4,13.01,0,negative,0.832878,0.120731,0.046391,-0.914721,0.539653,-0.041831,0.048391,0.856763,-0.066411,0.076826,0.788064,-0.125841,0.182232,文本,"pos41:low(内容词,+0.0274);pos23:fault(内容词,+0.0176);pos33:sa(内容词,+0.0161);pos34:##g(内容词,+0.0149);pos26:own(功能词,+0.0142)","scores is very low . [SEP] [PAD] || or perhaps by fault of their own || let their credit sa ##g , and || their credit sa ##g , and credit || fault of their own , they have",38-42;37-41;36-40;29-33;28-32,11.46-13.01;11.15-12.70;10.84-12.39;8.67-10.22;8.36-9.91,27-31;26-30;1-5;2-6;25-29,242-288;232-279;0-46;9-56;223-269,8.05-9.60;7.74-9.29;0.00-1.55;0.31-1.86;7.43-8.98,位置已映射（机器），已人工回看确认（2026-09-26）,,已人工确认（部分支持）,部分支持,部分支持,stage5-frozen-1/static_concat,85b67020f5a08d928ffc0534fb62c4f9ebba650759ecd6baf24c2c56ee9a5bdd
13,13.mp4,8.68,2,positive,0.064552,0.428786,0.506662,0.203471,0.186526,-0.045586,0.0,0.803604,-0.196396,0.0,0.238623,0.045193,0.0,文本,"pos24:of(功能词,+0.0170);pos23:two(内容词,-0.0107);pos13:that(功能词,+0.0090);pos22:any(功能词,+0.0083);pos2:example(内容词,-0.0076)","between any two of the given factors || relationship between any two of the given || data and from that data , i || a relationship between any two of the || for example , i could",22-26;14-18;13-17;12-16;11-15,6.08-7.52;3.76-5.21;3.47-4.92;3.18-4.63;2.89-4.34,,,,位置已映射（机器）；视觉特征整条为零（特征侧缺失，原始视频有画面），视觉贡献不可评估，已人工回看确认（2026-09-26）,视觉特征整条为零（vision 数组 50×35 全 0，RLE 0x50），**而其原始视频有正常画面**（会议室场景、讲者面对听众，与转写教学语境一致）→ 属**特征侧缺失**，不是素材无画面。其余 19 条样本的视觉与音频非零桶位数逐条相等，唯独 13 的视觉全零，属数据异常。**不得解读为「视觉模态对预测无作用」或「没有视觉可看」**——正确表述是「该样本无可用视觉特征，视觉贡献不可评估」。,已人工确认（无法确认）,无法确认,无法判断,stage5-frozen-1/static_concat,85b67020f5a08d928ffc0534fb62c4f9ebba650759ecd6baf24c2c56ee9a5bdd
14,14.mp4,10.35,2,positive,0.037376,0.344103,0.618521,0.684517,0.009371,0.038428,0.170191,0.042987,0.176285,0.780728,0.173137,0.190331,0.420424,视觉,"pos33:york(内容词,+0.0178);pos14:limited(内容词,+0.0130);pos2:is(功能词,-0.0124);pos28:courses(内容词,+0.0122);pos11:vet(内容词,-0.0082)",toronto ' s york university . [SEP] || vet ##tes ##e limited and the former || he is the co - || u ##fe ) courses at toronto ' || ross ##en and vet ##tes ##e limited,2-6;3-7;4-8;1-5;5-9,0.30-1.77;0.59-2.07;0.89-2.37;0.00-1.48;1.18-2.66,31-35;30-34;2-6;1-5;3-7,266-310;257-302;9-53;0-44;18-62,8.87-10.35;8.58-10.05;0.30-1.77;0.00-1.48;0.59-2.07,位置已映射（机器），已人工回看确认（2026-09-26）,,已人工确认（支持）,人工回看支持,支持,stage5-frozen-1/static_concat,85b67020f5a08d928ffc0534fb62c4f9ebba650759ecd6baf24c2c56ee9a5bdd
15,15.mp4,7.33,2,positive,0.014437,0.061877,0.923686,1.027666,0.352512,0.047968,0.020105,0.838147,0.114051,0.047802,0.596439,0.324018,0.113693,文本,"pos20:transform(内容词,+0.0145);pos18:power(内容词,+0.0105);pos19:to(功能词,+0.0103);pos17:its(功能词,+0.0080);pos16:in(功能词,+0.0076)",its power to transform lives [SEP] [PAD] || believed in its power to transform lives || in its power to transform lives [SEP] || they believed in its power to transform || because they believed in its power to,3-7;4-8;2-6;5-9;8-12,0.70-2.44;1.05-2.79;0.35-2.09;1.40-3.14;2.44-4.19,15-19;14-18;13-17;12-16;17-21,147-199;136-188;126-178;115-168;168-220,4.89-6.63;4.54-6.28;4.19-5.93;3.84-5.58;5.58-7.33,位置已映射（机器），已人工回看确认（2026-09-26）,,已人工确认（支持）,人工回看支持,支持,stage5-frozen-1/static_concat,85b67020f5a08d928ffc0534fb62c4f9ebba650759ecd6baf24c2c56ee9a5bdd
16,16.mp4,3.11,0,negative,0.996996,0.002277,0.000727,-2.581867,0.760228,-0.000857,0.001396,0.997045,-0.001123,0.001831,2.59193,-0.161932,0.120166,文本,"pos10:terrible(内容词,+0.0031);pos5:terrible(内容词,+0.0025);pos12:[SEP](功能词,-0.0011);pos2:'(功能词,-0.0009);pos4:a(功能词,+0.0008)","this is a terrible movie [SEP] [PAD] || ' s a terrible , this is || a terrible movie [SEP] [PAD] [PAD] [PAD] || it ' s a terrible || it ' s a terrible , this",4-8;3-7;5-9;2-6;7-11,0.85-2.26;0.57-1.98;1.13-2.54;0.28-1.70;1.70-3.11,6-10;3-7;4-8;7-11;1-5,42-85;17-59;25-68;51-93;0-42,1.41-2.83;0.57-1.98;0.85-2.26;1.70-3.11;0.00-1.41,位置已映射（机器），已人工回看确认（2026-09-26）,,已人工确认（支持）,人工回看支持,支持,stage5-frozen-1/static_concat,85b67020f5a08d928ffc0534fb62c4f9ebba650759ecd6baf24c2c56ee9a5bdd
17,17.mp4,9.67,2,positive,0.003049,0.034166,0.962785,1.254586,0.553691,-0.001742,0.008872,0.981192,-0.003086,0.015721,1.065854,0.153177,0.118314,文本,"pos14:will(功能词,+0.0067);pos13:and(功能词,+0.0054);pos9:is(功能词,+0.0051);pos24:.(功能词,-0.0039);pos16:people(内容词,-0.0037)",", easy and will make people think || simple , easy and will make people || to your presentations is simple , easy || a design guru . [SEP] [PAD] [PAD] || and will make people think you turned",1-5;14-18;15-19;2-6;16-20,0.00-2.01;5.24-7.25;5.64-7.66;0.40-2.42;6.04-8.06,4-8;3-7;5-9;19-23;20-24,36-97;24-85;48-109;218-278;230-290,1.21-3.22;0.81-2.82;1.61-3.63;7.25-9.27;7.66-9.67,位置已映射（机器），已人工回看确认（2026-09-26）,,已人工确认（部分支持）,部分支持,部分支持,stage5-frozen-1/static_concat,85b67020f5a08d928ffc0534fb62c4f9ebba650759ecd6baf24c2c56ee9a5bdd
18,18.mp4,18.81,1,neutral,0.283654,0.514307,0.202038,-0.245325,0.110432,0.055049,0.072493,0.464051,0.231323,0.304627,0.150137,-0.106406,0.23599,文本,"pos29:denied(内容词,-0.0131);pos40:failed(内容词,-0.0125);pos35:fact(内容词,-0.0104);pos32:based(内容词,-0.0087);pos48:##l(内容词,+0.0069)",fishery has been denied msc certification based || the fishery has failed to reach an || based on the fact that the fishery || denied msc certification based on the fact || on mack ##ere ##l [SEP],38-42;2-6;39-43;40-44;3-7,14.50-16.46;0.39-2.35;14.89-16.85;15.28-17.24;0.78-2.74,26-30;43-47;18-22;42-46;27-31,294-353;494-553;200-259;482-541;306-364,9.80-11.76;16.46-18.42;6.66-8.62;16.07-18.03;10.19-12.15,位置已映射（机器），已人工回看确认（2026-09-26）,,已人工确认（支持）,人工回看支持,支持,stage5-frozen-1/static_concat,85b67020f5a08d928ffc0534fb62c4f9ebba650759ecd6baf24c2c56ee9a5bdd
19,19.mp4,13.68,2,positive,0.321022,0.148128,0.53085,0.230447,0.063992,0.148994,0.052311,0.24121,0.561612,0.197178,-0.044407,0.306417,0.098836,音频,"pos3:surprisingly(内容词,+0.0652);pos17:hate(内容词,-0.0448);pos35:most(功能词,+0.0348);pos2:are(功能词,+0.0302);pos29:imperfect(内容词,-0.0293)","people are surprisingly for ##giving brands || and unfortunately some hate ##rs out there || but for the most part , people || people are surprisingly for ##giving || jump all over imperfect ##ions , but",21-25;34-38;22-26;35-39;33-37,7.02-8.77;11.58-13.33;7.37-9.12;11.93-13.68;11.22-12.98,20-24;35-39;34-38;19-23;21-25,200-253;358-410;347-400;189-242;210-263,6.66-8.42;11.93-13.68;11.58-13.33;6.31-8.07;7.02-8.77,位置已映射（机器），已人工回看确认（2026-09-26）,,已人工确认（支持）,人工回看支持,支持,stage5-frozen-1/static_concat,85b67020f5a08d928ffc0534fb62c4f9ebba650759ecd6baf24c2c56ee9a5bdd
20,20.mp4,10.95,2,positive,0.012688,0.122484,0.864827,0.754994,0.391783,0.026764,0.037861,0.858405,0.05864,0.082955,0.562909,0.23274,0.138213,文本,"pos18:and(功能词,+0.0082);pos2:of(功能词,+0.0073);pos31:((内容词,-0.0054);pos34:up(功能词,-0.0049);pos14:video(内容词,-0.0048)","for more , and we ' ll || and of course , click || stock market video ( wrap - up || ( wrap - up ) at the || description of this video for more ,",39-43;36-40;13-17;14-18;37-41,9.68-10.95;8.91-10.19;3.06-4.33;3.31-4.58;9.17-10.44,13-17;14-18;15-19;16-20;17-21,92-130;99-138;107-145;115-153;122-160,3.06-4.33;3.31-4.58;3.57-4.84;3.82-5.09;4.07-5.35,位置已映射（机器），已人工回看确认（2026-09-26）,,已人工确认（不支持）,不支持,不支持,stage5-frozen-1/static_concat,85b67020f5a08d928ffc0534fb62c4f9ebba650759ecd6baf24c2c56ee9a5bdd
