sample_id,audio_spearman_shift-1,audio_spearman_shift+1,audio_top5_overlap_shift-1,audio_top5_overlap_shift+1,vision_spearman_shift-1,vision_spearman_shift+1,vision_top5_overlap_shift-1,vision_top5_overlap_shift+1,扰动σ0.01_符号一致率,扰动σ0.1_符号一致率,扰动σ0.5_符号一致率,扰动σ0.5_排名Spearman
-UacrmKiTn4$_$7,1.0,0.9255,1.0,0.8,1.0,0.8972,1.0,0.8,0.9998,0.9957,0.9679,0.9462
-qDkUB0GgYY$_$5,0.9999,0.9872,1.0,0.8,0.9999,0.9961,1.0,1.0,0.9998,0.9957,0.9679,0.9462
0utROiKxejc$_$1,1.0,1.0,1.0,1.0,1.0,0.979,1.0,1.0,0.9998,0.9957,0.9679,0.9462
0utROiKxejc$_$4,1.0,0.9778,1.0,1.0,1.0,1.0,1.0,1.0,0.9998,0.9957,0.9679,0.9462
0y022OlZ3W0$_$3,1.0,1.0,1.0,1.0,1.0,0.967,1.0,1.0,0.9998,0.9957,0.9679,0.9462
0y022OlZ3W0$_$5,1.0,1.0,1.0,1.0,1.0,0.9938,1.0,1.0,0.9998,0.9957,0.9679,0.9462
0y022OlZ3W0$_$8,1.0,0.8333,1.0,0.8,1.0,0.9833,1.0,0.8,0.9998,0.9957,0.9679,0.9462
101787$_$11,1.0,0.9343,1.0,1.0,1.0,0.9803,1.0,1.0,0.9998,0.9957,0.9679,0.9462
101787$_$13,1.0,0.925,1.0,0.8,1.0,0.9643,1.0,0.8,0.9998,0.9957,0.9679,0.9462
101787$_$1,1.0,0.8951,1.0,0.8,1.0,0.958,1.0,0.8,0.9998,0.9957,0.9679,0.9462
101787$_$5,1.0,0.9451,1.0,1.0,1.0,1.0,1.0,1.0,0.9998,0.9957,0.9679,0.9462
101787$_$7,1.0,1.0,,,1.0,1.0,,,0.9998,0.9957,0.9679,0.9462
101787$_$9,1.0,0.9893,1.0,1.0,1.0,0.9893,1.0,1.0,0.9998,0.9957,0.9679,0.9462
102408$_$2,1.0,0.5,,,1.0,0.5,,,0.9998,0.9957,0.9679,0.9462
102408$_$5,1.0,0.9923,1.0,1.0,1.0,0.93,1.0,0.8,0.9998,0.9957,0.9679,0.9462
102408$_$9,1.0,0.9654,1.0,1.0,1.0,0.9885,1.0,1.0,0.9998,0.9957,0.9679,0.9462
102858$_$20,1.0,0.9774,1.0,0.8,1.0,1.0,1.0,1.0,0.9998,0.9957,0.9679,0.9462
102858$_$21,1.0,0.9792,1.0,1.0,1.0,0.9229,1.0,1.0,0.9998,0.9957,0.9679,0.9462
102858$_$1,1.0,0.969,1.0,1.0,1.0,0.9257,1.0,0.8,0.9998,0.9957,0.9679,0.9462
102858$_$0,,,,,,,,,0.9998,0.9957,0.9679,0.9462
102858$_$4,0.9643,0.9996,1.0,1.0,0.9922,0.9611,1.0,1.0,0.9998,0.9957,0.9679,0.9462
102858$_$6,1.0,0.9255,1.0,1.0,1.0,0.9932,1.0,1.0,0.9998,0.9957,0.9679,0.9462
102858$_$10,1.0,0.9429,1.0,0.8,1.0,0.4286,1.0,0.8,0.9998,0.9957,0.9679,0.9462
102858$_$17,1.0,1.0,1.0,1.0,1.0,0.4,1.0,1.0,0.9998,0.9957,0.9679,0.9462
102858$_$19,1.0,0.9286,1.0,0.8,1.0,0.9286,1.0,0.8,0.9998,0.9957,0.9679,0.9462
112433$_$10,,,,,,,,,0.9998,0.9957,0.9679,0.9462
112433$_$3,1.0,0.9945,1.0,1.0,1.0,0.9573,1.0,1.0,0.9998,0.9957,0.9679,0.9462
112433$_$7,1.0,0.9,1.0,1.0,1.0,0.7,1.0,1.0,0.9998,0.9957,0.9679,0.9462
112433$_$6,1.0,0.9985,1.0,1.0,1.0,0.9684,1.0,0.8,0.9998,0.9957,0.9679,0.9462
117tQqLjza4$_$6,1.0,0.8091,1.0,0.8,1.0,0.9091,1.0,0.8,0.9998,0.9957,0.9679,0.9462
11j7EfglCAs$_$2,1.0,0.9684,1.0,1.0,1.0,0.6727,1.0,0.8,0.9998,0.9957,0.9679,0.9462
121128$_$10,1.0,0.9909,1.0,1.0,1.0,0.9091,1.0,0.8,0.9998,0.9957,0.9679,0.9462
121128$_$1,1.0,0.9577,1.0,1.0,1.0,0.9492,1.0,1.0,0.9998,0.9957,0.9679,0.9462
121128$_$0,1.0,1.0,1.0,0.8,1.0,1.0,1.0,1.0,0.9998,0.9957,0.9679,0.9462
121128$_$5,1.0,0.5,,,1.0,0.5,,,0.9998,0.9957,0.9679,0.9462
125344$_$0,0.9937,0.9979,1.0,1.0,1.0,1.0,1.0,1.0,0.9998,0.9957,0.9679,0.9462
125676$_$0,1.0,0.75,1.0,0.8,1.0,0.9,1.0,0.8,0.9998,0.9957,0.9679,0.9462
125676$_$4,1.0,1.0,1.0,1.0,1.0,0.9723,1.0,0.8,0.9998,0.9957,0.9679,0.9462
128059$_$11,1.0,0.9762,1.0,1.0,1.0,0.9798,1.0,1.0,0.9998,0.9957,0.9679,0.9462
128059$_$12,1.0,1.0,1.0,1.0,1.0,1.0,1.0,1.0,0.9998,0.9957,0.9679,0.9462
128059$_$2,1.0,0.9273,1.0,0.8,1.0,0.9273,1.0,0.8,0.9998,0.9957,0.9679,0.9462
128059$_$7,0.9961,0.9872,1.0,1.0,0.9732,0.9999,1.0,1.0,0.9998,0.9957,0.9679,0.9462
128059$_$6,0.9961,0.9784,1.0,0.8,0.9979,0.9922,1.0,1.0,0.9998,0.9957,0.9679,0.9462
128059$_$9,1.0,0.9938,1.0,0.8,1.0,0.9422,1.0,0.8,0.9998,0.9957,0.9679,0.9462
128763$_$12,1.0,0.9736,1.0,1.0,1.0,0.9868,1.0,1.0,0.9998,0.9957,0.9679,0.9462
128763$_$3,1.0,0.9985,1.0,1.0,1.0,0.9955,1.0,1.0,0.9998,0.9957,0.9679,0.9462
128763$_$2,1.0,0.8571,1.0,0.8,1.0,0.9286,1.0,0.8,0.9998,0.9957,0.9679,0.9462
128763$_$5,1.0,0.9429,1.0,0.8,1.0,1.0,1.0,1.0,0.9998,0.9957,0.9679,0.9462
128763$_$7,1.0,0.8951,1.0,0.8,1.0,0.958,1.0,0.8,0.9998,0.9957,0.9679,0.9462
128763$_$8,1.0,0.8,,,1.0,0.8,,,0.9998,0.9957,0.9679,0.9462
130456$_$11,1.0,0.9933,1.0,1.0,1.0,0.9755,1.0,1.0,0.9998,0.9957,0.9679,0.9462
130456$_$3,1.0,0.9964,1.0,1.0,1.0,0.9879,1.0,1.0,0.9998,0.9957,0.9679,0.9462
130456$_$5,1.0,1.0,1.0,1.0,1.0,0.7857,1.0,0.8,0.9998,0.9957,0.9679,0.9462
130456$_$4,1.0,0.9825,1.0,1.0,1.0,0.9825,1.0,0.8,0.9998,0.9957,0.9679,0.9462
130456$_$7,1.0,0.8,,,1.0,0.8,,,0.9998,0.9957,0.9679,0.9462
130456$_$6,1.0,0.9729,1.0,0.8,1.0,0.9951,1.0,1.0,0.9998,0.9957,0.9679,0.9462
188343$_$13,1.0,0.9801,1.0,1.0,1.0,0.9939,1.0,1.0,0.9998,0.9957,0.9679,0.9462
188343$_$12,1.0,0.9624,1.0,0.8,1.0,0.9754,1.0,1.0,0.9998,0.9957,0.9679,0.9462
188343$_$5,1.0,0.9382,1.0,1.0,1.0,0.9559,1.0,0.8,0.9998,0.9957,0.9679,0.9462
188343$_$9,1.0,0.9897,1.0,1.0,1.0,0.9856,1.0,1.0,0.9998,0.9957,0.9679,0.9462
188343$_$8,1.0,0.9632,1.0,1.0,1.0,0.9632,1.0,0.8,0.9998,0.9957,0.9679,0.9462
1HK7Nea0PFo$_$1,1.0,0.9176,1.0,0.8,1.0,0.9945,1.0,1.0,0.9998,0.9957,0.9679,0.9462
216097$_$1,1.0,0.9833,1.0,1.0,,,,,0.9998,0.9957,0.9679,0.9462
216097$_$2,1.0,0.9579,1.0,0.8,1.0,1.0,1.0,0.8,0.9998,0.9957,0.9679,0.9462
216097$_$5,1.0,1.0,1.0,1.0,1.0,0.9825,1.0,1.0,0.9998,0.9957,0.9679,0.9462
216097$_$4,1.0,0.9995,1.0,1.0,1.0,0.9816,1.0,0.8,0.9998,0.9957,0.9679,0.9462
216097$_$7,0.9907,0.997,1.0,1.0,1.0,0.9745,1.0,1.0,0.9998,0.9957,0.9679,0.9462
216097$_$8,1.0,0.8571,1.0,0.8,,,,,0.9998,0.9957,0.9679,0.9462
223431$_$11,1.0,0.999,1.0,1.0,1.0,0.9457,1.0,0.8,0.9998,0.9957,0.9679,0.9462
223431$_$10,1.0,0.9833,1.0,1.0,1.0,1.0,1.0,1.0,0.9998,0.9957,0.9679,0.9462
223431$_$13,1.0,0.9173,1.0,0.8,1.0,0.9985,1.0,1.0,0.9998,0.9957,0.9679,0.9462
223431$_$0,,,,,,,,,0.9998,0.9957,0.9679,0.9462
223431$_$5,1.0,0.967,1.0,0.8,1.0,0.9835,1.0,1.0,0.9998,0.9957,0.9679,0.9462
225770$_$3,0.9577,0.9872,1.0,1.0,0.9949,0.9643,1.0,0.8,0.9998,0.9957,0.9679,0.9462
225770$_$5,,,,,,,,,0.9998,0.9957,0.9679,0.9462
225770$_$4,1.0,0.9256,1.0,1.0,1.0,1.0,1.0,1.0,0.9998,0.9957,0.9679,0.9462
225770$_$6,1.0,0.9675,1.0,1.0,1.0,0.9926,1.0,1.0,0.9998,0.9957,0.9679,0.9462
236021$_$12,1.0,0.9286,1.0,0.8,1.0,0.9762,1.0,0.8,0.9998,0.9957,0.9679,0.9462
236021$_$1,1.0,0.9644,1.0,0.8,1.0,0.9941,1.0,1.0,0.9998,0.9957,0.9679,0.9462
236021$_$3,1.0,1.0,,,1.0,1.0,,,0.9998,0.9957,0.9679,0.9462
236021$_$2,0.9937,0.9831,1.0,1.0,0.9831,0.9922,0.8,1.0,0.9998,0.9957,0.9679,0.9462
236021$_$5,1.0,0.6727,1.0,0.8,1.0,0.9091,1.0,0.8,0.9998,0.9957,0.9679,0.9462
236021$_$4,0.9961,0.9999,1.0,1.0,0.9996,0.9937,1.0,1.0,0.9998,0.9957,0.9679,0.9462
237009$_$11,1.0,1.0,1.0,1.0,1.0,0.7,1.0,1.0,0.9998,0.9957,0.9679,0.9462
237009$_$12,1.0,1.0,1.0,1.0,1.0,0.9817,1.0,1.0,0.9998,0.9957,0.9679,0.9462
237009$_$4,1.0,0.9643,1.0,0.8,1.0,1.0,,,0.9998,0.9957,0.9679,0.9462
237009$_$7,1.0,1.0,,,1.0,0.8,,,0.9998,0.9957,0.9679,0.9462
237009$_$9,1.0,1.0,1.0,0.8,1.0,0.9762,1.0,1.0,0.9998,0.9957,0.9679,0.9462
241629$_$10,1.0,0.956,1.0,0.8,1.0,1.0,1.0,1.0,0.9998,0.9957,0.9679,0.9462
241629$_$0,1.0,1.0,1.0,1.0,1.0,0.9,1.0,0.8,0.9998,0.9957,0.9679,0.9462
241629$_$3,1.0,0.9948,1.0,1.0,1.0,0.9948,1.0,1.0,0.9998,0.9957,0.9679,0.9462
241629$_$5,1.0,0.9792,1.0,0.8,1.0,0.9901,1.0,0.8,0.9998,0.9957,0.9679,0.9462
241629$_$8,0.9831,0.989,1.0,1.0,0.9937,0.9996,1.0,1.0,0.9998,0.9957,0.9679,0.9462
243646$_$11,1.0,0.9893,1.0,1.0,1.0,0.8714,1.0,0.8,0.9998,0.9957,0.9679,0.9462
243646$_$12,0.9852,0.989,1.0,1.0,0.9986,0.9907,1.0,0.8,0.9998,0.9957,0.9679,0.9462
243646$_$9,,,,,,,,,0.9998,0.9957,0.9679,0.9462
243646$_$8,1.0,0.8571,1.0,0.8,1.0,0.9286,1.0,0.8,0.9998,0.9957,0.9679,0.9462
247318$_$12,1.0,0.9833,1.0,1.0,1.0,0.9833,1.0,1.0,0.9998,0.9957,0.9679,0.9462
247318$_$1,1.0,0.8951,1.0,0.8,1.0,0.993,1.0,0.8,0.9998,0.9957,0.9679,0.9462
247318$_$3,,,,,,,,,0.9998,0.9957,0.9679,0.9462
247318$_$2,1.0,1.0,1.0,1.0,1.0,0.9176,1.0,0.8,0.9998,0.9957,0.9679,0.9462
247318$_$5,1.0,0.9893,1.0,1.0,1.0,1.0,1.0,1.0,0.9998,0.9957,0.9679,0.9462
247318$_$7,,,,,,,,,0.9998,0.9957,0.9679,0.9462
247318$_$6,,,,,,,,,0.9998,0.9957,0.9679,0.9462
252998$_$1,1.0,0.956,1.0,1.0,1.0,0.9077,1.0,1.0,0.9998,0.9957,0.9679,0.9462
252998$_$0,1.0,0.8788,1.0,0.8,1.0,0.8182,1.0,0.8,0.9998,0.9957,0.9679,0.9462
252998$_$5,1.0,0.9716,1.0,1.0,1.0,0.9976,1.0,1.0,0.9998,0.9957,0.9679,0.9462
252998$_$4,0.9937,0.9467,1.0,1.0,0.9996,0.989,1.0,1.0,0.9998,0.9957,0.9679,0.9462
252998$_$7,1.0,0.9649,1.0,0.8,1.0,0.9467,1.0,0.8,0.9998,0.9957,0.9679,0.9462
252998$_$8,1.0,0.8929,1.0,0.8,1.0,0.8929,1.0,0.8,0.9998,0.9957,0.9679,0.9462
257247$_$10,1.0,0.8,,,1.0,0.4,,,0.9998,0.9957,0.9679,0.9462
257247$_$12,1.0,0.9893,1.0,1.0,1.0,0.9,1.0,0.8,0.9998,0.9957,0.9679,0.9462
257247$_$2,1.0,0.9736,1.0,1.0,1.0,0.9868,1.0,1.0,0.9998,0.9957,0.9679,0.9462
258654$_$1,0.9674,1.0,0.8,1.0,0.9979,0.9467,1.0,1.0,0.9998,0.9957,0.9679,0.9462
258654$_$3,1.0,0.9674,1.0,0.8,0.9937,0.9922,1.0,1.0,0.9998,0.9957,0.9679,0.9462
258654$_$4,1.0,0.9727,1.0,1.0,1.0,0.9091,1.0,1.0,0.9998,0.9957,0.9679,0.9462
266791$_$24,1.0,0.958,1.0,0.8,1.0,0.958,1.0,0.8,0.9998,0.9957,0.9679,0.9462
266791$_$20,1.0,0.9615,1.0,0.8,1.0,0.9835,1.0,0.8,0.9998,0.9957,0.9679,0.9462
266791$_$21,0.9808,0.9852,1.0,0.8,0.9996,0.9996,1.0,1.0,0.9998,0.9957,0.9679,0.9462
266791$_$23,1.0,0.9595,1.0,0.8,1.0,0.9595,1.0,1.0,0.9998,0.9957,0.9679,0.9462
266791$_$29,,,,,,,,,0.9998,0.9957,0.9679,0.9462
266791$_$3,1.0,0.9893,1.0,0.8,1.0,0.9643,1.0,0.8,0.9998,0.9957,0.9679,0.9462
266791$_$5,1.0,0.9343,1.0,0.8,1.0,0.9639,1.0,1.0,0.9998,0.9957,0.9679,0.9462
266791$_$4,1.0,1.0,1.0,0.8,1.0,1.0,1.0,1.0,0.9998,0.9957,0.9679,0.9462
266791$_$6,1.0,0.9798,1.0,1.0,1.0,0.9978,1.0,1.0,0.9998,0.9957,0.9679,0.9462
266791$_$8,1.0,0.6429,1.0,0.8,1.0,0.7857,1.0,0.8,0.9998,0.9957,0.9679,0.9462
266791$_$11,1.0,1.0,1.0,1.0,1.0,0.7857,1.0,0.8,0.9998,0.9957,0.9679,0.9462
266791$_$14,1.0,0.9887,1.0,1.0,1.0,0.9966,1.0,1.0,0.9998,0.9957,0.9679,0.9462
270254$_$23,1.0,0.967,1.0,1.0,1.0,0.9451,1.0,0.8,0.9998,0.9957,0.9679,0.9462
270254$_$0,1.0,0.9956,1.0,1.0,1.0,0.9868,1.0,1.0,0.9998,0.9957,0.9679,0.9462
270254$_$6,1.0,0.9803,1.0,0.8,1.0,0.9579,1.0,0.8,0.9998,0.9957,0.9679,0.9462
270254$_$8,1.0,0.9985,1.0,1.0,1.0,0.9579,1.0,0.8,0.9998,0.9957,0.9679,0.9462
270254$_$11,,,,,,,,,0.9998,0.9957,0.9679,0.9462
270254$_$14,1.0,0.8286,1.0,0.8,1.0,0.9429,1.0,0.8,0.9998,0.9957,0.9679,0.9462
270254$_$16,1.0,0.9455,1.0,0.8,1.0,0.9455,1.0,0.8,0.9998,0.9957,0.9679,0.9462
272624$_$10,0.9759,0.997,0.8,1.0,1.0,0.9674,1.0,0.8,0.9998,0.9957,0.9679,0.9462
272624$_$13,1.0,0.9489,1.0,0.8,1.0,0.9696,1.0,1.0,0.9998,0.9957,0.9679,0.9462
272624$_$12,1.0,0.9979,1.0,1.0,1.0,0.9794,1.0,1.0,0.9998,0.9957,0.9679,0.9462
272624$_$16,0.9542,0.9674,1.0,1.0,0.9784,1.0,1.0,1.0,0.9998,0.9957,0.9679,0.9462
272624$_$18,1.0,0.9989,1.0,1.0,1.0,0.9996,1.0,1.0,0.9998,0.9957,0.9679,0.9462
272624$_$2,1.0,0.9995,1.0,1.0,1.0,0.9998,1.0,1.0,0.9998,0.9957,0.9679,0.9462
272624$_$6,1.0,0.9855,1.0,0.8,1.0,0.9855,1.0,0.8,0.9998,0.9957,0.9679,0.9462
272624$_$9,1.0,0.9991,1.0,1.0,1.0,0.9769,1.0,0.8,0.9998,0.9957,0.9679,0.9462
272624$_$8,1.0,0.9889,1.0,1.0,1.0,0.9654,1.0,0.8,0.9998,0.9957,0.9679,0.9462
273539$_$3,1.0,0.9692,1.0,0.8,1.0,0.907,1.0,0.8,0.9998,0.9957,0.9679,0.9462
273539$_$2,,,,,,,,,0.9998,0.9957,0.9679,0.9462
273539$_$9,1.0,0.9723,1.0,0.8,1.0,0.966,1.0,0.8,0.9998,0.9957,0.9679,0.9462
290546$_$3,1.0,0.9509,1.0,0.8,1.0,0.9895,1.0,1.0,0.9998,0.9957,0.9679,0.9462
290546$_$5,1.0,0.9729,1.0,0.8,1.0,0.9823,1.0,1.0,0.9998,0.9957,0.9679,0.9462
290546$_$7,0.9992,1.0,1.0,1.0,0.9808,0.9961,1.0,1.0,0.9998,0.9957,0.9679,0.9462
290546$_$6,1.0,1.0,,,1.0,1.0,,,0.9998,0.9957,0.9679,0.9462
2S00zYaVrtc$_$10,1.0,0.9868,1.0,0.8,1.0,0.9956,1.0,1.0,0.9998,0.9957,0.9679,0.9462
2S00zYaVrtc$_$12,1.0,0.9945,1.0,1.0,1.0,0.9451,1.0,1.0,0.9998,0.9957,0.9679,0.9462
2S00zYaVrtc$_$20,1.0,0.993,1.0,1.0,1.0,0.8042,1.0,0.8,0.9998,0.9957,0.9679,0.9462
2S00zYaVrtc$_$17,1.0,0.8418,1.0,0.8,1.0,0.9736,1.0,0.8,0.9998,0.9957,0.9679,0.9462
2S00zYaVrtc$_$5,1.0,0.9416,1.0,0.8,1.0,1.0,1.0,1.0,0.9998,0.9957,0.9679,0.9462
2S00zYaVrtc$_$4,1.0,0.8676,1.0,0.8,1.0,0.9971,1.0,0.8,0.9998,0.9957,0.9679,0.9462
2Xt31_d0XEE$_$2,1.0,0.9323,1.0,0.8,1.0,0.9323,1.0,1.0,0.9998,0.9957,0.9679,0.9462
31474$_$11,1.0,1.0,,,1.0,1.0,,,0.9998,0.9957,0.9679,0.9462
31474$_$14,1.0,0.979,1.0,0.8,1.0,0.979,1.0,0.8,0.9998,0.9957,0.9679,0.9462
31474$_$0,1.0,0.9509,1.0,1.0,1.0,0.8842,1.0,1.0,0.9998,0.9957,0.9679,0.9462
31474$_$3,1.0,0.9727,1.0,0.8,1.0,0.9416,1.0,0.8,0.9998,0.9957,0.9679,0.9462
31474$_$6,1.0,0.993,1.0,0.8,1.0,0.958,1.0,0.8,0.9998,0.9957,0.9679,0.9462
31474$_$9,1.0,1.0,,,1.0,1.0,,,0.9998,0.9957,0.9679,0.9462
31474$_$8,1.0,1.0,,,1.0,0.8,,,0.9998,0.9957,0.9679,0.9462
32681$_$1,1.0,0.9975,1.0,1.0,1.0,0.9485,1.0,1.0,0.9998,0.9957,0.9679,0.9462
32681$_$3,1.0,0.9664,1.0,1.0,1.0,0.9874,1.0,0.8,0.9998,0.9957,0.9679,0.9462
32681$_$5,1.0,1.0,1.0,1.0,1.0,0.9468,1.0,0.8,0.9998,0.9957,0.9679,0.9462
32681$_$6,1.0,0.9609,1.0,1.0,1.0,0.9913,1.0,0.8,0.9998,0.9957,0.9679,0.9462
33170$_$1,0.9922,0.9907,1.0,1.0,0.9784,0.9759,1.0,0.8,0.9998,0.9957,0.9679,0.9462
33170$_$3,1.0,0.9973,1.0,1.0,1.0,0.9956,1.0,0.8,0.9998,0.9957,0.9679,0.9462
33170$_$4,1.0,0.9778,1.0,1.0,1.0,0.9926,1.0,1.0,0.9998,0.9957,0.9679,0.9462
3MFNIag0wNE$_$12,0.9784,0.9808,1.0,1.0,0.9784,0.9704,1.0,0.8,0.9998,0.9957,0.9679,0.9462
3MFNIag0wNE$_$14,1.0,0.9951,1.0,1.0,1.0,0.9985,1.0,1.0,0.9998,0.9957,0.9679,0.9462
3MFNIag0wNE$_$16,1.0,0.969,1.0,0.8,1.0,1.0,1.0,1.0,0.9998,0.9957,0.9679,0.9462
3MFNIag0wNE$_$7,1.0,0.925,1.0,0.8,1.0,0.9893,1.0,1.0,0.9998,0.9957,0.9679,0.9462
3V2qm0rw920$_$11,1.0,1.0,1.0,1.0,1.0,0.9706,1.0,1.0,0.9998,0.9957,0.9679,0.9462
3V2qm0rw920$_$13,1.0,0.9977,1.0,1.0,1.0,0.9654,1.0,0.8,0.9998,0.9957,0.9679,0.9462
3V2qm0rw920$_$3,1.0,0.8636,1.0,0.8,1.0,0.6727,1.0,0.8,0.9998,0.9957,0.9679,0.9462
3j94B0pzSVs$_$12,1.0,0.9762,1.0,0.8,1.0,1.0,1.0,1.0,0.9998,0.9957,0.9679,0.9462
3j94B0pzSVs$_$17,1.0,0.9876,1.0,0.8,1.0,0.9567,1.0,0.8,0.9998,0.9957,0.9679,0.9462
3j94B0pzSVs$_$1,1.0,0.984,1.0,0.8,1.0,0.9319,1.0,1.0,0.9998,0.9957,0.9679,0.9462
3j94B0pzSVs$_$0,1.0,0.955,1.0,1.0,1.0,0.9283,1.0,1.0,0.9998,0.9957,0.9679,0.9462
4cFeG2ydm9A$_$8,1.0,0.958,1.0,0.8,1.0,0.958,1.0,0.8,0.9998,0.9957,0.9679,0.9462
4dV3slGSc60$_$10,1.0,0.9938,1.0,1.0,1.0,0.9876,1.0,1.0,0.9998,0.9957,0.9679,0.9462
4dV3slGSc60$_$12,1.0,0.9559,1.0,1.0,1.0,0.9706,1.0,1.0,0.9998,0.9957,0.9679,0.9462
4dV3slGSc60$_$22,0.997,0.9992,1.0,1.0,,,,,0.9998,0.9957,0.9679,0.9462
4dV3slGSc60$_$9,1.0,0.9824,1.0,1.0,1.0,0.9912,1.0,1.0,0.9998,0.9957,0.9679,0.9462
4dV3slGSc60$_$8,1.0,0.9579,1.0,0.8,1.0,0.9774,1.0,0.8,0.9998,0.9957,0.9679,0.9462
50103$_$3,1.0,0.9817,1.0,0.8,1.0,0.9733,1.0,1.0,0.9998,0.9957,0.9679,0.9462
5B0PQx3Ep3k$_$5,1.0,0.9687,1.0,0.8,1.0,0.9426,1.0,0.8,0.9998,0.9957,0.9679,0.9462
5O1W39o56gg$_$1,1.0,0.9879,1.0,1.0,1.0,0.7455,1.0,0.8,0.9998,0.9957,0.9679,0.9462
5O1W39o56gg$_$2,1.0,0.993,1.0,1.0,1.0,0.9301,1.0,1.0,0.9998,0.9957,0.9679,0.9462
5O1W39o56gg$_$9,1.0,0.9909,1.0,1.0,1.0,0.9727,1.0,1.0,0.9998,0.9957,0.9679,0.9462
5i6AgQSjXO4$_$3,1.0,0.9893,1.0,1.0,1.0,1.0,1.0,1.0,0.9998,0.9957,0.9679,0.9462
5i6AgQSjXO4$_$2,1.0,0.9991,1.0,1.0,1.0,1.0,1.0,1.0,0.9998,0.9957,0.9679,0.9462
5i6AgQSjXO4$_$6,1.0,0.9,1.0,1.0,1.0,0.7,1.0,1.0,0.9998,0.9957,0.9679,0.9462
5kaCGzjYukM$_$0,1.0,0.9933,1.0,1.0,1.0,0.9706,1.0,1.0,0.9998,0.9957,0.9679,0.9462
5kaCGzjYukM$_$3,1.0,0.9555,1.0,1.0,1.0,0.999,1.0,1.0,0.9998,0.9957,0.9679,0.9462
5kaCGzjYukM$_$2,1.0,0.9897,1.0,1.0,1.0,0.9868,1.0,1.0,0.9998,0.9957,0.9679,0.9462
5kaCGzjYukM$_$5,1.0,0.9945,1.0,1.0,1.0,1.0,1.0,1.0,0.9998,0.9957,0.9679,0.9462
5kaCGzjYukM$_$7,0.9907,0.9759,1.0,0.8,0.9852,0.9784,1.0,0.8,0.9998,0.9957,0.9679,0.9462
6KvG5VbLalY$_$9,1.0,0.995,1.0,1.0,1.0,0.988,1.0,1.0,0.9998,0.9957,0.9679,0.9462
6ZA8I83x-oY$_$0,1.0,0.9895,1.0,0.8,1.0,0.9737,1.0,1.0,0.9998,0.9957,0.9679,0.9462
6ZA8I83x-oY$_$2,0.9674,1.0,1.0,1.0,0.9949,0.9852,1.0,1.0,0.9998,0.9957,0.9679,0.9462
6hFiTU77Sm0$_$1,1.0,0.9879,1.0,1.0,1.0,0.9636,1.0,0.8,0.9998,0.9957,0.9679,0.9462
6hFiTU77Sm0$_$2,1.0,0.958,1.0,0.8,1.0,0.8531,1.0,0.8,0.9998,0.9957,0.9679,0.9462
6uPGcKTpC4I$_$1,1.0,0.9901,1.0,1.0,1.0,0.9723,1.0,1.0,0.9998,0.9957,0.9679,0.9462
6uPGcKTpC4I$_$2,1.0,0.9963,1.0,1.0,1.0,0.9963,1.0,1.0,0.9998,0.9957,0.9679,0.9462
6uPGcKTpC4I$_$6,1.0,0.8042,1.0,0.8,1.0,0.993,1.0,1.0,0.9998,0.9957,0.9679,0.9462
70280$_$11,1.0,0.9895,1.0,1.0,1.0,0.9895,1.0,1.0,0.9998,0.9957,0.9679,0.9462
70280$_$3,1.0,0.9922,1.0,1.0,1.0,0.8987,1.0,0.8,0.9998,0.9957,0.9679,0.9462
70280$_$4,1.0,0.9982,1.0,1.0,1.0,0.9737,1.0,1.0,0.9998,0.9957,0.9679,0.9462
70280$_$6,1.0,1.0,1.0,1.0,1.0,0.9593,1.0,0.8,0.9998,0.9957,0.9679,0.9462
75RGHaxmUK8$_$3,1.0,0.9786,1.0,1.0,1.0,0.9643,1.0,0.8,0.9998,0.9957,0.9679,0.9462
75RGHaxmUK8$_$5,1.0,1.0,1.0,1.0,1.0,0.9833,1.0,0.8,0.9998,0.9957,0.9679,0.9462
7_K3F-lAv1k$_$2,1.0,0.9909,1.0,1.0,1.0,0.998,1.0,1.0,0.9998,0.9957,0.9679,0.9462
7r4vRxKLFCA$_$6,1.0,0.9649,1.0,1.0,1.0,0.998,1.0,1.0,0.9998,0.9957,0.9679,0.9462
80566$_$1,1.0,1.0,1.0,1.0,1.0,0.5,,,0.9998,0.9957,0.9679,0.9462
80566$_$0,1.0,0.8571,1.0,0.8,1.0,0.8571,1.0,0.8,0.9998,0.9957,0.9679,0.9462
80566$_$3,1.0,0.967,1.0,0.8,1.0,0.9176,1.0,0.8,0.9998,0.9957,0.9679,0.9462
80566$_$2,1.0,0.9879,1.0,0.8,1.0,0.9879,1.0,1.0,0.9998,0.9957,0.9679,0.9462
80566$_$4,1.0,1.0,,,1.0,1.0,,,0.9998,0.9957,0.9679,0.9462
80566$_$6,1.0,0.9835,1.0,0.8,1.0,0.9176,1.0,1.0,0.9998,0.9957,0.9679,0.9462
80855$_$11,1.0,0.9727,1.0,0.8,1.0,0.9909,1.0,1.0,0.9998,0.9957,0.9679,0.9462
80855$_$10,1.0,0.9176,1.0,0.8,1.0,0.9176,1.0,0.8,0.9998,0.9957,0.9679,0.9462
80855$_$12,1.0,0.8896,1.0,1.0,1.0,0.9853,1.0,0.8,0.9998,0.9957,0.9679,0.9462
80855$_$15,1.0,0.9464,1.0,0.8,,,,,0.9998,0.9957,0.9679,0.9462
80855$_$17,1.0,0.9467,1.0,0.8,1.0,0.993,1.0,1.0,0.9998,0.9957,0.9679,0.9462
80855$_$0,,,,,,,,,0.9998,0.9957,0.9679,0.9462
80855$_$3,,,,,,,,,0.9998,0.9957,0.9679,0.9462
80855$_$2,,,,,,,,,0.9998,0.9957,0.9679,0.9462
80855$_$7,1.0,0.5,,,1.0,1.0,,,0.9998,0.9957,0.9679,0.9462
80855$_$20,1.0,0.958,1.0,0.8,1.0,0.979,1.0,0.8,0.9998,0.9957,0.9679,0.9462
830KzUc6CbU$_$0,1.0,1.0,1.0,1.0,1.0,0.9341,1.0,1.0,0.9998,0.9957,0.9679,0.9462
830KzUc6CbU$_$13,1.0,0.9977,1.0,1.0,1.0,0.9778,1.0,1.0,0.9998,0.9957,0.9679,0.9462
84140$_$0,1.0,0.9567,1.0,0.8,1.0,0.9567,1.0,0.8,0.9998,0.9957,0.9679,0.9462
84140$_$5,0.9907,0.9759,1.0,1.0,0.9949,0.9996,1.0,1.0,0.9998,0.9957,0.9679,0.9462
89835$_$1,1.0,0.956,1.0,0.8,1.0,0.9956,1.0,1.0,0.9998,0.9957,0.9679,0.9462
89835$_$0,1.0,0.95,1.0,0.8,1.0,1.0,1.0,1.0,0.9998,0.9957,0.9679,0.9462
89835$_$4,0.9674,0.9808,0.8,1.0,0.9872,0.997,1.0,1.0,0.9998,0.9957,0.9679,0.9462
89835$_$7,1.0,0.9716,1.0,0.8,1.0,0.9998,1.0,1.0,0.9998,0.9957,0.9679,0.9462
8eaYvALnJ0o$_$1,1.0,0.9985,1.0,1.0,1.0,0.9985,1.0,1.0,0.9998,0.9957,0.9679,0.9462
8eaYvALnJ0o$_$0,1.0,0.9636,1.0,1.0,1.0,0.8182,1.0,0.8,0.9998,0.9957,0.9679,0.9462
8x_nCOh6Wmc$_$6,1.0,0.9968,1.0,1.0,1.0,0.9991,1.0,1.0,0.9998,0.9957,0.9679,0.9462
96642$_$1,1.0,1.0,1.0,1.0,1.0,0.9532,1.0,0.8,0.9998,0.9957,0.9679,0.9462
96642$_$3,1.0,0.9835,1.0,0.8,,,,,0.9998,0.9957,0.9679,0.9462
96642$_$2,1.0,1.0,1.0,1.0,1.0,1.0,1.0,1.0,0.9998,0.9957,0.9679,0.9462
96642$_$4,1.0,0.9988,1.0,1.0,1.0,0.9993,1.0,1.0,0.9998,0.9957,0.9679,0.9462
99501$_$10,1.0,0.9632,1.0,0.8,1.0,1.0,1.0,1.0,0.9998,0.9957,0.9679,0.9462
99501$_$13,1.0,0.9679,1.0,1.0,1.0,0.989,1.0,1.0,0.9998,0.9957,0.9679,0.9462
99501$_$1,1.0,0.9341,1.0,0.8,1.0,0.956,1.0,0.8,0.9998,0.9957,0.9679,0.9462
99501$_$0,,,,,,,,,0.9998,0.9957,0.9679,0.9462
99501$_$5,1.0,0.9815,1.0,1.0,1.0,0.9706,1.0,0.8,0.9998,0.9957,0.9679,0.9462
99501$_$7,1.0,1.0,1.0,1.0,1.0,0.9956,1.0,1.0,0.9998,0.9957,0.9679,0.9462
9QI-9w_VdB4$_$0,1.0,0.9323,1.0,1.0,1.0,0.9579,1.0,0.8,0.9998,0.9957,0.9679,0.9462
AG5EY8ZaFj4$_$3,1.0,0.9835,1.0,0.8,1.0,0.967,1.0,1.0,0.9998,0.9957,0.9679,0.9462
AG5EY8ZaFj4$_$15,1.0,0.9966,1.0,1.0,1.0,0.9831,1.0,1.0,0.9998,0.9957,0.9679,0.9462
Arh2TKRi_mg$_$15,1.0,0.9825,1.0,1.0,1.0,0.9947,1.0,1.0,0.9998,0.9957,0.9679,0.9462
Arh2TKRi_mg$_$14,1.0,0.9422,1.0,0.8,1.0,0.9876,1.0,1.0,0.9998,0.9957,0.9679,0.9462
Arh2TKRi_mg$_$16,1.0,0.9984,1.0,1.0,1.0,0.9502,1.0,1.0,0.9998,0.9957,0.9679,0.9462
Arh2TKRi_mg$_$19,1.0,0.9926,1.0,0.8,1.0,0.9632,1.0,0.8,0.9998,0.9957,0.9679,0.9462
Arh2TKRi_mg$_$32,1.0,0.9913,1.0,1.0,1.0,0.9687,1.0,0.8,0.9998,0.9957,0.9679,0.9462
Arh2TKRi_mg$_$28,1.0,0.8951,1.0,0.8,1.0,0.993,1.0,1.0,0.9998,0.9957,0.9679,0.9462
Arh2TKRi_mg$_$3,1.0,0.9573,1.0,1.0,1.0,0.9847,1.0,1.0,0.9998,0.9957,0.9679,0.9462
AxNy9TeTLq8$_$0,1.0,0.9991,1.0,1.0,1.0,0.9832,1.0,0.8,0.9998,0.9957,0.9679,0.9462
BSKAHXFYF_I$_$1,1.0,0.95,1.0,0.8,1.0,1.0,1.0,1.0,0.9998,0.9957,0.9679,0.9462
BSKAHXFYF_I$_$3,1.0,0.9847,1.0,1.0,,,,,0.9998,0.9957,0.9679,0.9462
BSKAHXFYF_I$_$7,1.0,0.9636,1.0,0.8,,,,,0.9998,0.9957,0.9679,0.9462
BSKAHXFYF_I$_$8,1.0,1.0,1.0,1.0,1.0,0.8951,1.0,0.8,0.9998,0.9957,0.9679,0.9462
Baz0VVQ-E9E$_$10,1.0,0.9,1.0,1.0,1.0,0.9,1.0,1.0,0.9998,0.9957,0.9679,0.9462
Baz0VVQ-E9E$_$1,1.0,1.0,1.0,1.0,1.0,1.0,1.0,1.0,0.9998,0.9957,0.9679,0.9462
Baz0VVQ-E9E$_$5,1.0,1.0,,,1.0,1.0,,,0.9998,0.9957,0.9679,0.9462
Baz0VVQ-E9E$_$7,1.0,0.9956,1.0,1.0,1.0,0.8418,1.0,0.8,0.9998,0.9957,0.9679,0.9462
CJGuudyvA0Y$_$4,1.0,0.9874,1.0,1.0,1.0,0.9786,1.0,0.8,0.9998,0.9957,0.9679,0.9462
CPjbogfLHR4$_$2,1.0,0.979,1.0,1.0,1.0,0.993,1.0,1.0,0.9998,0.9957,0.9679,0.9462
CPjbogfLHR4$_$5,1.0,1.0,1.0,1.0,1.0,0.9577,1.0,0.8,0.9998,0.9957,0.9679,0.9462
DdUJojoFU_c$_$11,1.0,0.9579,1.0,0.8,1.0,0.9955,1.0,0.8,0.9998,0.9957,0.9679,0.9462
DdUJojoFU_c$_$15,1.0,0.9783,1.0,0.8,1.0,0.9577,1.0,0.8,0.9998,0.9957,0.9679,0.9462
DdUJojoFU_c$_$14,1.0,0.9895,1.0,1.0,1.0,1.0,1.0,1.0,0.9998,0.9957,0.9679,0.9462
DdUJojoFU_c$_$17,1.0,0.9824,1.0,0.8,1.0,0.9879,1.0,1.0,0.9998,0.9957,0.9679,0.9462
DdUJojoFU_c$_$16,1.0,0.9781,1.0,0.8,1.0,0.9997,1.0,1.0,0.9998,0.9957,0.9679,0.9462
DdUJojoFU_c$_$2,1.0,0.9994,1.0,1.0,1.0,0.9829,1.0,0.8,0.9998,0.9957,0.9679,0.9462
DdUJojoFU_c$_$6,1.0,1.0,1.0,1.0,1.0,0.9967,1.0,1.0,0.9998,0.9957,0.9679,0.9462
DdUJojoFU_c$_$8,1.0,0.9522,1.0,1.0,1.0,0.987,1.0,1.0,0.9998,0.9957,0.9679,0.9462
DlbYiwOnTyk$_$1,1.0,0.8941,1.0,0.8,1.0,0.9559,1.0,0.8,0.9998,0.9957,0.9679,0.9462
E8MuzHUhUHk$_$15,1.0,0.979,1.0,0.8,1.0,0.958,1.0,0.8,0.9998,0.9957,0.9679,0.9462
E8MuzHUhUHk$_$14,1.0,1.0,1.0,1.0,1.0,0.956,1.0,1.0,0.9998,0.9957,0.9679,0.9462
E8MuzHUhUHk$_$16,1.0,0.9692,1.0,1.0,1.0,0.9856,1.0,1.0,0.9998,0.9957,0.9679,0.9462
E8MuzHUhUHk$_$2,1.0,0.9593,1.0,1.0,1.0,0.9684,1.0,1.0,0.9998,0.9957,0.9679,0.9462
E8MuzHUhUHk$_$9,1.0,0.9532,1.0,0.8,1.0,0.987,1.0,1.0,0.9998,0.9957,0.9679,0.9462
EEjCkc82oyk$_$7,1.0,0.969,1.0,0.8,1.0,0.9979,1.0,1.0,0.9998,0.9957,0.9679,0.9462
EEjCkc82oyk$_$9,1.0,0.9755,1.0,0.8,1.0,0.6429,1.0,0.8,0.9998,0.9957,0.9679,0.9462
EQxkXiWAm08$_$8,1.0,0.75,1.0,0.8,1.0,1.0,1.0,0.8,0.9998,0.9957,0.9679,0.9462
ET1cU5_A2YM$_$1,1.0,0.9985,1.0,1.0,1.0,0.9459,1.0,0.8,0.9998,0.9957,0.9679,0.9462
ET1cU5_A2YM$_$3,1.0,0.95,1.0,0.8,1.0,0.9833,1.0,0.8,0.9998,0.9957,0.9679,0.9462
ET1cU5_A2YM$_$6,1.0,0.9559,1.0,0.8,1.0,0.9971,1.0,1.0,0.9998,0.9957,0.9679,0.9462
EmmuWoCUgXs$_$22,1.0,0.9727,1.0,1.0,1.0,0.9455,1.0,1.0,0.9998,0.9957,0.9679,0.9462
EmmuWoCUgXs$_$7,1.0,0.984,1.0,0.8,1.0,0.9973,1.0,1.0,0.9998,0.9957,0.9679,0.9462
Es9MkKsMsjU$_$10,1.0,0.9893,1.0,1.0,1.0,0.9964,1.0,1.0,0.9998,0.9957,0.9679,0.9462
Es9MkKsMsjU$_$12,1.0,0.9945,1.0,1.0,1.0,0.9996,1.0,1.0,0.9998,0.9957,0.9679,0.9462
Es9MkKsMsjU$_$2,1.0,0.9866,1.0,0.8,1.0,0.9994,1.0,1.0,0.9998,0.9957,0.9679,0.9462
Es9MkKsMsjU$_$7,1.0,0.9963,1.0,1.0,1.0,0.9835,1.0,1.0,0.9998,0.9957,0.9679,0.9462
Ezn3p5FWF_U$_$4,1.0,0.9669,1.0,1.0,1.0,0.9915,1.0,1.0,0.9998,0.9957,0.9679,0.9462
F1U26PLiXjM$_$1,1.0,0.9485,1.0,1.0,1.0,0.9975,1.0,1.0,0.9998,0.9957,0.9679,0.9462
F6JV-K840EY$_$2,1.0,0.9912,1.0,0.8,1.0,0.9971,1.0,1.0,0.9998,0.9957,0.9679,0.9462
FB_b1dm0SRY$_$10,1.0,0.9932,1.0,0.8,1.0,0.9684,1.0,1.0,0.9998,0.9957,0.9679,0.9462
FB_b1dm0SRY$_$0,1.0,0.9831,1.0,1.0,1.0,0.9763,1.0,1.0,0.9998,0.9957,0.9679,0.9462
FB_b1dm0SRY$_$6,1.0,0.95,1.0,1.0,1.0,0.9833,1.0,0.8,0.9998,0.9957,0.9679,0.9462
FB_b1dm0SRY$_$9,1.0,0.9817,1.0,1.0,1.0,0.9991,1.0,1.0,0.9998,0.9957,0.9679,0.9462
FB_b1dm0SRY$_$8,1.0,0.9971,1.0,1.0,1.0,0.9559,1.0,1.0,0.9998,0.9957,0.9679,0.9462
FxxJB8hBpyQ$_$1,1.0,0.9632,1.0,1.0,1.0,0.9975,1.0,1.0,0.9998,0.9957,0.9679,0.9462
Fy0Uid9afM8$_$0,1.0,0.9077,1.0,0.8,1.0,0.9956,1.0,1.0,0.9998,0.9957,0.9679,0.9462
Fy0Uid9afM8$_$3,1.0,0.9893,1.0,1.0,1.0,0.9643,1.0,0.8,0.9998,0.9957,0.9679,0.9462
Fy0Uid9afM8$_$5,1.0,0.9632,1.0,0.8,,,,,0.9998,0.9957,0.9679,0.9462
Fy0Uid9afM8$_$4,1.0,0.9,1.0,1.0,1.0,0.7,1.0,1.0,0.9998,0.9957,0.9679,0.9462
H1DpVwktfDQ$_$0,1.0,1.0,1.0,1.0,,,,,0.9998,0.9957,0.9679,0.9462
HGicRLwgtkM$_$1,1.0,0.996,1.0,1.0,,,,,0.9998,0.9957,0.9679,0.9462
HGicRLwgtkM$_$3,1.0,0.9887,1.0,1.0,1.0,0.9684,1.0,0.8,0.9998,0.9957,0.9679,0.9462
HGicRLwgtkM$_$2,1.0,1.0,1.0,1.0,1.0,0.9211,1.0,0.8,0.9998,0.9957,0.9679,0.9462
HGicRLwgtkM$_$6,1.0,0.9755,1.0,1.0,,,,,0.9998,0.9957,0.9679,0.9462
HmXXW45eZL4$_$1,1.0,0.9893,1.0,1.0,1.0,0.9995,1.0,1.0,0.9998,0.9957,0.9679,0.9462
HmXXW45eZL4$_$4,1.0,0.9341,1.0,0.8,1.0,0.956,1.0,0.8,0.9998,0.9957,0.9679,0.9462
IM6HW1HwHhM$_$11,1.0,0.9987,1.0,1.0,1.0,0.9961,1.0,1.0,0.9998,0.9957,0.9679,0.9462
IM6HW1HwHhM$_$15,1.0,0.9643,1.0,0.8,1.0,0.9643,1.0,0.8,0.9998,0.9957,0.9679,0.9462
IM6HW1HwHhM$_$17,1.0,0.9727,1.0,0.8,1.0,0.9727,1.0,1.0,0.9998,0.9957,0.9679,0.9462
IUmxJNs2zaY$_$3,1.0,0.9984,1.0,1.0,1.0,0.9984,1.0,1.0,0.9998,0.9957,0.9679,0.9462
IUmxJNs2zaY$_$2,1.0,0.9464,1.0,1.0,1.0,0.9464,1.0,0.8,0.9998,0.9957,0.9679,0.9462
JAnRCQ9A0vI$_$1,0.9949,0.9937,1.0,1.0,,,,,0.9998,0.9957,0.9679,0.9462
JAnRCQ9A0vI$_$0,1.0,0.9429,1.0,0.8,1.0,0.6571,1.0,0.8,0.9998,0.9957,0.9679,0.9462
JAnRCQ9A0vI$_$3,1.0,0.9864,1.0,1.0,1.0,0.9791,1.0,1.0,0.9998,0.9957,0.9679,0.9462
JAnRCQ9A0vI$_$2,0.9759,0.9986,1.0,1.0,0.9996,0.9922,1.0,1.0,0.9998,0.9957,0.9679,0.9462
JAnRCQ9A0vI$_$5,1.0,0.987,1.0,1.0,,,,,0.9998,0.9957,0.9679,0.9462
JAnRCQ9A0vI$_$4,1.0,0.9879,1.0,0.8,1.0,0.9636,1.0,0.8,0.9998,0.9957,0.9679,0.9462
JAnRCQ9A0vI$_$8,0.9872,0.9643,1.0,1.0,0.997,0.997,1.0,1.0,0.9998,0.9957,0.9679,0.9462
JOK1SSmPtFw$_$10,1.0,1.0,1.0,1.0,1.0,0.9176,1.0,0.8,0.9998,0.9957,0.9679,0.9462
JOK1SSmPtFw$_$13,1.0,0.9736,1.0,0.8,1.0,0.9341,1.0,0.8,0.9998,0.9957,0.9679,0.9462
JOK1SSmPtFw$_$14,1.0,0.9909,1.0,0.8,1.0,0.9091,1.0,0.8,0.9998,0.9957,0.9679,0.9462
JOK1SSmPtFw$_$16,1.0,0.9455,1.0,1.0,1.0,0.9455,1.0,1.0,0.9998,0.9957,0.9679,0.9462
JOK1SSmPtFw$_$0,0.9986,0.9732,1.0,0.8,0.9986,0.989,1.0,1.0,0.9998,0.9957,0.9679,0.9462
JOK1SSmPtFw$_$5,1.0,0.9932,1.0,1.0,1.0,0.9932,1.0,1.0,0.9998,0.9957,0.9679,0.9462
JOK1SSmPtFw$_$4,1.0,1.0,1.0,1.0,1.0,0.9762,1.0,1.0,0.9998,0.9957,0.9679,0.9462
JOK1SSmPtFw$_$8,1.0,0.9636,1.0,0.8,1.0,0.9879,1.0,0.8,0.9998,0.9957,0.9679,0.9462
JPT38CA3sGI$_$1,1.0,0.956,1.0,0.8,1.0,0.8022,1.0,0.8,0.9998,0.9957,0.9679,0.9462
JPT38CA3sGI$_$0,1.0,0.958,1.0,1.0,1.0,0.9301,1.0,1.0,0.9998,0.9957,0.9679,0.9462
JPT38CA3sGI$_$5,1.0,0.993,1.0,1.0,,,,,0.9998,0.9957,0.9679,0.9462
JVpF99zuQhA$_$0,1.0,0.9567,1.0,1.0,1.0,0.9979,1.0,1.0,0.9998,0.9957,0.9679,0.9462
JVpF99zuQhA$_$2,1.0,0.9644,1.0,0.8,1.0,0.9792,1.0,0.8,0.9998,0.9957,0.9679,0.9462
JVpF99zuQhA$_$4,1.0,0.8091,1.0,0.8,1.0,0.9727,1.0,1.0,0.9998,0.9957,0.9679,0.9462
K0m1tO3Ybyc$_$15,1.0,0.9273,1.0,0.8,1.0,0.9879,1.0,0.8,0.9998,0.9957,0.9679,0.9462
K0m1tO3Ybyc$_$8,1.0,0.9754,1.0,0.8,1.0,0.9885,1.0,1.0,0.9998,0.9957,0.9679,0.9462
K8gp7ncdUl8$_$5,1.0,0.9976,1.0,1.0,1.0,0.9855,1.0,0.8,0.9998,0.9957,0.9679,0.9462
KDjl2exStlI$_$10,1.0,0.9909,1.0,1.0,1.0,0.9909,1.0,1.0,0.9998,0.9957,0.9679,0.9462
KDjl2exStlI$_$13,1.0,0.9273,1.0,0.8,1.0,0.9636,1.0,1.0,0.9998,0.9957,0.9679,0.9462
KDjl2exStlI$_$5,1.0,0.8951,1.0,0.8,1.0,0.979,1.0,1.0,0.9998,0.9957,0.9679,0.9462
KDjl2exStlI$_$4,1.0,0.9982,1.0,1.0,1.0,0.9895,1.0,1.0,0.9998,0.9957,0.9679,0.9462
KkKWFZZmmCM$_$1,1.0,0.987,1.0,1.0,1.0,0.9974,1.0,1.0,0.9998,0.9957,0.9679,0.9462
KpMCvUyQCXg$_$1,1.0,0.9985,1.0,1.0,1.0,0.9579,1.0,1.0,0.9998,0.9957,0.9679,0.9462
KpMCvUyQCXg$_$3,1.0,0.9833,1.0,0.8,1.0,0.95,1.0,0.8,0.9998,0.9957,0.9679,0.9462
KpMCvUyQCXg$_$5,1.0,0.9559,1.0,0.8,1.0,0.9824,1.0,1.0,0.9998,0.9957,0.9679,0.9462
L1eFHRQGFeg$_$2,1.0,0.9737,1.0,1.0,1.0,0.9987,1.0,1.0,0.9998,0.9957,0.9679,0.9462
MCsvw5-7lVE$_$1,1.0,0.9982,1.0,1.0,1.0,0.9997,1.0,1.0,0.9998,0.9957,0.9679,0.9462
MCsvw5-7lVE$_$2,1.0,0.9509,1.0,1.0,1.0,0.9825,1.0,0.8,0.9998,0.9957,0.9679,0.9462
MCsvw5-7lVE$_$4,1.0,1.0,1.0,1.0,1.0,0.9636,1.0,1.0,0.9998,0.9957,0.9679,0.9462
MMpo2bDk-DU$_$10,1.0,0.956,1.0,1.0,1.0,1.0,1.0,1.0,0.9998,0.9957,0.9679,0.9462
MMpo2bDk-DU$_$17,1.0,0.9699,1.0,1.0,1.0,0.9699,1.0,0.8,0.9998,0.9957,0.9679,0.9462
MMpo2bDk-DU$_$16,1.0,0.9912,1.0,1.0,1.0,0.9824,1.0,1.0,0.9998,0.9957,0.9679,0.9462
MMpo2bDk-DU$_$19,1.0,0.9416,1.0,0.8,1.0,0.9636,1.0,1.0,0.9998,0.9957,0.9679,0.9462
MjaaudUc5-4$_$1,1.0,0.9451,1.0,0.8,1.0,0.9451,1.0,0.8,0.9998,0.9957,0.9679,0.9462
MjaaudUc5-4$_$0,,,,,,,,,0.9998,0.9957,0.9679,0.9462
MjaaudUc5-4$_$3,1.0,0.958,1.0,1.0,1.0,0.979,1.0,0.8,0.9998,0.9957,0.9679,0.9462
MjaaudUc5-4$_$6,1.0,1.0,1.0,0.8,1.0,0.9429,1.0,0.8,0.9998,0.9957,0.9679,0.9462
MoQmPA7Q07Q$_$1,1.0,0.9831,1.0,1.0,1.0,0.9492,1.0,1.0,0.9998,0.9957,0.9679,0.9462
MoQmPA7Q07Q$_$2,1.0,0.9979,1.0,1.0,1.0,0.9856,1.0,1.0,0.9998,0.9957,0.9679,0.9462
N1X63d_jgmw$_$5,1.0,0.9947,1.0,1.0,1.0,0.9932,1.0,1.0,0.9998,0.9957,0.9679,0.9462
N5xfBtD6rLY$_$7,1.0,1.0,1.0,1.0,,,,,0.9998,0.9957,0.9679,0.9462
NoZsdSGnNpI$_$7,1.0,1.0,1.0,1.0,1.0,0.9862,1.0,1.0,0.9998,0.9957,0.9679,0.9462
Nrurc5sMUOE$_$5,1.0,0.9917,1.0,1.0,1.0,0.9795,1.0,0.8,0.9998,0.9957,0.9679,0.9462
Nrurc5sMUOE$_$7,1.0,0.8636,1.0,0.8,1.0,0.9909,1.0,1.0,0.9998,0.9957,0.9679,0.9462
Nrurc5sMUOE$_$8,1.0,0.9906,1.0,1.0,1.0,1.0,1.0,1.0,0.9998,0.9957,0.9679,0.9462
NzvNW7vP-Co$_$5,1.0,0.9795,1.0,0.8,1.0,0.9683,1.0,0.8,0.9998,0.9957,0.9679,0.9462
NzvNW7vP-Co$_$4,1.0,0.979,1.0,1.0,1.0,0.958,1.0,1.0,0.9998,0.9957,0.9679,0.9462
NzvNW7vP-Co$_$7,1.0,0.9997,1.0,1.0,1.0,0.9532,1.0,0.8,0.9998,0.9957,0.9679,0.9462
OLP0nCKwU6k$_$6,1.0,0.9917,1.0,1.0,1.0,0.9583,1.0,1.0,0.9998,0.9957,0.9679,0.9462
OrYBtyO0aPI$_$1,1.0,0.9835,1.0,0.8,,,,,0.9998,0.9957,0.9679,0.9462
OrYBtyO0aPI$_$4,,,,,,,,,0.9998,0.9957,0.9679,0.9462
PboaYD5hlG8$_$10,1.0,0.9736,1.0,0.8,1.0,1.0,1.0,1.0,0.9998,0.9957,0.9679,0.9462
PboaYD5hlG8$_$3,1.0,0.9451,1.0,0.8,1.0,0.9945,1.0,1.0,0.9998,0.9957,0.9679,0.9462
PboaYD5hlG8$_$2,1.0,0.8531,1.0,0.8,1.0,0.8531,1.0,0.8,0.9998,0.9957,0.9679,0.9462
PboaYD5hlG8$_$7,1.0,0.9988,1.0,1.0,1.0,0.9988,1.0,1.0,0.9998,0.9957,0.9679,0.9462
PboaYD5hlG8$_$9,1.0,0.9995,1.0,1.0,1.0,0.9945,1.0,1.0,0.9998,0.9957,0.9679,0.9462
PboaYD5hlG8$_$8,1.0,0.9675,1.0,1.0,1.0,0.9675,1.0,1.0,0.9998,0.9957,0.9679,0.9462
Pt-D0LUHDSc$_$2,1.0,0.9987,1.0,1.0,,,,,0.9998,0.9957,0.9679,0.9462
PwapK9d8IGk$_$4,1.0,0.9983,1.0,1.0,1.0,0.9669,1.0,0.8,0.9998,0.9957,0.9679,0.9462
PyQrAYl1bFs$_$0,1.0,0.9,1.0,1.0,1.0,0.9,1.0,1.0,0.9998,0.9957,0.9679,0.9462
PyQrAYl1bFs$_$3,1.0,0.9879,1.0,1.0,1.0,1.0,1.0,1.0,0.9998,0.9957,0.9679,0.9462
PyQrAYl1bFs$_$4,1.0,1.0,1.0,1.0,1.0,0.9643,1.0,0.8,0.9998,0.9957,0.9679,0.9462
Q4WzApjaCNI$_$0,1.0,0.9,1.0,0.8,,,,,0.9998,0.9957,0.9679,0.9462
Q7S0tX4FUNA$_$4,1.0,1.0,1.0,1.0,1.0,1.0,1.0,1.0,0.9998,0.9957,0.9679,0.9462
Q7S0tX4FUNA$_$7,1.0,1.0,1.0,0.8,,,,,0.9998,0.9957,0.9679,0.9462
Q7S0tX4FUNA$_$8,1.0,0.8636,1.0,0.8,1.0,0.9727,1.0,1.0,0.9998,0.9957,0.9679,0.9462
Qa6Yz62V-Yc$_$0,1.0,0.9502,1.0,0.8,1.0,0.9754,1.0,0.8,0.9998,0.9957,0.9679,0.9462
QjcQx8_PQfw$_$10,1.0,0.9684,1.0,0.8,1.0,0.9774,1.0,1.0,0.9998,0.9957,0.9679,0.9462
QjcQx8_PQfw$_$7,1.0,0.9422,1.0,0.8,1.0,0.9071,1.0,1.0,0.9998,0.9957,0.9679,0.9462
QpchvHpGFc8$_$3,1.0,0.9982,1.0,1.0,1.0,0.9825,1.0,0.8,0.9998,0.9957,0.9679,0.9462
RArhIHk4Qs4$_$13,1.0,0.9286,1.0,0.8,1.0,0.9762,1.0,0.8,0.9998,0.9957,0.9679,0.9462
RArhIHk4Qs4$_$17,,,,,,,,,0.9998,0.9957,0.9679,0.9462
RArhIHk4Qs4$_$16,1.0,0.9706,1.0,0.8,1.0,0.9912,1.0,0.8,0.9998,0.9957,0.9679,0.9462
RArhIHk4Qs4$_$19,1.0,1.0,1.0,0.8,1.0,0.9429,1.0,0.8,0.9998,0.9957,0.9679,0.9462
RArhIHk4Qs4$_$1,1.0,0.9978,1.0,1.0,1.0,0.9439,1.0,0.8,0.9998,0.9957,0.9679,0.9462
RArhIHk4Qs4$_$2,1.0,0.9378,1.0,0.8,1.0,0.9754,1.0,1.0,0.9998,0.9957,0.9679,0.9462
RArhIHk4Qs4$_$7,1.0,0.9273,1.0,0.8,1.0,0.9636,1.0,0.8,0.9998,0.9957,0.9679,0.9462
RArhIHk4Qs4$_$6,1.0,0.9887,1.0,0.8,1.0,1.0,1.0,1.0,0.9998,0.9957,0.9679,0.9462
RArhIHk4Qs4$_$8,1.0,0.8,,,1.0,0.8,,,0.9998,0.9957,0.9679,0.9462
RArhIHk4Qs4$_$21,1.0,1.0,,,,,,,0.9998,0.9957,0.9679,0.9462
ROcTx5VEn7o$_$11,1.0,0.9887,1.0,1.0,1.0,0.994,1.0,1.0,0.9998,0.9957,0.9679,0.9462
ROcTx5VEn7o$_$1,1.0,0.8571,1.0,0.8,1.0,0.8571,1.0,0.8,0.9998,0.9957,0.9679,0.9462
ROcTx5VEn7o$_$5,1.0,1.0,1.0,1.0,1.0,0.991,1.0,1.0,0.9998,0.9957,0.9679,0.9462
ROcTx5VEn7o$_$9,1.0,1.0,1.0,1.0,1.0,0.9727,1.0,1.0,0.9998,0.9957,0.9679,0.9462
RrGpzInAwCg$_$0,1.0,0.9451,1.0,0.8,1.0,0.9835,1.0,1.0,0.9998,0.9957,0.9679,0.9462
RzOFxDk26p0$_$1,1.0,0.9806,1.0,0.8,1.0,0.9806,1.0,1.0,0.9998,0.9957,0.9679,0.9462
RzOFxDk26p0$_$0,1.0,0.9579,1.0,0.8,1.0,0.985,1.0,1.0,0.9998,0.9957,0.9679,0.9462
SHa756SwGJQ$_$0,1.0,0.958,1.0,0.8,,,,,0.9998,0.9957,0.9679,0.9462
SHa756SwGJQ$_$2,1.0,0.9856,1.0,1.0,1.0,0.9282,1.0,1.0,0.9998,0.9957,0.9679,0.9462
SHa756SwGJQ$_$4,1.0,0.9909,1.0,1.0,1.0,0.9091,1.0,0.8,0.9998,0.9957,0.9679,0.9462
SHa756SwGJQ$_$7,1.0,0.958,1.0,0.8,1.0,0.979,1.0,1.0,0.9998,0.9957,0.9679,0.9462
SHa756SwGJQ$_$6,1.0,0.9,1.0,0.8,1.0,0.95,1.0,0.8,0.9998,0.9957,0.9679,0.9462
TH32jop4FiI$_$15,1.0,0.9567,1.0,0.8,1.0,0.9876,1.0,1.0,0.9998,0.9957,0.9679,0.9462
TH32jop4FiI$_$17,1.0,0.9723,1.0,0.8,1.0,0.9885,1.0,1.0,0.9998,0.9957,0.9679,0.9462
TWszOxkOV0w$_$1,1.0,0.9914,1.0,1.0,1.0,0.9532,1.0,0.8,0.9998,0.9957,0.9679,0.9462
TXCXFYIc3Yo$_$16,1.0,0.9763,1.0,1.0,1.0,0.8645,1.0,0.8,0.9998,0.9957,0.9679,0.9462
TXCXFYIc3Yo$_$2,1.0,0.9559,1.0,0.8,1.0,0.9706,1.0,1.0,0.9998,0.9957,0.9679,0.9462
TXCXFYIc3Yo$_$7,1.0,0.9976,1.0,1.0,1.0,0.9998,1.0,1.0,0.9998,0.9957,0.9679,0.9462
TXCXFYIc3Yo$_$6,1.0,0.9632,1.0,0.8,1.0,0.9755,1.0,1.0,0.9998,0.9957,0.9679,0.9462
TYJzg5IJN8o$_$11,0.9611,0.9872,1.0,0.8,0.9831,0.9852,1.0,1.0,0.9998,0.9957,0.9679,0.9462
TYJzg5IJN8o$_$10,1.0,0.9522,1.0,0.8,1.0,0.9991,1.0,1.0,0.9998,0.9957,0.9679,0.9462
TYJzg5IJN8o$_$14,1.0,0.9992,1.0,1.0,1.0,0.9654,1.0,0.8,0.9998,0.9957,0.9679,0.9462
TYJzg5IJN8o$_$0,1.0,1.0,1.0,1.0,1.0,0.9897,1.0,1.0,0.9998,0.9957,0.9679,0.9462
TYJzg5IJN8o$_$4,1.0,0.9158,1.0,1.0,1.0,0.9951,1.0,1.0,0.9998,0.9957,0.9679,0.9462
TYJzg5IJN8o$_$7,1.0,0.9459,1.0,0.8,1.0,0.985,1.0,1.0,0.9998,0.9957,0.9679,0.9462
Uc_6d-fkZEc$_$3,1.0,0.8091,1.0,0.8,1.0,1.0,1.0,1.0,0.9998,0.9957,0.9679,0.9462
UlTJmndbGHM$_$1,1.0,0.979,1.0,0.8,1.0,1.0,1.0,1.0,0.9998,0.9957,0.9679,0.9462
UlTJmndbGHM$_$4,1.0,1.0,1.0,1.0,,,,,0.9998,0.9957,0.9679,0.9462
VbV9S4svrTg$_$13,1.0,0.4,,,1.0,0.8,,,0.9998,0.9957,0.9679,0.9462
VbV9S4svrTg$_$3,1.0,0.9091,1.0,0.8,1.0,0.9091,1.0,0.8,0.9998,0.9957,0.9679,0.9462
VbV9S4svrTg$_$7,1.0,0.4,,,1.0,0.8,,,0.9998,0.9957,0.9679,0.9462
VbV9S4svrTg$_$8,1.0,0.95,1.0,0.8,1.0,1.0,1.0,1.0,0.9998,0.9957,0.9679,0.9462
VinxKpWioTo$_$1,0.9949,0.9577,1.0,0.8,0.9674,0.989,0.8,1.0,0.9998,0.9957,0.9679,0.9462
VinxKpWioTo$_$0,1.0,0.8286,1.0,0.8,1.0,0.8286,1.0,0.8,0.9998,0.9957,0.9679,0.9462
VinxKpWioTo$_$3,1.0,0.9087,1.0,0.8,1.0,0.987,1.0,1.0,0.9998,0.9957,0.9679,0.9462
VinxKpWioTo$_$5,1.0,0.9971,1.0,1.0,1.0,0.9176,1.0,0.8,0.9998,0.9957,0.9679,0.9462
ViyQVpGW05w$_$1,1.0,0.967,1.0,1.0,1.0,0.9835,1.0,0.8,0.9998,0.9957,0.9679,0.9462
ViyQVpGW05w$_$4,1.0,0.8333,1.0,0.8,1.0,0.95,1.0,0.8,0.9998,0.9957,0.9679,0.9462
ViyQVpGW05w$_$6,1.0,0.987,1.0,0.8,1.0,0.9922,1.0,1.0,0.9998,0.9957,0.9679,0.9462
Vuay0mVKkik$_$3,1.0,0.9887,1.0,1.0,1.0,1.0,1.0,1.0,0.9998,0.9957,0.9679,0.9462
WmQF5RmbsVQ$_$6,0.9852,0.9961,1.0,1.0,0.9831,0.9907,0.8,1.0,0.9998,0.9957,0.9679,0.9462
Wrcf2xtqbkQ$_$9,1.0,0.9522,1.0,0.8,1.0,0.9757,1.0,1.0,0.9998,0.9957,0.9679,0.9462
Wrcf2xtqbkQ$_$8,1.0,0.956,1.0,0.8,1.0,1.0,1.0,1.0,0.9998,0.9957,0.9679,0.9462
WxajvjGKz7Y$_$0,1.0,1.0,1.0,1.0,1.0,1.0,1.0,1.0,0.9998,0.9957,0.9679,0.9462
WxajvjGKz7Y$_$3,1.0,0.9938,1.0,1.0,1.0,1.0,1.0,1.0,0.9998,0.9957,0.9679,0.9462
WxajvjGKz7Y$_$6,1.0,0.9995,1.0,1.0,1.0,0.9847,1.0,1.0,0.9998,0.9957,0.9679,0.9462
XIGpuL-Kkyk$_$12,1.0,0.9974,1.0,1.0,,,,,0.9998,0.9957,0.9679,0.9462
XIGpuL-Kkyk$_$0,1.0,0.9833,1.0,0.8,,,,,0.9998,0.9957,0.9679,0.9462
XIGpuL-Kkyk$_$4,1.0,0.9632,1.0,0.8,1.0,0.9755,1.0,1.0,0.9998,0.9957,0.9679,0.9462
XIGpuL-Kkyk$_$7,1.0,0.5,,,,,,,0.9998,0.9957,0.9679,0.9462
XaVYxIW0FDg$_$2,1.0,0.9755,1.0,1.0,1.0,0.9653,1.0,0.8,0.9998,0.9957,0.9679,0.9462
XyP8bVmGX6M$_$4,1.0,0.9341,1.0,0.8,1.0,0.9956,1.0,1.0,0.9998,0.9957,0.9679,0.9462
XzVapdEr_GY$_$3,1.0,0.9897,1.0,1.0,1.0,0.9897,1.0,1.0,0.9998,0.9957,0.9679,0.9462
XzVapdEr_GY$_$4,1.0,0.998,1.0,1.0,1.0,0.9906,1.0,1.0,0.9998,0.9957,0.9679,0.9462
Y7h-S3cJ52o$_$0,1.0,0.9643,1.0,1.0,1.0,0.9643,1.0,0.8,0.9998,0.9957,0.9679,0.9462
Y7qkyMyanjU$_$2,1.0,0.8929,1.0,0.8,,,,,0.9998,0.9957,0.9679,0.9462
Y7qkyMyanjU$_$4,1.0,0.9833,1.0,0.8,,,,,0.9998,0.9957,0.9679,0.9462
YbuG8xyUO-o$_$3,1.0,0.9,1.0,0.8,1.0,1.0,1.0,1.0,0.9998,0.9957,0.9679,0.9462
YbuG8xyUO-o$_$2,1.0,1.0,1.0,1.0,1.0,0.9727,1.0,0.8,0.9998,0.9957,0.9679,0.9462
Z7L3V5bwzI0$_$2,1.0,0.9983,1.0,1.0,1.0,0.9602,1.0,1.0,0.9998,0.9957,0.9679,0.9462
ZaoFHcbRM9g$_$3,1.0,0.94,1.0,0.8,1.0,0.9723,1.0,0.8,0.9998,0.9957,0.9679,0.9462
ZaoFHcbRM9g$_$2,1.0,0.4,1.0,1.0,1.0,0.8208,1.0,1.0,0.9998,0.9957,0.9679,0.9462
ZaoFHcbRM9g$_$5,1.0,0.9636,1.0,1.0,1.0,0.7455,1.0,0.8,0.9998,0.9957,0.9679,0.9462
ZaoFHcbRM9g$_$9,,,,,,,,,0.9998,0.9957,0.9679,0.9462
ZaoFHcbRM9g$_$8,1.0,0.4,,,1.0,1.0,,,0.9998,0.9957,0.9679,0.9462
Zvisaa77Cng$_$1,1.0,0.956,1.0,0.8,1.0,0.956,1.0,0.8,0.9998,0.9957,0.9679,0.9462
Zvisaa77Cng$_$5,1.0,0.979,1.0,1.0,1.0,1.0,1.0,1.0,0.9998,0.9957,0.9679,0.9462
_7HVhnSYX1Y$_$26,1.0,0.979,1.0,1.0,1.0,0.8951,1.0,0.8,0.9998,0.9957,0.9679,0.9462
_7HVhnSYX1Y$_$12,1.0,0.9893,1.0,1.0,1.0,0.9786,1.0,1.0,0.9998,0.9957,0.9679,0.9462
_7HVhnSYX1Y$_$14,1.0,0.9429,1.0,0.8,1.0,0.9429,1.0,0.8,0.9998,0.9957,0.9679,0.9462
_7HVhnSYX1Y$_$19,1.0,1.0,1.0,1.0,1.0,1.0,1.0,1.0,0.9998,0.9957,0.9679,0.9462
_7HVhnSYX1Y$_$31,1.0,0.9833,1.0,0.8,1.0,0.95,1.0,0.8,0.9998,0.9957,0.9679,0.9462
_7HVhnSYX1Y$_$3,1.0,0.9982,1.0,1.0,1.0,0.9632,1.0,1.0,0.9998,0.9957,0.9679,0.9462
_BvNNdEkhZA$_$14,1.0,0.9455,1.0,0.8,1.0,0.8636,1.0,0.8,0.9998,0.9957,0.9679,0.9462
_BvNNdEkhZA$_$19,1.0,0.9945,1.0,1.0,1.0,0.9803,1.0,0.8,0.9998,0.9957,0.9679,0.9462
_BvNNdEkhZA$_$7,1.0,0.9211,1.0,0.8,1.0,1.0,1.0,1.0,0.9998,0.9957,0.9679,0.9462
_BvNNdEkhZA$_$6,1.0,0.9974,1.0,1.0,1.0,0.9817,1.0,1.0,0.9998,0.9957,0.9679,0.9462
_BvNNdEkhZA$_$9,1.0,0.979,1.0,1.0,1.0,0.993,1.0,1.0,0.9998,0.9957,0.9679,0.9462
_aZDaIfGfPo$_$1,1.0,0.9937,1.0,1.0,1.0,0.9989,1.0,1.0,0.9998,0.9957,0.9679,0.9462
_aZDaIfGfPo$_$0,1.0,0.9853,1.0,1.0,1.0,0.8652,1.0,0.8,0.9998,0.9957,0.9679,0.9462
_gr7o5ynhnw$_$13,1.0,0.984,1.0,1.0,1.0,0.9956,1.0,1.0,0.9998,0.9957,0.9679,0.9462
_gr7o5ynhnw$_$12,1.0,0.9879,1.0,1.0,1.0,0.8788,1.0,0.8,0.9998,0.9957,0.9679,0.9462
_gr7o5ynhnw$_$15,0.9979,0.9979,1.0,1.0,0.9937,0.9986,1.0,0.8,0.9998,0.9957,0.9679,0.9462
_gzYkdjNvPc$_$12,1.0,0.9,1.0,1.0,1.0,0.9,1.0,1.0,0.9998,0.9957,0.9679,0.9462
_gzYkdjNvPc$_$17,1.0,0.9945,1.0,1.0,1.0,0.9835,1.0,1.0,0.9998,0.9957,0.9679,0.9462
_gzYkdjNvPc$_$1,1.0,1.0,1.0,1.0,1.0,0.9684,1.0,0.8,0.9998,0.9957,0.9679,0.9462
_gzYkdjNvPc$_$3,1.0,0.7483,1.0,0.8,1.0,0.9301,1.0,0.8,0.9998,0.9957,0.9679,0.9462
_gzYkdjNvPc$_$2,,,,,,,,,0.9998,0.9957,0.9679,0.9462
_gzYkdjNvPc$_$5,1.0,0.8531,1.0,0.8,1.0,0.958,1.0,0.8,0.9998,0.9957,0.9679,0.9462
_gzYkdjNvPc$_$4,1.0,1.0,1.0,1.0,1.0,0.9979,1.0,1.0,0.9998,0.9957,0.9679,0.9462
_gzYkdjNvPc$_$6,1.0,1.0,1.0,1.0,1.0,0.9736,1.0,1.0,0.9998,0.9957,0.9679,0.9462
_gzYkdjNvPc$_$9,1.0,0.9455,1.0,0.8,1.0,0.9727,1.0,0.8,0.9998,0.9957,0.9679,0.9462
a-WihYDk6vc$_$8,1.0,0.9573,1.0,1.0,1.0,1.0,1.0,1.0,0.9998,0.9957,0.9679,0.9462
a-WihYDk6vc$_$0,1.0,0.9455,1.0,1.0,1.0,0.9091,1.0,0.8,0.9998,0.9957,0.9679,0.9462
aFhc2ddipoM$_$14,1.0,0.9502,1.0,0.8,1.0,0.9945,1.0,1.0,0.9998,0.9957,0.9679,0.9462
aK5tRCXjUvU$_$0,1.0,0.8951,1.0,0.8,1.0,0.8531,1.0,0.8,0.9998,0.9957,0.9679,0.9462
b-FX9NOVQOM$_$1,1.0,0.9901,1.0,1.0,1.0,0.9,1.0,0.8,0.9998,0.9957,0.9679,0.9462
b-FX9NOVQOM$_$4,1.0,0.9809,1.0,1.0,1.0,1.0,1.0,1.0,0.9998,0.9957,0.9679,0.9462
b1LEcg6z66g$_$0,1.0,0.9684,1.0,1.0,1.0,0.9173,1.0,1.0,0.9998,0.9957,0.9679,0.9462
b1LEcg6z66g$_$4,1.0,0.9979,1.0,1.0,1.0,0.9856,1.0,0.8,0.9998,0.9957,0.9679,0.9462
b1LEcg6z66g$_$8,1.0,0.9985,1.0,1.0,1.0,0.9579,1.0,1.0,0.9998,0.9957,0.9679,0.9462
bAkUEnPoucg$_$3,1.0,0.9778,1.0,0.8,1.0,0.9675,1.0,1.0,0.9998,0.9957,0.9679,0.9462
bNQkb4K5DX0$_$3,1.0,0.9593,1.0,0.8,1.0,0.9593,1.0,1.0,0.9998,0.9957,0.9679,0.9462
bNQkb4K5DX0$_$7,1.0,0.9926,1.0,0.8,1.0,0.9755,1.0,0.8,0.9998,0.9957,0.9679,0.9462
bWunvAd96zI$_$1,1.0,0.8769,1.0,0.8,1.0,0.9868,1.0,1.0,0.9998,0.9957,0.9679,0.9462
bWunvAd96zI$_$2,1.0,0.9995,1.0,1.0,1.0,0.9409,1.0,1.0,0.9998,0.9957,0.9679,0.9462
bWunvAd96zI$_$5,1.0,0.5,,,1.0,0.5,,,0.9998,0.9957,0.9679,0.9462
bWunvAd96zI$_$4,1.0,0.9945,1.0,1.0,1.0,1.0,1.0,1.0,0.9998,0.9957,0.9679,0.9462
bj9e8w4vNxo$_$12,1.0,0.9829,1.0,1.0,1.0,0.9902,1.0,1.0,0.9998,0.9957,0.9679,0.9462
bpvYdXVlgvc$_$1,1.0,0.9429,1.0,0.8,1.0,0.9429,1.0,0.8,0.9998,0.9957,0.9679,0.9462
bpvYdXVlgvc$_$3,1.0,0.9755,1.0,0.8,1.0,0.9975,1.0,1.0,0.9998,0.9957,0.9679,0.9462
bpvYdXVlgvc$_$4,1.0,0.9879,1.0,1.0,1.0,0.9879,1.0,1.0,0.9998,0.9957,0.9679,0.9462
bpvYdXVlgvc$_$6,1.0,0.9977,1.0,1.0,1.0,0.9577,1.0,1.0,0.9998,0.9957,0.9679,0.9462
c1a1y9ytHH0$_$0,1.0,0.9901,1.0,1.0,1.0,0.9786,1.0,0.8,0.9998,0.9957,0.9679,0.9462
c1a1y9ytHH0$_$3,1.0,0.9954,1.0,1.0,1.0,0.9429,1.0,0.8,0.9998,0.9957,0.9679,0.9462
c1a1y9ytHH0$_$7,1.0,0.9876,1.0,0.8,1.0,1.0,1.0,1.0,0.9998,0.9957,0.9679,0.9462
c5cB7AfVgcE$_$12,1.0,0.9994,1.0,1.0,1.0,1.0,1.0,1.0,0.9998,0.9957,0.9679,0.9462
c5cB7AfVgcE$_$5,1.0,0.9599,1.0,1.0,1.0,0.9696,1.0,0.8,0.9998,0.9957,0.9679,0.9462
d8BR6hsvzoY$_$1,1.0,0.9955,1.0,1.0,1.0,0.9985,1.0,1.0,0.9998,0.9957,0.9679,0.9462
d8BR6hsvzoY$_$0,1.0,0.5,,,1.0,1.0,,,0.9998,0.9957,0.9679,0.9462
d8BR6hsvzoY$_$2,1.0,0.9835,1.0,0.8,1.0,0.8462,1.0,0.8,0.9998,0.9957,0.9679,0.9462
d8BR6hsvzoY$_$5,1.0,1.0,1.0,0.8,1.0,0.9429,1.0,0.8,0.9998,0.9957,0.9679,0.9462
d8BR6hsvzoY$_$6,1.0,0.7,1.0,1.0,1.0,0.7,1.0,1.0,0.9998,0.9957,0.9679,0.9462
d8BR6hsvzoY$_$9,1.0,0.8846,1.0,0.8,1.0,0.967,1.0,1.0,0.9998,0.9957,0.9679,0.9462
d8BR6hsvzoY$_$8,1.0,0.9885,1.0,1.0,1.0,0.9885,1.0,1.0,0.9998,0.9957,0.9679,0.9462
dBWvtPeHpWM$_$4,,,,,,,,,0.9998,0.9957,0.9679,0.9462
dEDbm2ubVRQ$_$0,1.0,0.8571,1.0,0.8,1.0,0.9286,1.0,0.8,0.9998,0.9957,0.9679,0.9462
dEDbm2ubVRQ$_$3,1.0,1.0,1.0,1.0,1.0,0.9823,1.0,0.8,0.9998,0.9957,0.9679,0.9462
dEDbm2ubVRQ$_$8,1.0,0.993,1.0,1.0,1.0,0.9301,1.0,0.8,0.9998,0.9957,0.9679,0.9462
dt641WxonBI$_$1,1.0,1.0,1.0,0.8,1.0,1.0,1.0,0.8,0.9998,0.9957,0.9679,0.9462
dt641WxonBI$_$3,1.0,0.9684,1.0,1.0,1.0,0.9579,1.0,0.8,0.9998,0.9957,0.9679,0.9462
eOiC1kb17P4$_$0,1.0,0.9949,1.0,1.0,0.9732,0.9949,1.0,1.0,0.9998,0.9957,0.9679,0.9462
erNDEjQeox8$_$12,1.0,0.9692,1.0,0.8,1.0,0.9911,1.0,1.0,0.9998,0.9957,0.9679,0.9462
ewBrNsyY82Q$_$4,1.0,0.9995,1.0,1.0,1.0,0.9885,1.0,1.0,0.9998,0.9957,0.9679,0.9462
fWOIAxzBQFY$_$12,1.0,0.9985,1.0,1.0,1.0,0.9985,1.0,1.0,0.9998,0.9957,0.9679,0.9462
fWOIAxzBQFY$_$5,1.0,0.8951,1.0,0.8,1.0,0.958,1.0,0.8,0.9998,0.9957,0.9679,0.9462
fWOIAxzBQFY$_$7,1.0,0.9643,1.0,0.8,1.0,0.925,1.0,0.8,0.9998,0.9957,0.9679,0.9462
f_ZJ7L14oYQ$_$11,1.0,0.9766,1.0,0.8,1.0,0.9985,1.0,1.0,0.9998,0.9957,0.9679,0.9462
f_ZJ7L14oYQ$_$27,1.0,0.9492,1.0,1.0,1.0,0.9492,1.0,0.8,0.9998,0.9957,0.9679,0.9462
f_ZJ7L14oYQ$_$21,1.0,0.9257,1.0,1.0,1.0,0.969,1.0,1.0,0.9998,0.9957,0.9679,0.9462
f_ZJ7L14oYQ$_$17,1.0,0.9853,1.0,1.0,1.0,0.9853,1.0,0.8,0.9998,0.9957,0.9679,0.9462
f_ZJ7L14oYQ$_$9,1.0,0.9923,1.0,1.0,1.0,0.9992,1.0,1.0,0.9998,0.9957,0.9679,0.9462
f_ZJ7L14oYQ$_$8,1.0,0.9975,1.0,1.0,1.0,0.9632,1.0,1.0,0.9998,0.9957,0.9679,0.9462
ffrJ91swyq0$_$1,1.0,0.9889,1.0,1.0,1.0,0.969,1.0,1.0,0.9998,0.9957,0.9679,0.9462
g8Cl74tS3oY$_$2,1.0,0.9729,1.0,1.0,1.0,0.9778,1.0,1.0,0.9998,0.9957,0.9679,0.9462
g8Cl74tS3oY$_$6,1.0,0.9844,1.0,1.0,1.0,0.9964,1.0,1.0,0.9998,0.9957,0.9679,0.9462
gR4gM_WXesQ$_$10,1.0,0.9774,1.0,1.0,1.0,0.9955,1.0,1.0,0.9998,0.9957,0.9679,0.9462
gR4gM_WXesQ$_$26,1.0,0.9786,1.0,0.8,1.0,0.9964,1.0,0.8,0.9998,0.9957,0.9679,0.9462
gR4gM_WXesQ$_$20,1.0,1.0,1.0,1.0,1.0,0.9798,1.0,1.0,0.9998,0.9957,0.9679,0.9462
gR4gM_WXesQ$_$24,1.0,1.0,1.0,1.0,1.0,1.0,1.0,1.0,0.9998,0.9957,0.9679,0.9462
gR4gM_WXesQ$_$18,1.0,0.9829,1.0,0.8,1.0,0.9664,1.0,0.8,0.9998,0.9957,0.9679,0.9462
gR4gM_WXesQ$_$3,1.0,0.9901,1.0,1.0,1.0,1.0,1.0,1.0,0.9998,0.9957,0.9679,0.9462
gR4gM_WXesQ$_$4,1.0,0.9971,1.0,1.0,1.0,0.9559,1.0,1.0,0.9998,0.9957,0.9679,0.9462
gR4gM_WXesQ$_$8,1.0,0.9895,1.0,1.0,1.0,0.9035,1.0,0.8,0.9998,0.9957,0.9679,0.9462
gVqs4TzqySw$_$1,1.0,0.9291,1.0,1.0,1.0,0.9984,1.0,1.0,0.9998,0.9957,0.9679,0.9462
gVqs4TzqySw$_$3,1.0,0.9805,1.0,1.0,,,,,0.9998,0.9957,0.9679,0.9462
gVqs4TzqySw$_$2,1.0,0.9941,1.0,1.0,1.0,1.0,1.0,1.0,0.9998,0.9957,0.9679,0.9462
gVqs4TzqySw$_$4,1.0,1.0,,,1.0,0.4,,,0.9998,0.9957,0.9679,0.9462
goMtnNHQ_z4$_$1,1.0,0.958,1.0,0.8,1.0,0.958,1.0,0.8,0.9998,0.9957,0.9679,0.9462
goMtnNHQ_z4$_$2,1.0,0.9643,1.0,0.8,1.0,0.925,1.0,0.8,0.9998,0.9957,0.9679,0.9462
goMtnNHQ_z4$_$13,1.0,1.0,1.0,1.0,1.0,0.9926,1.0,1.0,0.9998,0.9957,0.9679,0.9462
goMtnNHQ_z4$_$12,1.0,0.9464,1.0,0.8,1.0,0.9643,1.0,0.8,0.9998,0.9957,0.9679,0.9462
hqzF4IDaIYE$_$0,1.0,0.9416,1.0,1.0,1.0,0.8818,1.0,0.8,0.9998,0.9957,0.9679,0.9462
hqzF4IDaIYE$_$3,1.0,0.9985,1.0,1.0,1.0,0.9974,1.0,1.0,0.9998,0.9957,0.9679,0.9462
hqzF4IDaIYE$_$2,1.0,1.0,1.0,1.0,1.0,0.9838,1.0,1.0,0.9998,0.9957,0.9679,0.9462
hqzF4IDaIYE$_$4,1.0,0.9,1.0,0.8,1.0,0.95,1.0,0.8,0.9998,0.9957,0.9679,0.9462
hqzF4IDaIYE$_$6,1.0,0.9,1.0,1.0,1.0,0.7,1.0,1.0,0.9998,0.9957,0.9679,0.9462
hvfaYsv7p8E$_$0,1.0,0.9176,1.0,0.8,1.0,0.9382,1.0,1.0,0.9998,0.9957,0.9679,0.9462
iUXqlrui25c$_$10,1.0,1.0,1.0,1.0,1.0,0.9984,1.0,1.0,0.9998,0.9957,0.9679,0.9462
iUXqlrui25c$_$21,1.0,0.9176,1.0,0.8,1.0,0.9912,1.0,1.0,0.9998,0.9957,0.9679,0.9462
iUXqlrui25c$_$23,1.0,0.9987,1.0,1.0,1.0,0.9416,1.0,1.0,0.9998,0.9957,0.9679,0.9462
icbUzboLcDQ$_$0,1.0,0.9631,1.0,0.8,1.0,0.9851,1.0,1.0,0.9998,0.9957,0.9679,0.9462
ioupaiAuRr0$_$5,1.0,0.9577,1.0,0.8,1.0,0.9923,1.0,1.0,0.9998,0.9957,0.9679,0.9462
ioupaiAuRr0$_$4,1.0,0.9648,1.0,1.0,1.0,0.9829,1.0,1.0,0.9998,0.9957,0.9679,0.9462
jICmfLeFymA$_$16,1.0,0.9964,1.0,0.8,1.0,0.9893,1.0,1.0,0.9998,0.9957,0.9679,0.9462
jPrEKz1rAno$_$11,1.0,0.9879,1.0,1.0,1.0,0.9879,1.0,0.8,0.9998,0.9957,0.9679,0.9462
jPrEKz1rAno$_$7,1.0,0.9996,1.0,1.0,1.0,0.9996,1.0,1.0,0.9998,0.9957,0.9679,0.9462
jPrEKz1rAno$_$6,1.0,1.0,1.0,1.0,1.0,0.9852,1.0,1.0,0.9998,0.9957,0.9679,0.9462
k5ZOshC2LP4$_$1,1.0,0.9829,1.0,0.8,1.0,0.9829,1.0,0.8,0.9998,0.9957,0.9679,0.9462
kbGhEJ4W44o$_$0,1.0,0.9899,1.0,1.0,1.0,0.9782,1.0,1.0,0.9998,0.9957,0.9679,0.9462
kfsO4c0Ekes$_$7,1.0,0.9941,1.0,1.0,1.0,1.0,1.0,1.0,0.9998,0.9957,0.9679,0.9462
kvUb78Rdzdc$_$3,0.9949,0.989,1.0,1.0,0.9992,0.9999,1.0,1.0,0.9998,0.9957,0.9679,0.9462
lO87-4Kf0cQ$_$2,1.0,0.9273,1.0,0.8,1.0,0.9636,1.0,0.8,0.9998,0.9957,0.9679,0.9462
lO87-4Kf0cQ$_$5,1.0,0.9868,1.0,1.0,1.0,0.9956,1.0,1.0,0.9998,0.9957,0.9679,0.9462
lWf5hHRHIDs$_$11,1.0,0.9833,1.0,0.8,1.0,0.9833,1.0,1.0,0.9998,0.9957,0.9679,0.9462
lawHYX5eB20$_$1,1.0,0.9286,1.0,0.8,1.0,0.9286,1.0,0.8,0.9998,0.9957,0.9679,0.9462
lawHYX5eB20$_$2,1.0,1.0,1.0,1.0,1.0,0.9632,1.0,0.8,0.9998,0.9957,0.9679,0.9462
mHGaQ_nv9UY$_$13,0.9949,0.9643,1.0,1.0,0.9936,0.9999,0.8,1.0,0.9998,0.9957,0.9679,0.9462
mHGaQ_nv9UY$_$14,1.0,0.9684,1.0,0.8,1.0,0.9593,1.0,0.8,0.9998,0.9957,0.9679,0.9462
mHGaQ_nv9UY$_$17,1.0,0.9577,1.0,0.8,1.0,1.0,1.0,1.0,0.9998,0.9957,0.9679,0.9462
mHGaQ_nv9UY$_$22,0.9732,0.9808,0.8,1.0,0.9674,0.9937,1.0,1.0,0.9998,0.9957,0.9679,0.9462
mHGaQ_nv9UY$_$5,1.0,0.9675,1.0,1.0,1.0,0.9483,1.0,1.0,0.9998,0.9957,0.9679,0.9462
mHGaQ_nv9UY$_$4,1.0,0.9457,1.0,0.8,1.0,0.9457,1.0,1.0,0.9998,0.9957,0.9679,0.9462
mLW-jn67gRE$_$20,1.0,0.9691,1.0,1.0,1.0,0.9545,1.0,0.8,0.9998,0.9957,0.9679,0.9462
mLW-jn67gRE$_$17,1.0,0.995,1.0,1.0,1.0,1.0,1.0,1.0,0.9998,0.9957,0.9679,0.9462
mLW-jn67gRE$_$1,1.0,0.9879,1.0,0.8,1.0,0.6606,1.0,0.8,0.9998,0.9957,0.9679,0.9462
mLW-jn67gRE$_$3,1.0,1.0,1.0,1.0,1.0,0.9975,1.0,1.0,0.9998,0.9957,0.9679,0.9462
mLW-jn67gRE$_$5,1.0,0.9947,1.0,1.0,1.0,0.9825,1.0,0.8,0.9998,0.9957,0.9679,0.9462
mLW-jn67gRE$_$6,1.0,0.9976,1.0,1.0,1.0,0.9633,1.0,1.0,0.9998,0.9957,0.9679,0.9462
mLW-jn67gRE$_$9,1.0,0.95,1.0,0.8,1.0,0.9833,1.0,1.0,0.9998,0.9957,0.9679,0.9462
mjpCK2Edsv8$_$0,0.9808,0.9979,0.8,1.0,0.9732,0.9674,1.0,1.0,0.9998,0.9957,0.9679,0.9462
nUZYqTRSGDw$_$4,1.0,0.9922,1.0,1.0,1.0,0.9416,1.0,1.0,0.9998,0.9957,0.9679,0.9462
nyzIL6YAonY$_$5,1.0,0.9879,1.0,0.8,1.0,0.9273,1.0,0.8,0.9998,0.9957,0.9679,0.9462
nyzIL6YAonY$_$6,1.0,0.9489,1.0,1.0,1.0,1.0,1.0,1.0,0.9998,0.9957,0.9679,0.9462
ooAF6I-fmTg$_$3,1.0,0.9643,1.0,0.8,1.0,0.9,1.0,0.8,0.9998,0.9957,0.9679,0.9462
ooAF6I-fmTg$_$5,1.0,0.979,1.0,0.8,1.0,0.993,1.0,0.8,0.9998,0.9957,0.9679,0.9462
ooAF6I-fmTg$_$7,1.0,1.0,1.0,1.0,1.0,0.9876,1.0,1.0,0.9998,0.9957,0.9679,0.9462
pOrk7fl1AYo$_$1,1.0,0.969,1.0,1.0,1.0,1.0,1.0,1.0,0.9998,0.9957,0.9679,0.9462
pOrk7fl1AYo$_$3,1.0,0.9887,1.0,1.0,1.0,0.9989,1.0,1.0,0.9998,0.9957,0.9679,0.9462
pOrk7fl1AYo$_$2,1.0,0.8286,1.0,0.8,1.0,0.8286,1.0,0.8,0.9998,0.9957,0.9679,0.9462
pOrk7fl1AYo$_$4,1.0,0.9964,1.0,1.0,,,,,0.9998,0.9957,0.9679,0.9462
q9yDL81QppI$_$1,1.0,0.9947,1.0,0.8,1.0,0.9632,1.0,0.8,0.9998,0.9957,0.9679,0.9462
q9yDL81QppI$_$0,1.0,0.9684,1.0,0.8,1.0,0.9684,1.0,1.0,0.9998,0.9957,0.9679,0.9462
q9yDL81QppI$_$2,1.0,0.9286,1.0,0.8,1.0,0.9532,1.0,0.8,0.9998,0.9957,0.9679,0.9462
qK77ZmbqmOM$_$9,1.0,0.9632,1.0,0.8,1.0,0.9727,1.0,0.8,0.9998,0.9957,0.9679,0.9462
qK77ZmbqmOM$_$0,1.0,0.9502,1.0,0.8,1.0,0.9967,1.0,1.0,0.9998,0.9957,0.9679,0.9462
qY1sXq-YCHs$_$8,1.0,0.9909,1.0,0.8,1.0,1.0,1.0,1.0,0.9998,0.9957,0.9679,0.9462
qmMSumMloAs$_$1,1.0,0.9624,1.0,0.8,1.0,0.9932,1.0,1.0,0.9998,0.9957,0.9679,0.9462
qmMSumMloAs$_$3,1.0,0.9455,1.0,0.8,1.0,0.9455,1.0,1.0,0.9998,0.9957,0.9679,0.9462
qmMSumMloAs$_$2,1.0,0.9998,1.0,1.0,1.0,0.9964,1.0,1.0,0.9998,0.9957,0.9679,0.9462
r13W4H8ZhqI$_$12,1.0,0.8941,1.0,0.8,1.0,0.9824,1.0,1.0,0.9998,0.9957,0.9679,0.9462
r13W4H8ZhqI$_$1,1.0,0.9584,1.0,0.8,1.0,0.9939,1.0,1.0,0.9998,0.9957,0.9679,0.9462
r13W4H8ZhqI$_$5,1.0,0.9091,1.0,0.8,1.0,1.0,1.0,1.0,0.9998,0.9957,0.9679,0.9462
r13W4H8ZhqI$_$8,1.0,0.9941,1.0,1.0,1.0,1.0,1.0,1.0,0.9998,0.9957,0.9679,0.9462
r5ijC2W9ddk$_$8,1.0,0.9926,1.0,1.0,1.0,0.9406,1.0,1.0,0.9998,0.9957,0.9679,0.9462
r5ijC2W9ddk$_$0,1.0,0.9727,1.0,1.0,1.0,0.9727,1.0,0.8,0.9998,0.9957,0.9679,0.9462
r9tgDqXEcuc$_$4,1.0,0.9938,1.0,1.0,1.0,0.9794,1.0,1.0,0.9998,0.9957,0.9679,0.9462
rf0yDSeVEUA$_$1,0.997,0.9996,1.0,1.0,0.9784,0.9808,0.8,1.0,0.9998,0.9957,0.9679,0.9462
rf0yDSeVEUA$_$0,1.0,0.9831,1.0,0.8,1.0,0.9989,1.0,1.0,0.9998,0.9957,0.9679,0.9462
rf0yDSeVEUA$_$3,0.9949,0.9674,1.0,1.0,0.9986,0.9961,1.0,1.0,0.9998,0.9957,0.9679,0.9462
rojyUp4FPSg$_$26,0.9979,0.989,1.0,1.0,0.9852,0.997,1.0,1.0,0.9998,0.9957,0.9679,0.9462
rojyUp4FPSg$_$20,1.0,0.9754,1.0,1.0,1.0,0.9945,1.0,1.0,0.9998,0.9957,0.9679,0.9462
rojyUp4FPSg$_$21,1.0,0.95,1.0,0.8,1.0,0.9833,1.0,1.0,0.9998,0.9957,0.9679,0.9462
rojyUp4FPSg$_$23,1.0,1.0,,,1.0,0.5,,,0.9998,0.9957,0.9679,0.9462
rojyUp4FPSg$_$5,1.0,0.9852,1.0,1.0,1.0,0.997,1.0,1.0,0.9998,0.9957,0.9679,0.9462
rojyUp4FPSg$_$7,1.0,0.9963,1.0,1.0,1.0,0.9951,1.0,1.0,0.9998,0.9957,0.9679,0.9462
rojyUp4FPSg$_$9,1.0,0.9684,1.0,1.0,1.0,0.9966,1.0,1.0,0.9998,0.9957,0.9679,0.9462
rojyUp4FPSg$_$10,1.0,0.9273,1.0,0.8,1.0,0.9273,1.0,0.8,0.9998,0.9957,0.9679,0.9462
rojyUp4FPSg$_$12,1.0,1.0,,,1.0,0.5,,,0.9998,0.9957,0.9679,0.9462
rojyUp4FPSg$_$16,1.0,0.9762,1.0,0.8,1.0,1.0,1.0,1.0,0.9998,0.9957,0.9679,0.9462
rojyUp4FPSg$_$18,1.0,0.9945,1.0,1.0,1.0,0.9176,1.0,0.8,0.9998,0.9957,0.9679,0.9462
rojyUp4FPSg$_$37,1.0,0.9926,1.0,1.0,1.0,0.9975,1.0,1.0,0.9998,0.9957,0.9679,0.9462
rojyUp4FPSg$_$36,,,,,,,,,0.9998,0.9957,0.9679,0.9462
rojyUp4FPSg$_$34,1.0,0.9875,1.0,1.0,1.0,0.9907,1.0,0.8,0.9998,0.9957,0.9679,0.9462
rojyUp4FPSg$_$32,1.0,1.0,,,1.0,0.5,,,0.9998,0.9957,0.9679,0.9462
rwNlqh0k1j4$_$15,1.0,0.9787,1.0,1.0,1.0,0.9725,1.0,1.0,0.9998,0.9957,0.9679,0.9462
rwNlqh0k1j4$_$3,1.0,0.9176,1.0,0.8,1.0,0.9451,1.0,0.8,0.9998,0.9957,0.9679,0.9462
rwNlqh0k1j4$_$2,1.0,0.9422,1.0,0.8,1.0,0.9938,1.0,1.0,0.9998,0.9957,0.9679,0.9462
rwNlqh0k1j4$_$7,1.0,0.9945,1.0,1.0,1.0,0.9425,1.0,1.0,0.9998,0.9957,0.9679,0.9462
sC16n1k66io$_$2,1.0,0.9984,1.0,1.0,1.0,0.9918,1.0,1.0,0.9998,0.9957,0.9679,0.9462
sC16n1k66io$_$16,1.0,0.9286,1.0,1.0,1.0,0.8571,1.0,0.8,0.9998,0.9957,0.9679,0.9462
sPremsknoLM$_$1,,,,,,,,,0.9998,0.9957,0.9679,0.9462
ssqiwP19JhM$_$10,1.0,0.9571,1.0,1.0,1.0,0.9846,1.0,1.0,0.9998,0.9957,0.9679,0.9462
ssqiwP19JhM$_$2,1.0,0.9876,1.0,1.0,1.0,0.969,1.0,1.0,0.9998,0.9957,0.9679,0.9462
szic2IB9HB4$_$5,1.0,0.95,1.0,0.8,1.0,0.9,1.0,0.8,0.9998,0.9957,0.9679,0.9462
tQ-CIfgj-Js$_$3,,,,,,,,,0.9998,0.9957,0.9679,0.9462
tXQpm-nKxNA$_$5,1.0,0.9964,1.0,0.8,1.0,0.9893,1.0,0.8,0.9998,0.9957,0.9679,0.9462
tXQpm-nKxNA$_$7,1.0,0.9992,1.0,1.0,1.0,0.9885,1.0,0.8,0.9998,0.9957,0.9679,0.9462
uacdDoBtT1k$_$0,0.9992,0.9784,1.0,1.0,0.9934,1.0,1.0,1.0,0.9998,0.9957,0.9679,0.9462
uacdDoBtT1k$_$6,1.0,0.9974,1.0,1.0,1.0,1.0,1.0,1.0,0.9998,0.9957,0.9679,0.9462
unNY4zIk8MM$_$1,1.0,0.9692,1.0,0.8,,,,,0.9998,0.9957,0.9679,0.9462
unNY4zIk8MM$_$3,1.0,0.9176,1.0,0.8,,,,,0.9998,0.9957,0.9679,0.9462
unNY4zIk8MM$_$5,1.0,0.9755,1.0,0.8,,,,,0.9998,0.9957,0.9679,0.9462
unNY4zIk8MM$_$8,1.0,0.9286,1.0,0.8,1.0,0.9286,1.0,0.8,0.9998,0.9957,0.9679,0.9462
uooIiW6dEyg$_$1,1.0,1.0,,,1.0,1.0,,,0.9998,0.9957,0.9679,0.9462
uooIiW6dEyg$_$5,1.0,0.9516,1.0,1.0,1.0,0.9734,1.0,0.8,0.9998,0.9957,0.9679,0.9462
v2Rr-EsJda8$_$0,1.0,0.8286,1.0,0.8,,,,,0.9998,0.9957,0.9679,0.9462
v2Rr-EsJda8$_$6,1.0,0.9286,1.0,0.8,,,,,0.9998,0.9957,0.9679,0.9462
v9gjg7TDlTA$_$0,1.0,0.958,1.0,0.8,1.0,0.8531,1.0,0.8,0.9998,0.9957,0.9679,0.9462
v9gjg7TDlTA$_$4,1.0,0.9912,1.0,1.0,1.0,0.9912,1.0,0.8,0.9998,0.9957,0.9679,0.9462
vHzbn_YW76s$_$3,1.0,0.925,1.0,0.8,1.0,1.0,1.0,1.0,0.9998,0.9957,0.9679,0.9462
vU0a4F36Ksw$_$13,1.0,0.9524,1.0,1.0,1.0,0.9444,1.0,0.8,0.9998,0.9957,0.9679,0.9462
vU0a4F36Ksw$_$12,1.0,0.9979,1.0,1.0,1.0,0.9257,1.0,0.8,0.9998,0.9957,0.9679,0.9462
vU0a4F36Ksw$_$17,1.0,0.993,1.0,1.0,1.0,0.979,1.0,1.0,0.9998,0.9957,0.9679,0.9462
vU0a4F36Ksw$_$0,0.9732,0.9922,1.0,1.0,0.9961,0.9831,1.0,1.0,0.9998,0.9957,0.9679,0.9462
vU0a4F36Ksw$_$3,,,,,,,,,0.9998,0.9957,0.9679,0.9462
vU0a4F36Ksw$_$5,1.0,0.9991,1.0,1.0,1.0,0.9757,1.0,0.8,0.9998,0.9957,0.9679,0.9462
vU0a4F36Ksw$_$7,1.0,0.9464,1.0,0.8,1.0,0.9786,1.0,1.0,0.9998,0.9957,0.9679,0.9462
vU0a4F36Ksw$_$20,,,,,,,,,0.9998,0.9957,0.9679,0.9462
vbr3EA8cJTI$_$0,1.0,0.9893,1.0,0.8,1.0,0.9893,1.0,1.0,0.9998,0.9957,0.9679,0.9462
vbr3EA8cJTI$_$2,1.0,1.0,1.0,1.0,1.0,0.9979,1.0,1.0,0.9998,0.9957,0.9679,0.9462
vbr3EA8cJTI$_$7,1.0,0.9938,1.0,1.0,1.0,0.9979,1.0,1.0,0.9998,0.9957,0.9679,0.9462
vbr3EA8cJTI$_$6,1.0,1.0,1.0,1.0,1.0,0.9426,1.0,0.8,0.9998,0.9957,0.9679,0.9462
wF8980oGklk$_$24,1.0,1.0,1.0,1.0,1.0,0.9938,1.0,1.0,0.9998,0.9957,0.9679,0.9462
wF8980oGklk$_$25,1.0,0.8286,1.0,0.8,1.0,0.8286,1.0,0.8,0.9998,0.9957,0.9679,0.9462
wF8980oGklk$_$1,1.0,1.0,,,1.0,1.0,,,0.9998,0.9957,0.9679,0.9462
wF8980oGklk$_$0,1.0,0.9736,1.0,1.0,,,,,0.9998,0.9957,0.9679,0.9462
wF8980oGklk$_$3,1.0,0.9835,1.0,0.8,1.0,0.8846,1.0,0.8,0.9998,0.9957,0.9679,0.9462
wF8980oGklk$_$2,,,,,,,,,0.9998,0.9957,0.9679,0.9462
wF8980oGklk$_$6,1.0,0.9955,1.0,1.0,1.0,1.0,1.0,1.0,0.9998,0.9957,0.9679,0.9462
wF8980oGklk$_$17,1.0,0.9947,1.0,1.0,1.0,1.0,1.0,1.0,0.9998,0.9957,0.9679,0.9462
wosolsrH3sM$_$6,0.9784,0.989,1.0,1.0,0.9961,0.989,1.0,1.0,0.9998,0.9957,0.9679,0.9462
x-zGBp7axao$_$3,0.9996,0.9996,1.0,1.0,0.997,0.9831,1.0,1.0,0.9998,0.9957,0.9679,0.9462
x2lOwQaAn4g$_$4,1.0,0.9868,1.0,0.8,1.0,1.0,1.0,1.0,0.9998,0.9957,0.9679,0.9462
xUgAP84vsg4$_$15,1.0,0.9853,1.0,0.8,1.0,0.95,1.0,1.0,0.9998,0.9957,0.9679,0.9462
xUgAP84vsg4$_$4,1.0,0.969,1.0,0.8,1.0,0.9071,1.0,1.0,0.9998,0.9957,0.9679,0.9462
xUgAP84vsg4$_$8,1.0,0.9429,1.0,0.8,1.0,0.9429,1.0,0.8,0.9998,0.9957,0.9679,0.9462
xivYoEUQ5sk$_$5,1.0,1.0,1.0,1.0,1.0,0.9864,1.0,0.8,0.9998,0.9957,0.9679,0.9462
xivYoEUQ5sk$_$4,1.0,0.9966,1.0,1.0,1.0,0.9593,1.0,1.0,0.9998,0.9957,0.9679,0.9462
xjsaS-LeZ14$_$20,1.0,0.925,1.0,0.8,1.0,0.9643,1.0,1.0,0.9998,0.9957,0.9679,0.9462
xjsaS-LeZ14$_$14,1.0,0.9643,1.0,0.8,1.0,1.0,1.0,1.0,0.9998,0.9957,0.9679,0.9462
xjsaS-LeZ14$_$6,0.9907,0.9986,1.0,1.0,0.9831,0.9949,0.8,1.0,0.9998,0.9957,0.9679,0.9462
y8HXGm1-Ecw$_$7,1.0,0.9947,1.0,1.0,1.0,0.9737,1.0,0.8,0.9998,0.9957,0.9679,0.9462
y9FyTEyGy5Y$_$1,1.0,1.0,1.0,1.0,1.0,1.0,1.0,1.0,0.9998,0.9957,0.9679,0.9462
zhE_68GMJIk$_$8,1.0,0.9632,1.0,0.8,1.0,0.9737,1.0,1.0,0.9998,0.9957,0.9679,0.9462
zhE_68GMJIk$_$5,1.0,0.9992,1.0,1.0,1.0,0.9192,1.0,0.8,0.9998,0.9957,0.9679,0.9462
zjYEBwXGD8I$_$13,1.0,0.9722,1.0,1.0,1.0,0.9936,1.0,0.8,0.9998,0.9957,0.9679,0.9462
zjYEBwXGD8I$_$15,1.0,0.9559,1.0,0.8,,,,,0.9998,0.9957,0.9679,0.9462
zjYEBwXGD8I$_$0,1.0,0.8929,1.0,0.8,1.0,0.9643,1.0,1.0,0.9998,0.9957,0.9679,0.9462
zjYEBwXGD8I$_$2,1.0,0.8333,1.0,0.8,1.0,0.9,1.0,0.8,0.9998,0.9957,0.9679,0.9462
zjYEBwXGD8I$_$4,1.0,1.0,1.0,1.0,,,,,0.9998,0.9957,0.9679,0.9462
zjYEBwXGD8I$_$9,1.0,0.9831,1.0,1.0,1.0,1.0,1.0,1.0,0.9998,0.9957,0.9679,0.9462
zk2jTlAtvSU$_$3,1.0,0.9754,1.0,1.0,1.0,0.9555,1.0,0.8,0.9998,0.9957,0.9679,0.9462
