sample_id,video,duration_s,text_mask_rle,audio_observed_rle,vision_observed_rle,audio_valid_rle,vision_valid_rle
01,01.mp4,9.0,"1x24,0x26","0x1,1x22,0x27","0x1,1x22,0x27","0x1,1x22,0x27","0x1,1x22,0x27"
02,02.mp4,3.49,"1x21,0x29","0x1,1x19,0x30","0x1,1x19,0x30","0x1,1x19,0x30","0x1,1x19,0x30"
03,03.mp4,9.66,"1x35,0x15","0x1,1x33,0x16","0x1,1x33,0x16","0x1,1x33,0x16","0x1,1x33,0x16"
04,04.mp4,6.99,"1x28,0x22","0x1,1x26,0x23","0x1,1x26,0x23","0x1,1x26,0x23","0x1,1x26,0x23"
05,05.mp4,6.1,"1x17,0x33","0x1,1x15,0x34","0x1,1x15,0x34","0x1,1x15,0x34","0x1,1x15,0x34"
06,06.mp4,8.31,"1x37,0x13","0x1,1x35,0x14","0x1,1x35,0x14","0x1,1x35,0x14","0x1,1x35,0x14"
07,07.mp4,21.35,1x50,"0x1,1x48,0x1","0x1,1x48,0x1","0x1,1x48,0x1","0x1,1x48,0x1"
08,08.mp4,5.09,"1x13,0x37","0x1,1x11,0x38","0x1,1x11,0x38","0x1,1x11,0x38","0x1,1x11,0x38"
09,09.mp4,5.04,"1x20,0x30","0x1,1x18,0x31","0x1,1x18,0x31","0x1,1x18,0x31","0x1,1x18,0x31"
10,10.mp4,9.94,"1x32,0x18","0x1,1x30,0x19","0x1,1x30,0x19","0x1,1x30,0x19","0x1,1x30,0x19"
11,11.mp4,5.8,"1x16,0x34","0x1,1x14,0x35","0x1,1x14,0x35","0x1,1x14,0x35","0x1,1x14,0x35"
12,12.mp4,13.01,"1x44,0x6","0x1,1x42,0x7","0x1,1x42,0x7","0x1,1x42,0x7","0x1,1x42,0x7"
13,13.mp4,8.68,"1x32,0x18","0x1,1x30,0x19",0x50,"0x1,1x30,0x19",0x50
14,14.mp4,10.35,"1x37,0x13","0x1,1x35,0x14","0x1,1x35,0x14","0x1,1x35,0x14","0x1,1x35,0x14"
15,15.mp4,7.33,"1x23,0x27","0x1,1x21,0x28","0x1,1x21,0x28","0x1,1x21,0x28","0x1,1x21,0x28"
16,16.mp4,3.11,"1x13,0x37","0x1,1x11,0x38","0x1,1x11,0x38","0x1,1x11,0x38","0x1,1x11,0x38"
17,17.mp4,9.67,"1x26,0x24","0x1,1x24,0x25","0x1,1x24,0x25","0x1,1x24,0x25","0x1,1x24,0x25"
18,18.mp4,18.81,1x50,"0x1,1x48,0x1","0x1,1x48,0x1","0x1,1x48,0x1","0x1,1x48,0x1"
19,19.mp4,13.68,"1x41,0x9","0x1,1x39,0x10","0x1,1x39,0x10","0x1,1x39,0x10","0x1,1x39,0x10"
20,20.mp4,10.95,"1x45,0x5","0x1,1x43,0x6","0x1,1x43,0x6","0x1,1x43,0x6","0x1,1x43,0x6"
