sample_id,文本_可评估词元数,文本_保留关键词元数,文本_关键词元占比,文本_关键词元是否分散,音频_可评估窗口数,音频_保留关键窗口数,音频_关键窗口占比,音频_关键窗口是否分散,音频_秒数可回看,视觉_可评估窗口数,视觉_保留关键窗口数,视觉_关键窗口占比,视觉_关键窗口是否分散,视觉_秒数可回看
-UacrmKiTn4$_$7,27,5,0.1852,是,22,5,0.2273,是,不可回看（附件2 无时长字段）,22,5,0.2273,是,不可回看（附件2 无时长字段）
-qDkUB0GgYY$_$5,48,5,0.1042,是,44,5,0.1136,是,不可回看（附件2 无时长字段）,44,5,0.1136,是,不可回看（附件2 无时长字段）
0utROiKxejc$_$1,17,5,0.2941,否,12,5,0.4167,是,不可回看（附件2 无时长字段）,12,5,0.4167,是,不可回看（附件2 无时长字段）
0utROiKxejc$_$4,34,5,0.1471,是,29,5,0.1724,是,不可回看（附件2 无时长字段）,29,5,0.1724,是,不可回看（附件2 无时长字段）
0y022OlZ3W0$_$3,18,5,0.2778,是,13,5,0.3846,是,不可回看（附件2 无时长字段）,13,5,0.3846,是,不可回看（附件2 无时长字段）
0y022OlZ3W0$_$5,23,5,0.2174,否,18,5,0.2778,是,不可回看（附件2 无时长字段）,18,5,0.2778,是,不可回看（附件2 无时长字段）
0y022OlZ3W0$_$8,14,5,0.3571,否,9,5,0.5556,是,不可回看（附件2 无时长字段）,9,5,0.5556,是,不可回看（附件2 无时长字段）
101787$_$11,33,5,0.1515,是,28,5,0.1786,是,不可回看（附件2 无时长字段）,28,5,0.1786,是,不可回看（附件2 无时长字段）
101787$_$13,20,5,0.25,否,15,5,0.3333,是,不可回看（附件2 无时长字段）,15,5,0.3333,是,不可回看（附件2 无时长字段）
101787$_$1,17,5,0.2941,是,12,5,0.4167,是,不可回看（附件2 无时长字段）,12,5,0.4167,是,不可回看（附件2 无时长字段）
101787$_$5,18,5,0.2778,否,13,5,0.3846,是,不可回看（附件2 无时长字段）,6,5,0.8333,否,不可回看（附件2 无时长字段）
101787$_$7,9,5,0.5556,否,4,4,1.0,否,不可回看（附件2 无时长字段）,4,4,1.0,否,不可回看（附件2 无时长字段）
101787$_$9,20,5,0.25,否,15,5,0.3333,否,不可回看（附件2 无时长字段）,15,5,0.3333,是,不可回看（附件2 无时长字段）
102408$_$2,8,5,0.625,否,3,3,1.0,否,不可回看（附件2 无时长字段）,3,3,1.0,否,不可回看（附件2 无时长字段）
102408$_$5,30,5,0.1667,是,25,5,0.2,是,不可回看（附件2 无时长字段）,25,5,0.2,是,不可回看（附件2 无时长字段）
102408$_$9,30,5,0.1667,是,25,5,0.2,是,不可回看（附件2 无时长字段）,25,5,0.2,否,不可回看（附件2 无时长字段）
102858$_$20,25,5,0.2,是,20,5,0.25,是,不可回看（附件2 无时长字段）,20,5,0.25,是,不可回看（附件2 无时长字段）
102858$_$21,28,5,0.1786,否,23,5,0.2174,否,不可回看（附件2 无时长字段）,23,5,0.2174,否,不可回看（附件2 无时长字段）
102858$_$1,23,5,0.2174,是,18,5,0.2778,是,不可回看（附件2 无时长字段）,18,5,0.2778,是,不可回看（附件2 无时长字段）
102858$_$0,4,4,1.0,否,0,0,,,不可回看（附件2 无时长字段）,0,0,,,不可回看（附件2 无时长字段）
102858$_$4,48,5,0.1042,是,44,5,0.1136,否,不可回看（附件2 无时长字段）,44,5,0.1136,否,不可回看（附件2 无时长字段）
102858$_$6,27,5,0.1852,是,22,5,0.2273,否,不可回看（附件2 无时长字段）,22,5,0.2273,是,不可回看（附件2 无时长字段）
102858$_$10,11,5,0.4545,否,6,5,0.8333,否,不可回看（附件2 无时长字段）,6,5,0.8333,否,不可回看（附件2 无时长字段）
102858$_$17,10,5,0.5,否,5,5,1.0,否,不可回看（附件2 无时长字段）,5,5,1.0,否,不可回看（附件2 无时长字段）
102858$_$19,13,5,0.3846,否,8,5,0.625,是,不可回看（附件2 无时长字段）,8,5,0.625,是,不可回看（附件2 无时长字段）
112433$_$10,2,2,1.0,否,0,0,,,不可回看（附件2 无时长字段）,0,0,,,不可回看（附件2 无时长字段）
112433$_$3,33,5,0.1515,是,28,5,0.1786,是,不可回看（附件2 无时长字段）,28,5,0.1786,否,不可回看（附件2 无时长字段）
112433$_$7,10,5,0.5,否,5,5,1.0,否,不可回看（附件2 无时长字段）,5,5,1.0,否,不可回看（附件2 无时长字段）
112433$_$6,25,5,0.2,是,20,5,0.25,是,不可回看（附件2 无时长字段）,20,5,0.25,是,不可回看（附件2 无时长字段）
117tQqLjza4$_$6,16,5,0.3125,是,11,5,0.4545,是,不可回看（附件2 无时长字段）,11,5,0.4545,是,不可回看（附件2 无时长字段）
11j7EfglCAs$_$2,25,5,0.2,是,20,5,0.25,是,不可回看（附件2 无时长字段）,11,5,0.4545,否,不可回看（附件2 无时长字段）
121128$_$10,16,5,0.3125,是,11,5,0.4545,是,不可回看（附件2 无时长字段）,11,5,0.4545,是,不可回看（附件2 无时长字段）
121128$_$1,30,5,0.1667,是,25,5,0.2,是,不可回看（附件2 无时长字段）,25,5,0.2,否,不可回看（附件2 无时长字段）
121128$_$0,12,5,0.4167,否,7,5,0.7143,是,不可回看（附件2 无时长字段）,7,5,0.7143,否,不可回看（附件2 无时长字段）
121128$_$5,8,5,0.625,否,3,3,1.0,否,不可回看（附件2 无时长字段）,3,3,1.0,否,不可回看（附件2 无时长字段）
125344$_$0,48,5,0.1042,是,44,5,0.1136,否,不可回看（附件2 无时长字段）,9,5,0.5556,是,不可回看（附件2 无时长字段）
125676$_$0,14,5,0.3571,否,9,5,0.5556,是,不可回看（附件2 无时长字段）,9,5,0.5556,是,不可回看（附件2 无时长字段）
125676$_$4,28,5,0.1786,否,23,5,0.2174,是,不可回看（附件2 无时长字段）,23,5,0.2174,是,不可回看（附件2 无时长字段）
128059$_$11,39,5,0.1282,是,34,5,0.1471,是,不可回看（附件2 无时长字段）,34,5,0.1471,否,不可回看（附件2 无时长字段）
128059$_$12,17,5,0.2941,否,12,5,0.4167,是,不可回看（附件2 无时长字段）,7,5,0.7143,否,不可回看（附件2 无时长字段）
128059$_$2,15,5,0.3333,否,10,5,0.5,是,不可回看（附件2 无时长字段）,10,5,0.5,是,不可回看（附件2 无时长字段）
128059$_$7,48,5,0.1042,是,44,5,0.1136,是,不可回看（附件2 无时长字段）,44,5,0.1136,是,不可回看（附件2 无时长字段）
128059$_$6,48,5,0.1042,是,44,5,0.1136,是,不可回看（附件2 无时长字段）,44,5,0.1136,是,不可回看（附件2 无时长字段）
128059$_$9,23,5,0.2174,否,18,5,0.2778,是,不可回看（附件2 无时长字段）,18,5,0.2778,是,不可回看（附件2 无时长字段）
128763$_$12,19,5,0.2632,是,14,5,0.3571,是,不可回看（附件2 无时长字段）,14,5,0.3571,是,不可回看（附件2 无时长字段）
128763$_$3,25,5,0.2,是,20,5,0.25,是,不可回看（附件2 无时长字段）,20,5,0.25,是,不可回看（附件2 无时长字段）
128763$_$2,13,5,0.3846,否,8,5,0.625,是,不可回看（附件2 无时长字段）,8,5,0.625,是,不可回看（附件2 无时长字段）
128763$_$5,11,5,0.4545,否,6,5,0.8333,否,不可回看（附件2 无时长字段）,6,5,0.8333,否,不可回看（附件2 无时长字段）
128763$_$7,17,5,0.2941,否,12,5,0.4167,是,不可回看（附件2 无时长字段）,12,5,0.4167,是,不可回看（附件2 无时长字段）
128763$_$8,9,5,0.5556,否,4,4,1.0,否,不可回看（附件2 无时长字段）,4,4,1.0,否,不可回看（附件2 无时长字段）
130456$_$11,35,5,0.1429,是,30,5,0.1667,是,不可回看（附件2 无时长字段）,30,5,0.1667,否,不可回看（附件2 无时长字段）
130456$_$3,20,5,0.25,是,15,5,0.3333,是,不可回看（附件2 无时长字段）,10,5,0.5,是,不可回看（附件2 无时长字段）
130456$_$5,12,5,0.4167,否,7,5,0.7143,否,不可回看（附件2 无时长字段）,7,5,0.7143,是,不可回看（附件2 无时长字段）
130456$_$4,24,5,0.2083,是,19,5,0.2632,是,不可回看（附件2 无时长字段）,19,5,0.2632,是,不可回看（附件2 无时长字段）
130456$_$7,9,5,0.5556,否,4,4,1.0,否,不可回看（附件2 无时长字段）,4,4,1.0,否,不可回看（附件2 无时长字段）
130456$_$6,34,5,0.1471,是,29,5,0.1724,是,不可回看（附件2 无时长字段）,29,5,0.1724,是,不可回看（附件2 无时长字段）
188343$_$13,43,5,0.1163,是,38,5,0.1316,是,不可回看（附件2 无时长字段）,38,5,0.1316,是,不可回看（附件2 无时长字段）
188343$_$12,31,5,0.1613,是,26,5,0.1923,是,不可回看（附件2 无时长字段）,26,5,0.1923,否,不可回看（附件2 无时长字段）
188343$_$5,21,5,0.2381,是,16,5,0.3125,否,不可回看（附件2 无时长字段）,16,5,0.3125,是,不可回看（附件2 无时长字段）
188343$_$9,31,5,0.1613,是,26,5,0.1923,是,不可回看（附件2 无时长字段）,26,5,0.1923,是,不可回看（附件2 无时长字段）
188343$_$8,22,5,0.2273,是,17,5,0.2941,是,不可回看（附件2 无时长字段）,17,5,0.2941,是,不可回看（附件2 无时长字段）
1HK7Nea0PFo$_$1,18,5,0.2778,是,13,5,0.3846,是,不可回看（附件2 无时长字段）,13,5,0.3846,否,不可回看（附件2 无时长字段）
216097$_$1,14,5,0.3571,是,9,5,0.5556,是,不可回看（附件2 无时长字段）,0,0,,,不可回看（附件2 无时长字段）
216097$_$2,25,5,0.2,否,20,5,0.25,是,不可回看（附件2 无时长字段）,14,5,0.3571,是,不可回看（附件2 无时长字段）
216097$_$5,33,5,0.1515,是,28,5,0.1786,是,不可回看（附件2 无时长字段）,19,5,0.2632,是,不可回看（附件2 无时长字段）
216097$_$4,47,5,0.1064,是,42,5,0.119,否,不可回看（附件2 无时长字段）,33,5,0.1515,是,不可回看（附件2 无时长字段）
216097$_$7,48,5,0.1042,是,44,5,0.1136,是,不可回看（附件2 无时长字段）,40,5,0.125,是,不可回看（附件2 无时长字段）
216097$_$8,13,5,0.3846,否,8,5,0.625,是,不可回看（附件2 无时长字段）,0,0,,,不可回看（附件2 无时长字段）
223431$_$11,28,5,0.1786,是,23,5,0.2174,是,不可回看（附件2 无时长字段）,23,5,0.2174,是,不可回看（附件2 无时长字段）
223431$_$10,14,5,0.3571,否,9,5,0.5556,是,不可回看（附件2 无时长字段）,9,5,0.5556,否,不可回看（附件2 无时长字段）
223431$_$13,25,5,0.2,是,20,5,0.25,是,不可回看（附件2 无时长字段）,20,5,0.25,是,不可回看（附件2 无时长字段）
223431$_$0,3,3,1.0,否,0,0,,,不可回看（附件2 无时长字段）,0,0,,,不可回看（附件2 无时长字段）
223431$_$5,18,5,0.2778,否,13,5,0.3846,是,不可回看（附件2 无时长字段）,13,5,0.3846,是,不可回看（附件2 无时长字段）
225770$_$3,48,5,0.1042,是,44,5,0.1136,是,不可回看（附件2 无时长字段）,44,5,0.1136,是,不可回看（附件2 无时长字段）
225770$_$5,7,5,0.7143,否,2,2,1.0,否,不可回看（附件2 无时长字段）,2,2,1.0,否,不可回看（附件2 无时长字段）
225770$_$4,33,5,0.1515,是,28,5,0.1786,否,不可回看（附件2 无时长字段）,28,5,0.1786,是,不可回看（附件2 无时长字段）
225770$_$6,34,5,0.1471,是,29,5,0.1724,是,不可回看（附件2 无时长字段）,29,5,0.1724,否,不可回看（附件2 无时长字段）
236021$_$12,13,5,0.3846,否,8,5,0.625,是,不可回看（附件2 无时长字段）,8,5,0.625,是,不可回看（附件2 无时长字段）
236021$_$1,28,5,0.1786,是,23,5,0.2174,是,不可回看（附件2 无时长字段）,23,5,0.2174,否,不可回看（附件2 无时长字段）
236021$_$3,8,5,0.625,否,3,3,1.0,否,不可回看（附件2 无时长字段）,3,3,1.0,否,不可回看（附件2 无时长字段）
236021$_$2,48,5,0.1042,否,44,5,0.1136,是,不可回看（附件2 无时长字段）,44,5,0.1136,否,不可回看（附件2 无时长字段）
236021$_$5,16,5,0.3125,否,11,5,0.4545,是,不可回看（附件2 无时长字段）,11,5,0.4545,是,不可回看（附件2 无时长字段）
236021$_$4,48,5,0.1042,是,44,5,0.1136,否,不可回看（附件2 无时长字段）,44,5,0.1136,否,不可回看（附件2 无时长字段）
237009$_$11,10,5,0.5,否,5,5,1.0,否,不可回看（附件2 无时长字段）,5,5,1.0,否,不可回看（附件2 无时长字段）
237009$_$12,46,5,0.1087,是,41,5,0.122,是,不可回看（附件2 无时长字段）,41,5,0.122,是,不可回看（附件2 无时长字段）
237009$_$4,20,5,0.25,否,15,5,0.3333,是,不可回看（附件2 无时长字段）,4,4,1.0,否,不可回看（附件2 无时长字段）
237009$_$7,9,5,0.5556,否,4,4,1.0,否,不可回看（附件2 无时长字段）,4,4,1.0,否,不可回看（附件2 无时长字段）
237009$_$9,13,5,0.3846,否,8,5,0.625,否,不可回看（附件2 无时长字段）,8,5,0.625,否,不可回看（附件2 无时长字段）
241629$_$10,19,5,0.2632,否,14,5,0.3571,是,不可回看（附件2 无时长字段）,5,5,1.0,否,不可回看（附件2 无时长字段）
241629$_$0,14,5,0.3571,否,9,5,0.5556,是,不可回看（附件2 无时长字段）,9,5,0.5556,是,不可回看（附件2 无时长字段）
241629$_$3,29,5,0.1724,是,24,5,0.2083,是,不可回看（附件2 无时长字段）,24,5,0.2083,是,不可回看（附件2 无时长字段）
241629$_$5,28,5,0.1786,否,23,5,0.2174,是,不可回看（附件2 无时长字段）,23,5,0.2174,是,不可回看（附件2 无时长字段）
241629$_$8,48,5,0.1042,是,44,5,0.1136,是,不可回看（附件2 无时长字段）,44,5,0.1136,否,不可回看（附件2 无时长字段）
243646$_$11,20,5,0.25,是,15,5,0.3333,是,不可回看（附件2 无时长字段）,15,5,0.3333,是,不可回看（附件2 无时长字段）
243646$_$12,48,5,0.1042,是,44,5,0.1136,否,不可回看（附件2 无时长字段）,44,5,0.1136,是,不可回看（附件2 无时长字段）
243646$_$9,2,2,1.0,否,0,0,,,不可回看（附件2 无时长字段）,0,0,,,不可回看（附件2 无时长字段）
243646$_$8,13,5,0.3846,否,8,5,0.625,是,不可回看（附件2 无时长字段）,8,5,0.625,是,不可回看（附件2 无时长字段）
247318$_$12,14,5,0.3571,否,9,5,0.5556,否,不可回看（附件2 无时长字段）,9,5,0.5556,是,不可回看（附件2 无时长字段）
247318$_$1,17,5,0.2941,否,12,5,0.4167,是,不可回看（附件2 无时长字段）,12,5,0.4167,是,不可回看（附件2 无时长字段）
247318$_$3,6,5,0.8333,否,1,1,1.0,否,不可回看（附件2 无时长字段）,1,1,1.0,否,不可回看（附件2 无时长字段）
247318$_$2,18,5,0.2778,是,13,5,0.3846,是,不可回看（附件2 无时长字段）,13,5,0.3846,是,不可回看（附件2 无时长字段）
247318$_$5,20,5,0.25,是,15,5,0.3333,否,不可回看（附件2 无时长字段）,15,5,0.3333,是,不可回看（附件2 无时长字段）
247318$_$7,7,5,0.7143,否,2,2,1.0,否,不可回看（附件2 无时长字段）,2,2,1.0,否,不可回看（附件2 无时长字段）
247318$_$6,6,5,0.8333,否,1,1,1.0,否,不可回看（附件2 无时长字段）,1,1,1.0,否,不可回看（附件2 无时长字段）
252998$_$1,19,5,0.2632,是,14,5,0.3571,是,不可回看（附件2 无时长字段）,14,5,0.3571,是,不可回看（附件2 无时长字段）
252998$_$0,15,5,0.3333,否,10,5,0.5,是,不可回看（附件2 无时长字段）,10,5,0.5,是,不可回看（附件2 无时长字段）
252998$_$5,42,5,0.119,是,37,5,0.1351,是,不可回看（附件2 无时长字段）,37,5,0.1351,是,不可回看（附件2 无时长字段）
252998$_$4,48,5,0.1042,否,44,5,0.1136,否,不可回看（附件2 无时长字段）,44,5,0.1136,否,不可回看（附件2 无时长字段）
252998$_$7,38,5,0.1316,是,33,5,0.1515,是,不可回看（附件2 无时长字段）,26,5,0.1923,是,不可回看（附件2 无时长字段）
252998$_$8,12,5,0.4167,否,7,5,0.7143,否,不可回看（附件2 无时长字段）,7,5,0.7143,是,不可回看（附件2 无时长字段）
257247$_$10,9,5,0.5556,否,4,4,1.0,否,不可回看（附件2 无时长字段）,4,4,1.0,否,不可回看（附件2 无时长字段）
257247$_$12,20,5,0.25,是,15,5,0.3333,是,不可回看（附件2 无时长字段）,15,5,0.3333,是,不可回看（附件2 无时长字段）
257247$_$2,19,5,0.2632,是,14,5,0.3571,是,不可回看（附件2 无时长字段）,14,5,0.3571,是,不可回看（附件2 无时长字段）
258654$_$1,48,5,0.1042,是,44,5,0.1136,是,不可回看（附件2 无时长字段）,44,5,0.1136,否,不可回看（附件2 无时长字段）
258654$_$3,48,5,0.1042,是,44,5,0.1136,是,不可回看（附件2 无时长字段）,44,5,0.1136,否,不可回看（附件2 无时长字段）
258654$_$4,16,5,0.3125,否,11,5,0.4545,是,不可回看（附件2 无时长字段）,11,5,0.4545,是,不可回看（附件2 无时长字段）
266791$_$24,17,5,0.2941,是,12,5,0.4167,是,不可回看（附件2 无时长字段）,12,5,0.4167,是,不可回看（附件2 无时长字段）
266791$_$20,37,5,0.1351,是,32,5,0.1562,是,不可回看（附件2 无时长字段）,32,5,0.1562,是,不可回看（附件2 无时长字段）
266791$_$21,48,5,0.1042,是,44,5,0.1136,是,不可回看（附件2 无时长字段）,44,5,0.1136,是,不可回看（附件2 无时长字段）
266791$_$23,35,5,0.1429,是,30,5,0.1667,是,不可回看（附件2 无时长字段）,30,5,0.1667,否,不可回看（附件2 无时长字段）
266791$_$29,4,4,1.0,否,0,0,,,不可回看（附件2 无时长字段）,0,0,,,不可回看（附件2 无时长字段）
266791$_$3,20,5,0.25,是,15,5,0.3333,是,不可回看（附件2 无时长字段）,15,5,0.3333,是,不可回看（附件2 无时长字段）
266791$_$5,33,5,0.1515,是,28,5,0.1786,是,不可回看（附件2 无时长字段）,28,5,0.1786,是,不可回看（附件2 无时长字段）
266791$_$4,14,5,0.3571,否,9,5,0.5556,是,不可回看（附件2 无时长字段）,9,5,0.5556,是,不可回看（附件2 无时长字段）
266791$_$6,37,5,0.1351,是,32,5,0.1562,是,不可回看（附件2 无时长字段）,32,5,0.1562,是,不可回看（附件2 无时长字段）
266791$_$8,12,5,0.4167,否,7,5,0.7143,是,不可回看（附件2 无时长字段）,7,5,0.7143,是,不可回看（附件2 无时长字段）
266791$_$11,12,5,0.4167,否,7,5,0.7143,否,不可回看（附件2 无时长字段）,7,5,0.7143,是,不可回看（附件2 无时长字段）
266791$_$14,27,5,0.1852,是,22,5,0.2273,是,不可回看（附件2 无时长字段）,22,5,0.2273,是,不可回看（附件2 无时长字段）
270254$_$23,18,5,0.2778,否,13,5,0.3846,是,不可回看（附件2 无时长字段）,13,5,0.3846,是,不可回看（附件2 无时长字段）
270254$_$0,19,5,0.2632,是,14,5,0.3571,是,不可回看（附件2 无时长字段）,14,5,0.3571,是,不可回看（附件2 无时长字段）
270254$_$6,33,5,0.1515,否,28,5,0.1786,是,不可回看（附件2 无时长字段）,20,5,0.25,是,不可回看（附件2 无时长字段）
270254$_$8,25,5,0.2,是,20,5,0.25,是,不可回看（附件2 无时长字段）,20,5,0.25,是,不可回看（附件2 无时长字段）
270254$_$11,7,5,0.7143,否,2,2,1.0,否,不可回看（附件2 无时长字段）,2,2,1.0,否,不可回看（附件2 无时长字段）
270254$_$14,11,5,0.4545,否,6,5,0.8333,否,不可回看（附件2 无时长字段）,6,5,0.8333,否,不可回看（附件2 无时长字段）
270254$_$16,16,5,0.3125,否,11,5,0.4545,是,不可回看（附件2 无时长字段）,11,5,0.4545,是,不可回看（附件2 无时长字段）
272624$_$10,48,5,0.1042,是,44,5,0.1136,否,不可回看（附件2 无时长字段）,44,5,0.1136,是,不可回看（附件2 无时长字段）
272624$_$13,38,5,0.1316,是,33,5,0.1515,是,不可回看（附件2 无时长字段）,33,5,0.1515,是,不可回看（附件2 无时长字段）
272624$_$12,23,5,0.2174,否,18,5,0.2778,是,不可回看（附件2 无时长字段）,18,5,0.2778,是,不可回看（附件2 无时长字段）
272624$_$16,48,5,0.1042,是,44,5,0.1136,否,不可回看（附件2 无时长字段）,44,5,0.1136,是,不可回看（附件2 无时长字段）
272624$_$18,37,5,0.1351,是,32,5,0.1562,是,不可回看（附件2 无时长字段）,32,5,0.1562,否,不可回看（附件2 无时长字段）
272624$_$2,47,5,0.1064,是,42,5,0.119,是,不可回看（附件2 无时长字段）,42,5,0.119,否,不可回看（附件2 无时长字段）
272624$_$6,36,5,0.1389,是,31,5,0.1613,是,不可回看（附件2 无时长字段）,31,5,0.1613,是,不可回看（附件2 无时长字段）
272624$_$9,48,5,0.1042,是,43,5,0.1163,是,不可回看（附件2 无时长字段）,43,5,0.1163,是,不可回看（附件2 无时长字段）
272624$_$8,44,5,0.1136,是,39,5,0.1282,是,不可回看（附件2 无时长字段）,39,5,0.1282,是,不可回看（附件2 无时长字段）
273539$_$3,31,5,0.1613,是,26,5,0.1923,是,不可回看（附件2 无时长字段）,26,5,0.1923,是,不可回看（附件2 无时长字段）
273539$_$2,4,4,1.0,否,0,0,,,不可回看（附件2 无时长字段）,0,0,,,不可回看（附件2 无时长字段）
273539$_$9,47,5,0.1064,是,42,5,0.119,是,不可回看（附件2 无时长字段）,42,5,0.119,是,不可回看（附件2 无时长字段）
290546$_$3,24,5,0.2083,否,19,5,0.2632,是,不可回看（附件2 无时长字段）,19,5,0.2632,是,不可回看（附件2 无时长字段）
290546$_$5,34,5,0.1471,是,29,5,0.1724,是,不可回看（附件2 无时长字段）,29,5,0.1724,是,不可回看（附件2 无时长字段）
290546$_$7,48,5,0.1042,是,44,5,0.1136,否,不可回看（附件2 无时长字段）,44,5,0.1136,是,不可回看（附件2 无时长字段）
290546$_$6,9,5,0.5556,否,4,4,1.0,否,不可回看（附件2 无时长字段）,4,4,1.0,否,不可回看（附件2 无时长字段）
2S00zYaVrtc$_$10,19,5,0.2632,否,14,5,0.3571,是,不可回看（附件2 无时长字段）,14,5,0.3571,是,不可回看（附件2 无时长字段）
2S00zYaVrtc$_$12,18,5,0.2778,是,13,5,0.3846,是,不可回看（附件2 无时长字段）,13,5,0.3846,是,不可回看（附件2 无时长字段）
2S00zYaVrtc$_$20,17,5,0.2941,是,12,5,0.4167,是,不可回看（附件2 无时长字段）,12,5,0.4167,是,不可回看（附件2 无时长字段）
2S00zYaVrtc$_$17,19,5,0.2632,否,14,5,0.3571,是,不可回看（附件2 无时长字段）,14,5,0.3571,是,不可回看（附件2 无时长字段）
2S00zYaVrtc$_$5,26,5,0.1923,是,21,5,0.2381,是,不可回看（附件2 无时长字段）,21,5,0.2381,否,不可回看（附件2 无时长字段）
2S00zYaVrtc$_$4,21,5,0.2381,否,16,5,0.3125,是,不可回看（附件2 无时长字段）,16,5,0.3125,是,不可回看（附件2 无时长字段）
2Xt31_d0XEE$_$2,25,5,0.2,是,20,5,0.25,是,不可回看（附件2 无时长字段）,20,5,0.25,否,不可回看（附件2 无时长字段）
31474$_$11,8,5,0.625,否,3,3,1.0,否,不可回看（附件2 无时长字段）,3,3,1.0,否,不可回看（附件2 无时长字段）
31474$_$14,17,5,0.2941,否,12,5,0.4167,是,不可回看（附件2 无时长字段）,12,5,0.4167,是,不可回看（附件2 无时长字段）
31474$_$0,24,5,0.2083,是,19,5,0.2632,是,不可回看（附件2 无时长字段）,19,5,0.2632,是,不可回看（附件2 无时长字段）
31474$_$3,26,5,0.1923,是,21,5,0.2381,是,不可回看（附件2 无时长字段）,21,5,0.2381,是,不可回看（附件2 无时长字段）
31474$_$6,17,5,0.2941,否,12,5,0.4167,是,不可回看（附件2 无时长字段）,12,5,0.4167,是,不可回看（附件2 无时长字段）
31474$_$9,9,5,0.5556,否,4,4,1.0,否,不可回看（附件2 无时长字段）,4,4,1.0,否,不可回看（附件2 无时长字段）
31474$_$8,9,5,0.5556,否,4,4,1.0,否,不可回看（附件2 无时长字段）,4,4,1.0,否,不可回看（附件2 无时长字段）
32681$_$1,22,5,0.2273,是,17,5,0.2941,是,不可回看（附件2 无时长字段）,17,5,0.2941,是,不可回看（附件2 无时长字段）
32681$_$3,40,5,0.125,否,35,5,0.1429,是,不可回看（附件2 无时长字段）,35,5,0.1429,否,不可回看（附件2 无时长字段）
32681$_$5,40,5,0.125,是,35,5,0.1429,是,不可回看（附件2 无时长字段）,35,5,0.1429,是,不可回看（附件2 无时长字段）
32681$_$6,29,5,0.1724,是,24,5,0.2083,是,不可回看（附件2 无时长字段）,24,5,0.2083,是,不可回看（附件2 无时长字段）
33170$_$1,48,5,0.1042,是,44,5,0.1136,是,不可回看（附件2 无时长字段）,44,5,0.1136,是,不可回看（附件2 无时长字段）
33170$_$3,35,5,0.1429,是,30,5,0.1667,是,不可回看（附件2 无时长字段）,30,5,0.1667,否,不可回看（附件2 无时长字段）
33170$_$4,34,5,0.1471,是,29,5,0.1724,是,不可回看（附件2 无时长字段）,29,5,0.1724,是,不可回看（附件2 无时长字段）
3MFNIag0wNE$_$12,48,5,0.1042,是,44,5,0.1136,是,不可回看（附件2 无时长字段）,44,5,0.1136,是,不可回看（附件2 无时长字段）
3MFNIag0wNE$_$14,34,5,0.1471,是,29,5,0.1724,否,不可回看（附件2 无时长字段）,29,5,0.1724,是,不可回看（附件2 无时长字段）
3MFNIag0wNE$_$16,23,5,0.2174,是,18,5,0.2778,是,不可回看（附件2 无时长字段）,18,5,0.2778,是,不可回看（附件2 无时长字段）
3MFNIag0wNE$_$7,20,5,0.25,是,15,5,0.3333,是,不可回看（附件2 无时长字段）,15,5,0.3333,是,不可回看（附件2 无时长字段）
3V2qm0rw920$_$11,21,5,0.2381,是,16,5,0.3125,是,不可回看（附件2 无时长字段）,16,5,0.3125,是,不可回看（附件2 无时长字段）
3V2qm0rw920$_$13,30,5,0.1667,是,25,5,0.2,是,不可回看（附件2 无时长字段）,25,5,0.2,是,不可回看（附件2 无时长字段）
3V2qm0rw920$_$3,16,5,0.3125,否,11,5,0.4545,否,不可回看（附件2 无时长字段）,11,5,0.4545,是,不可回看（附件2 无时长字段）
3j94B0pzSVs$_$12,13,5,0.3846,否,8,5,0.625,是,不可回看（附件2 无时长字段）,8,5,0.625,否,不可回看（附件2 无时长字段）
3j94B0pzSVs$_$17,23,5,0.2174,是,18,5,0.2778,是,不可回看（附件2 无时长字段）,18,5,0.2778,是,不可回看（附件2 无时长字段）
3j94B0pzSVs$_$1,35,5,0.1429,否,30,5,0.1667,是,不可回看（附件2 无时长字段）,30,5,0.1667,否,不可回看（附件2 无时长字段）
3j94B0pzSVs$_$0,31,5,0.1613,是,26,5,0.1923,否,不可回看（附件2 无时长字段）,26,5,0.1923,是,不可回看（附件2 无时长字段）
4cFeG2ydm9A$_$8,17,5,0.2941,是,12,5,0.4167,是,不可回看（附件2 无时长字段）,12,5,0.4167,是,不可回看（附件2 无时长字段）
4dV3slGSc60$_$10,23,5,0.2174,是,18,5,0.2778,是,不可回看（附件2 无时长字段）,18,5,0.2778,是,不可回看（附件2 无时长字段）
4dV3slGSc60$_$12,21,5,0.2381,是,16,5,0.3125,否,不可回看（附件2 无时长字段）,16,5,0.3125,否,不可回看（附件2 无时长字段）
4dV3slGSc60$_$22,48,5,0.1042,否,44,5,0.1136,否,不可回看（附件2 无时长字段）,0,0,,,不可回看（附件2 无时长字段）
4dV3slGSc60$_$9,21,5,0.2381,是,16,5,0.3125,否,不可回看（附件2 无时长字段）,16,5,0.3125,是,不可回看（附件2 无时长字段）
4dV3slGSc60$_$8,25,5,0.2,是,20,5,0.25,是,不可回看（附件2 无时长字段）,20,5,0.25,是,不可回看（附件2 无时长字段）
50103$_$3,46,5,0.1087,是,41,5,0.122,是,不可回看（附件2 无时长字段）,41,5,0.122,是,不可回看（附件2 无时长字段）
5B0PQx3Ep3k$_$5,29,5,0.1724,是,24,5,0.2083,是,不可回看（附件2 无时长字段）,24,5,0.2083,是,不可回看（附件2 无时长字段）
5O1W39o56gg$_$1,15,5,0.3333,否,10,5,0.5,否,不可回看（附件2 无时长字段）,10,5,0.5,是,不可回看（附件2 无时长字段）
5O1W39o56gg$_$2,17,5,0.2941,否,12,5,0.4167,是,不可回看（附件2 无时长字段）,12,5,0.4167,是,不可回看（附件2 无时长字段）
5O1W39o56gg$_$9,16,5,0.3125,是,11,5,0.4545,是,不可回看（附件2 无时长字段）,11,5,0.4545,否,不可回看（附件2 无时长字段）
5i6AgQSjXO4$_$3,20,5,0.25,是,15,5,0.3333,是,不可回看（附件2 无时长字段）,6,5,0.8333,否,不可回看（附件2 无时长字段）
5i6AgQSjXO4$_$2,29,5,0.1724,是,24,5,0.2083,是,不可回看（附件2 无时长字段）,24,5,0.2083,是,不可回看（附件2 无时长字段）
5i6AgQSjXO4$_$6,10,5,0.5,否,5,5,1.0,否,不可回看（附件2 无时长字段）,5,5,1.0,否,不可回看（附件2 无时长字段）
5kaCGzjYukM$_$0,35,5,0.1429,是,30,5,0.1667,是,不可回看（附件2 无时长字段）,30,5,0.1667,否,不可回看（附件2 无时长字段）
5kaCGzjYukM$_$3,28,5,0.1786,是,23,5,0.2174,是,不可回看（附件2 无时长字段）,23,5,0.2174,否,不可回看（附件2 无时长字段）
5kaCGzjYukM$_$2,37,5,0.1351,是,32,5,0.1562,是,不可回看（附件2 无时长字段）,32,5,0.1562,是,不可回看（附件2 无时长字段）
5kaCGzjYukM$_$5,33,5,0.1515,是,28,5,0.1786,是,不可回看（附件2 无时长字段）,28,5,0.1786,否,不可回看（附件2 无时长字段）
5kaCGzjYukM$_$7,48,5,0.1042,是,44,5,0.1136,是,不可回看（附件2 无时长字段）,44,5,0.1136,否,不可回看（附件2 无时长字段）
6KvG5VbLalY$_$9,38,5,0.1316,是,33,5,0.1515,是,不可回看（附件2 无时长字段）,33,5,0.1515,是,不可回看（附件2 无时长字段）
6ZA8I83x-oY$_$0,24,5,0.2083,是,19,5,0.2632,是,不可回看（附件2 无时长字段）,19,5,0.2632,否,不可回看（附件2 无时长字段）
6ZA8I83x-oY$_$2,48,5,0.1042,是,44,5,0.1136,否,不可回看（附件2 无时长字段）,44,5,0.1136,否,不可回看（附件2 无时长字段）
6hFiTU77Sm0$_$1,15,5,0.3333,否,10,5,0.5,是,不可回看（附件2 无时长字段）,10,5,0.5,是,不可回看（附件2 无时长字段）
6hFiTU77Sm0$_$2,17,5,0.2941,否,12,5,0.4167,是,不可回看（附件2 无时长字段）,12,5,0.4167,是,不可回看（附件2 无时长字段）
6uPGcKTpC4I$_$1,28,5,0.1786,是,23,5,0.2174,是,不可回看（附件2 无时长字段）,23,5,0.2174,否,不可回看（附件2 无时长字段）
6uPGcKTpC4I$_$2,32,5,0.1562,是,27,5,0.1852,是,不可回看（附件2 无时长字段）,27,5,0.1852,否,不可回看（附件2 无时长字段）
6uPGcKTpC4I$_$6,17,5,0.2941,否,12,5,0.4167,是,不可回看（附件2 无时长字段）,12,5,0.4167,是,不可回看（附件2 无时长字段）
70280$_$11,24,5,0.2083,是,19,5,0.2632,否,不可回看（附件2 无时长字段）,19,5,0.2632,是,不可回看（附件2 无时长字段）
70280$_$3,26,5,0.1923,否,21,5,0.2381,是,不可回看（附件2 无时长字段）,21,5,0.2381,是,不可回看（附件2 无时长字段）
70280$_$4,24,5,0.2083,是,19,5,0.2632,否,不可回看（附件2 无时长字段）,19,5,0.2632,是,不可回看（附件2 无时长字段）
70280$_$6,27,5,0.1852,是,22,5,0.2273,是,不可回看（附件2 无时长字段）,22,5,0.2273,是,不可回看（附件2 无时长字段）
75RGHaxmUK8$_$3,20,5,0.25,否,15,5,0.3333,是,不可回看（附件2 无时长字段）,15,5,0.3333,是,不可回看（附件2 无时长字段）
75RGHaxmUK8$_$5,14,5,0.3571,是,9,5,0.5556,否,不可回看（附件2 无时长字段）,9,5,0.5556,是,不可回看（附件2 无时长字段）
7_K3F-lAv1k$_$2,44,5,0.1136,是,39,5,0.1282,是,不可回看（附件2 无时长字段）,39,5,0.1282,否,不可回看（附件2 无时长字段）
7r4vRxKLFCA$_$6,38,5,0.1316,是,33,5,0.1515,是,不可回看（附件2 无时长字段）,33,5,0.1515,否,不可回看（附件2 无时长字段）
80566$_$1,14,5,0.3571,否,9,5,0.5556,否,不可回看（附件2 无时长字段）,3,3,1.0,是,不可回看（附件2 无时长字段）
80566$_$0,13,5,0.3846,否,8,5,0.625,是,不可回看（附件2 无时长字段）,8,5,0.625,是,不可回看（附件2 无时长字段）
80566$_$3,18,5,0.2778,是,13,5,0.3846,是,不可回看（附件2 无时长字段）,13,5,0.3846,是,不可回看（附件2 无时长字段）
80566$_$2,15,5,0.3333,否,10,5,0.5,否,不可回看（附件2 无时长字段）,10,5,0.5,是,不可回看（附件2 无时长字段）
80566$_$4,8,5,0.625,否,3,3,1.0,否,不可回看（附件2 无时长字段）,3,3,1.0,否,不可回看（附件2 无时长字段）
80566$_$6,18,5,0.2778,否,13,5,0.3846,是,不可回看（附件2 无时长字段）,13,5,0.3846,是,不可回看（附件2 无时长字段）
80855$_$11,16,5,0.3125,否,11,5,0.4545,是,不可回看（附件2 无时长字段）,11,5,0.4545,是,不可回看（附件2 无时长字段）
80855$_$10,18,5,0.2778,是,13,5,0.3846,是,不可回看（附件2 无时长字段）,13,5,0.3846,是,不可回看（附件2 无时长字段）
80855$_$12,22,5,0.2273,是,17,5,0.2941,是,不可回看（附件2 无时长字段）,17,5,0.2941,是,不可回看（附件2 无时长字段）
80855$_$15,20,5,0.25,否,15,5,0.3333,是,不可回看（附件2 无时长字段）,0,0,,,不可回看（附件2 无时长字段）
80855$_$17,31,5,0.1613,是,26,5,0.1923,是,不可回看（附件2 无时长字段）,12,5,0.4167,是,不可回看（附件2 无时长字段）
80855$_$0,2,2,1.0,否,0,0,,,不可回看（附件2 无时长字段）,0,0,,,不可回看（附件2 无时长字段）
80855$_$3,4,4,1.0,否,0,0,,,不可回看（附件2 无时长字段）,0,0,,,不可回看（附件2 无时长字段）
80855$_$2,6,5,0.8333,否,1,1,1.0,否,不可回看（附件2 无时长字段）,1,1,1.0,否,不可回看（附件2 无时长字段）
80855$_$7,8,5,0.625,否,3,3,1.0,否,不可回看（附件2 无时长字段）,3,3,1.0,否,不可回看（附件2 无时长字段）
80855$_$20,17,5,0.2941,是,12,5,0.4167,是,不可回看（附件2 无时长字段）,12,5,0.4167,是,不可回看（附件2 无时长字段）
830KzUc6CbU$_$0,19,5,0.2632,否,14,5,0.3571,是,不可回看（附件2 无时长字段）,14,5,0.3571,是,不可回看（附件2 无时长字段）
830KzUc6CbU$_$13,48,5,0.1042,是,43,5,0.1163,是,不可回看（附件2 无时长字段）,31,5,0.1613,是,不可回看（附件2 无时长字段）
84140$_$0,23,5,0.2174,否,18,5,0.2778,是,不可回看（附件2 无时长字段）,18,5,0.2778,是,不可回看（附件2 无时长字段）
84140$_$5,48,5,0.1042,是,44,5,0.1136,是,不可回看（附件2 无时长字段）,44,5,0.1136,否,不可回看（附件2 无时长字段）
89835$_$1,19,5,0.2632,是,14,5,0.3571,是,不可回看（附件2 无时长字段）,14,5,0.3571,是,不可回看（附件2 无时长字段）
89835$_$0,14,5,0.3571,否,9,5,0.5556,是,不可回看（附件2 无时长字段）,9,5,0.5556,是,不可回看（附件2 无时长字段）
89835$_$4,48,5,0.1042,是,44,5,0.1136,是,不可回看（附件2 无时长字段）,44,5,0.1136,是,不可回看（附件2 无时长字段）
89835$_$7,42,5,0.119,否,37,5,0.1351,是,不可回看（附件2 无时长字段）,37,5,0.1351,是,不可回看（附件2 无时长字段）
8eaYvALnJ0o$_$1,25,5,0.2,是,20,5,0.25,是,不可回看（附件2 无时长字段）,20,5,0.25,是,不可回看（附件2 无时长字段）
8eaYvALnJ0o$_$0,15,5,0.3333,否,10,5,0.5,是,不可回看（附件2 无时长字段）,10,5,0.5,是,不可回看（附件2 无时长字段）
8x_nCOh6Wmc$_$6,48,5,0.1042,是,43,5,0.1163,否,不可回看（附件2 无时长字段）,43,5,0.1163,否,不可回看（附件2 无时长字段）
96642$_$1,26,5,0.1923,是,21,5,0.2381,是,不可回看（附件2 无时长字段）,21,5,0.2381,是,不可回看（附件2 无时长字段）
96642$_$3,18,5,0.2778,否,13,5,0.3846,是,不可回看（附件2 无时长字段）,0,0,,,不可回看（附件2 无时长字段）
96642$_$2,19,5,0.2632,否,14,5,0.3571,是,不可回看（附件2 无时长字段）,14,5,0.3571,是,不可回看（附件2 无时长字段）
96642$_$4,36,5,0.1389,是,31,5,0.1613,是,不可回看（附件2 无时长字段）,26,5,0.1923,是,不可回看（附件2 无时长字段）
99501$_$10,22,5,0.2273,否,17,5,0.2941,是,不可回看（附件2 无时长字段）,17,5,0.2941,是,不可回看（附件2 无时长字段）
99501$_$13,39,5,0.1282,是,34,5,0.1471,否,不可回看（附件2 无时长字段）,34,5,0.1471,是,不可回看（附件2 无时长字段）
99501$_$1,19,5,0.2632,是,14,5,0.3571,是,不可回看（附件2 无时长字段）,14,5,0.3571,是,不可回看（附件2 无时长字段）
99501$_$0,2,2,1.0,否,0,0,,,不可回看（附件2 无时长字段）,0,0,,,不可回看（附件2 无时长字段）
99501$_$5,40,5,0.125,是,35,5,0.1429,是,不可回看（附件2 无时长字段）,35,5,0.1429,是,不可回看（附件2 无时长字段）
99501$_$7,19,5,0.2632,否,14,5,0.3571,是,不可回看（附件2 无时长字段）,14,5,0.3571,否,不可回看（附件2 无时长字段）
9QI-9w_VdB4$_$0,25,5,0.2,是,20,5,0.25,否,不可回看（附件2 无时长字段）,20,5,0.25,是,不可回看（附件2 无时长字段）
AG5EY8ZaFj4$_$3,18,5,0.2778,是,13,5,0.3846,是,不可回看（附件2 无时长字段）,13,5,0.3846,是,不可回看（附件2 无时长字段）
AG5EY8ZaFj4$_$15,27,5,0.1852,是,22,5,0.2273,否,不可回看（附件2 无时长字段）,22,5,0.2273,否,不可回看（附件2 无时长字段）
Arh2TKRi_mg$_$15,24,5,0.2083,是,19,5,0.2632,是,不可回看（附件2 无时长字段）,19,5,0.2632,是,不可回看（附件2 无时长字段）
Arh2TKRi_mg$_$14,23,5,0.2174,是,18,5,0.2778,是,不可回看（附件2 无时长字段）,18,5,0.2778,否,不可回看（附件2 无时长字段）
Arh2TKRi_mg$_$16,33,5,0.1515,是,28,5,0.1786,否,不可回看（附件2 无时长字段）,28,5,0.1786,是,不可回看（附件2 无时长字段）
Arh2TKRi_mg$_$19,22,5,0.2273,是,17,5,0.2941,否,不可回看（附件2 无时长字段）,17,5,0.2941,是,不可回看（附件2 无时长字段）
Arh2TKRi_mg$_$32,29,5,0.1724,是,24,5,0.2083,是,不可回看（附件2 无时长字段）,24,5,0.2083,是,不可回看（附件2 无时长字段）
Arh2TKRi_mg$_$28,17,5,0.2941,否,12,5,0.4167,是,不可回看（附件2 无时长字段）,12,5,0.4167,是,不可回看（附件2 无时长字段）
Arh2TKRi_mg$_$3,33,5,0.1515,是,28,5,0.1786,否,不可回看（附件2 无时长字段）,28,5,0.1786,是,不可回看（附件2 无时长字段）
AxNy9TeTLq8$_$0,39,5,0.1282,是,34,5,0.1471,是,不可回看（附件2 无时长字段）,34,5,0.1471,是,不可回看（附件2 无时长字段）
BSKAHXFYF_I$_$1,14,5,0.3571,否,9,5,0.5556,是,不可回看（附件2 无时长字段）,9,5,0.5556,是,不可回看（附件2 无时长字段）
BSKAHXFYF_I$_$3,33,5,0.1515,否,28,5,0.1786,是,不可回看（附件2 无时长字段）,0,0,,,不可回看（附件2 无时长字段）
BSKAHXFYF_I$_$7,15,5,0.3333,否,10,5,0.5,是,不可回看（附件2 无时长字段）,0,0,,,不可回看（附件2 无时长字段）
BSKAHXFYF_I$_$8,17,5,0.2941,是,12,5,0.4167,是,不可回看（附件2 无时长字段）,12,5,0.4167,是,不可回看（附件2 无时长字段）
Baz0VVQ-E9E$_$10,10,5,0.5,否,5,5,1.0,否,不可回看（附件2 无时长字段）,5,5,1.0,否,不可回看（附件2 无时长字段）
Baz0VVQ-E9E$_$1,13,5,0.3846,否,8,5,0.625,是,不可回看（附件2 无时长字段）,8,5,0.625,否,不可回看（附件2 无时长字段）
Baz0VVQ-E9E$_$5,8,5,0.625,否,3,3,1.0,否,不可回看（附件2 无时长字段）,3,3,1.0,否,不可回看（附件2 无时长字段）
Baz0VVQ-E9E$_$7,19,5,0.2632,是,14,5,0.3571,是,不可回看（附件2 无时长字段）,14,5,0.3571,是,不可回看（附件2 无时长字段）
CJGuudyvA0Y$_$4,40,5,0.125,是,35,5,0.1429,是,不可回看（附件2 无时长字段）,15,5,0.3333,是,不可回看（附件2 无时长字段）
CPjbogfLHR4$_$2,17,5,0.2941,否,12,5,0.4167,是,不可回看（附件2 无时长字段）,12,5,0.4167,是,不可回看（附件2 无时长字段）
CPjbogfLHR4$_$5,30,5,0.1667,是,25,5,0.2,否,不可回看（附件2 无时长字段）,25,5,0.2,是,不可回看（附件2 无时长字段）
DdUJojoFU_c$_$11,25,5,0.2,是,20,5,0.25,是,不可回看（附件2 无时长字段）,20,5,0.25,否,不可回看（附件2 无时长字段）
DdUJojoFU_c$_$15,17,5,0.2941,是,12,5,0.4167,是,不可回看（附件2 无时长字段）,12,5,0.4167,是,不可回看（附件2 无时长字段）
DdUJojoFU_c$_$14,24,5,0.2083,否,19,5,0.2632,是,不可回看（附件2 无时长字段）,19,5,0.2632,是,不可回看（附件2 无时长字段）
DdUJojoFU_c$_$17,21,5,0.2381,是,16,5,0.3125,是,不可回看（附件2 无时长字段）,10,5,0.5,是,不可回看（附件2 无时长字段）
DdUJojoFU_c$_$16,40,5,0.125,是,35,5,0.1429,是,不可回看（附件2 无时长字段）,35,5,0.1429,是,不可回看（附件2 无时长字段）
DdUJojoFU_c$_$2,45,5,0.1111,是,40,5,0.125,是,不可回看（附件2 无时长字段）,40,5,0.125,是,不可回看（附件2 无时长字段）
DdUJojoFU_c$_$6,33,5,0.1515,是,28,5,0.1786,是,不可回看（附件2 无时长字段）,28,5,0.1786,否,不可回看（附件2 无时长字段）
DdUJojoFU_c$_$8,29,5,0.1724,是,24,5,0.2083,否,不可回看（附件2 无时长字段）,24,5,0.2083,是,不可回看（附件2 无时长字段）
DlbYiwOnTyk$_$1,21,5,0.2381,是,16,5,0.3125,是,不可回看（附件2 无时长字段）,16,5,0.3125,是,不可回看（附件2 无时长字段）
E8MuzHUhUHk$_$15,17,5,0.2941,是,12,5,0.4167,是,不可回看（附件2 无时长字段）,12,5,0.4167,是,不可回看（附件2 无时长字段）
E8MuzHUhUHk$_$14,19,5,0.2632,否,14,5,0.3571,是,不可回看（附件2 无时长字段）,14,5,0.3571,否,不可回看（附件2 无时长字段）
E8MuzHUhUHk$_$16,31,5,0.1613,是,26,5,0.1923,否,不可回看（附件2 无时长字段）,26,5,0.1923,是,不可回看（附件2 无时长字段）
E8MuzHUhUHk$_$2,27,5,0.1852,是,22,5,0.2273,是,不可回看（附件2 无时长字段）,22,5,0.2273,否,不可回看（附件2 无时长字段）
E8MuzHUhUHk$_$9,26,5,0.1923,是,21,5,0.2381,是,不可回看（附件2 无时长字段）,21,5,0.2381,否,不可回看（附件2 无时长字段）
EEjCkc82oyk$_$7,23,5,0.2174,是,18,5,0.2778,是,不可回看（附件2 无时长字段）,18,5,0.2778,是,不可回看（附件2 无时长字段）
EEjCkc82oyk$_$9,22,5,0.2273,是,17,5,0.2941,是,不可回看（附件2 无时长字段）,8,5,0.625,是,不可回看（附件2 无时长字段）
EQxkXiWAm08$_$8,14,5,0.3571,是,9,5,0.5556,是,不可回看（附件2 无时长字段）,9,5,0.5556,否,不可回看（附件2 无时长字段）
ET1cU5_A2YM$_$1,25,5,0.2,否,20,5,0.25,是,不可回看（附件2 无时长字段）,20,5,0.25,是,不可回看（附件2 无时长字段）
ET1cU5_A2YM$_$3,14,5,0.3571,否,9,5,0.5556,否,不可回看（附件2 无时长字段）,9,5,0.5556,是,不可回看（附件2 无时长字段）
ET1cU5_A2YM$_$6,21,5,0.2381,否,16,5,0.3125,是,不可回看（附件2 无时长字段）,16,5,0.3125,是,不可回看（附件2 无时长字段）
EmmuWoCUgXs$_$22,16,5,0.3125,否,11,5,0.4545,是,不可回看（附件2 无时长字段）,11,5,0.4545,是,不可回看（附件2 无时长字段）
EmmuWoCUgXs$_$7,35,5,0.1429,是,30,5,0.1667,是,不可回看（附件2 无时长字段）,30,5,0.1667,是,不可回看（附件2 无时长字段）
Es9MkKsMsjU$_$10,20,5,0.25,是,15,5,0.3333,是,不可回看（附件2 无时长字段）,15,5,0.3333,是,不可回看（附件2 无时长字段）
Es9MkKsMsjU$_$12,37,5,0.1351,是,32,5,0.1562,是,不可回看（附件2 无时长字段）,32,5,0.1562,是,不可回看（附件2 无时长字段）
Es9MkKsMsjU$_$2,44,5,0.1136,是,39,5,0.1282,是,不可回看（附件2 无时长字段）,39,5,0.1282,是,不可回看（附件2 无时长字段）
Es9MkKsMsjU$_$7,37,5,0.1351,是,32,5,0.1562,是,不可回看（附件2 无时长字段）,32,5,0.1562,是,不可回看（附件2 无时长字段）
Ezn3p5FWF_U$_$4,46,5,0.1087,是,41,5,0.122,否,不可回看（附件2 无时长字段）,31,5,0.1613,是,不可回看（附件2 无时长字段）
F1U26PLiXjM$_$1,22,5,0.2273,是,17,5,0.2941,是,不可回看（附件2 无时长字段）,17,5,0.2941,是,不可回看（附件2 无时长字段）
F6JV-K840EY$_$2,21,5,0.2381,是,16,5,0.3125,是,不可回看（附件2 无时长字段）,16,5,0.3125,是,不可回看（附件2 无时长字段）
FB_b1dm0SRY$_$10,27,5,0.1852,是,22,5,0.2273,是,不可回看（附件2 无时长字段）,22,5,0.2273,是,不可回看（附件2 无时长字段）
FB_b1dm0SRY$_$0,27,5,0.1852,否,22,5,0.2273,是,不可回看（附件2 无时长字段）,22,5,0.2273,是,不可回看（附件2 无时长字段）
FB_b1dm0SRY$_$6,14,5,0.3571,否,9,5,0.5556,是,不可回看（附件2 无时长字段）,9,5,0.5556,是,不可回看（附件2 无时长字段）
FB_b1dm0SRY$_$9,29,5,0.1724,是,24,5,0.2083,是,不可回看（附件2 无时长字段）,24,5,0.2083,否,不可回看（附件2 无时长字段）
FB_b1dm0SRY$_$8,21,5,0.2381,是,16,5,0.3125,否,不可回看（附件2 无时长字段）,16,5,0.3125,否,不可回看（附件2 无时长字段）
FxxJB8hBpyQ$_$1,22,5,0.2273,是,17,5,0.2941,是,不可回看（附件2 无时长字段）,17,5,0.2941,是,不可回看（附件2 无时长字段）
Fy0Uid9afM8$_$0,19,5,0.2632,否,14,5,0.3571,是,不可回看（附件2 无时长字段）,14,5,0.3571,是,不可回看（附件2 无时长字段）
Fy0Uid9afM8$_$3,20,5,0.25,是,15,5,0.3333,是,不可回看（附件2 无时长字段）,15,5,0.3333,是,不可回看（附件2 无时长字段）
Fy0Uid9afM8$_$5,22,5,0.2273,否,17,5,0.2941,是,不可回看（附件2 无时长字段）,0,0,,,不可回看（附件2 无时长字段）
Fy0Uid9afM8$_$4,10,5,0.5,否,5,5,1.0,否,不可回看（附件2 无时长字段）,5,5,1.0,否,不可回看（附件2 无时长字段）
H1DpVwktfDQ$_$0,14,5,0.3571,否,9,5,0.5556,否,不可回看（附件2 无时长字段）,0,0,,,不可回看（附件2 无时长字段）
HGicRLwgtkM$_$1,36,5,0.1389,是,31,5,0.1613,否,不可回看（附件2 无时长字段）,0,0,,,不可回看（附件2 无时长字段）
HGicRLwgtkM$_$3,27,5,0.1852,是,22,5,0.2273,是,不可回看（附件2 无时长字段）,22,5,0.2273,是,不可回看（附件2 无时长字段）
HGicRLwgtkM$_$2,24,5,0.2083,否,19,5,0.2632,是,不可回看（附件2 无时长字段）,19,5,0.2632,是,不可回看（附件2 无时长字段）
HGicRLwgtkM$_$6,22,5,0.2273,否,17,5,0.2941,是,不可回看（附件2 无时长字段）,1,1,1.0,否,不可回看（附件2 无时长字段）
HmXXW45eZL4$_$1,47,5,0.1064,是,42,5,0.119,是,不可回看（附件2 无时长字段）,42,5,0.119,是,不可回看（附件2 无时长字段）
HmXXW45eZL4$_$4,19,5,0.2632,是,14,5,0.3571,是,不可回看（附件2 无时长字段）,14,5,0.3571,是,不可回看（附件2 无时长字段）
IM6HW1HwHhM$_$11,26,5,0.1923,是,21,5,0.2381,是,不可回看（附件2 无时长字段）,21,5,0.2381,是,不可回看（附件2 无时长字段）
IM6HW1HwHhM$_$15,20,5,0.25,是,15,5,0.3333,是,不可回看（附件2 无时长字段）,15,5,0.3333,是,不可回看（附件2 无时长字段）
IM6HW1HwHhM$_$17,26,5,0.1923,是,21,5,0.2381,是,不可回看（附件2 无时长字段）,21,5,0.2381,是,不可回看（附件2 无时长字段）
IUmxJNs2zaY$_$3,33,5,0.1515,否,28,5,0.1786,是,不可回看（附件2 无时长字段）,28,5,0.1786,是,不可回看（附件2 无时长字段）
IUmxJNs2zaY$_$2,20,5,0.25,是,15,5,0.3333,否,不可回看（附件2 无时长字段）,15,5,0.3333,是,不可回看（附件2 无时长字段）
JAnRCQ9A0vI$_$1,48,5,0.1042,是,44,5,0.1136,是,不可回看（附件2 无时长字段）,0,0,,,不可回看（附件2 无时长字段）
JAnRCQ9A0vI$_$0,11,5,0.4545,否,6,5,0.8333,否,不可回看（附件2 无时长字段）,6,5,0.8333,否,不可回看（附件2 无时长字段）
JAnRCQ9A0vI$_$3,46,5,0.1087,是,41,5,0.122,是,不可回看（附件2 无时长字段）,41,5,0.122,是,不可回看（附件2 无时长字段）
JAnRCQ9A0vI$_$2,48,5,0.1042,是,44,5,0.1136,是,不可回看（附件2 无时长字段）,44,5,0.1136,否,不可回看（附件2 无时长字段）
JAnRCQ9A0vI$_$5,26,5,0.1923,是,21,5,0.2381,是,不可回看（附件2 无时长字段）,0,0,,,不可回看（附件2 无时长字段）
JAnRCQ9A0vI$_$4,15,5,0.3333,否,10,5,0.5,是,不可回看（附件2 无时长字段）,10,5,0.5,是,不可回看（附件2 无时长字段）
JAnRCQ9A0vI$_$8,48,5,0.1042,是,44,5,0.1136,是,不可回看（附件2 无时长字段）,44,5,0.1136,是,不可回看（附件2 无时长字段）
JOK1SSmPtFw$_$10,18,5,0.2778,是,13,5,0.3846,是,不可回看（附件2 无时长字段）,13,5,0.3846,是,不可回看（附件2 无时长字段）
JOK1SSmPtFw$_$13,19,5,0.2632,否,14,5,0.3571,是,不可回看（附件2 无时长字段）,14,5,0.3571,是,不可回看（附件2 无时长字段）
JOK1SSmPtFw$_$14,16,5,0.3125,否,11,5,0.4545,是,不可回看（附件2 无时长字段）,11,5,0.4545,是,不可回看（附件2 无时长字段）
JOK1SSmPtFw$_$16,16,5,0.3125,否,11,5,0.4545,是,不可回看（附件2 无时长字段）,11,5,0.4545,是,不可回看（附件2 无时长字段）
JOK1SSmPtFw$_$0,48,5,0.1042,是,44,5,0.1136,是,不可回看（附件2 无时长字段）,44,5,0.1136,是,不可回看（附件2 无时长字段）
JOK1SSmPtFw$_$5,27,5,0.1852,是,22,5,0.2273,是,不可回看（附件2 无时长字段）,22,5,0.2273,否,不可回看（附件2 无时长字段）
JOK1SSmPtFw$_$4,13,5,0.3846,否,8,5,0.625,是,不可回看（附件2 无时长字段）,8,5,0.625,是,不可回看（附件2 无时长字段）
JOK1SSmPtFw$_$8,15,5,0.3333,否,10,5,0.5,是,不可回看（附件2 无时长字段）,10,5,0.5,是,不可回看（附件2 无时长字段）
JPT38CA3sGI$_$1,19,5,0.2632,否,14,5,0.3571,是,不可回看（附件2 无时长字段）,14,5,0.3571,是,不可回看（附件2 无时长字段）
JPT38CA3sGI$_$0,17,5,0.2941,是,12,5,0.4167,是,不可回看（附件2 无时长字段）,12,5,0.4167,是,不可回看（附件2 无时长字段）
JPT38CA3sGI$_$5,17,5,0.2941,是,12,5,0.4167,是,不可回看（附件2 无时长字段）,0,0,,,不可回看（附件2 无时长字段）
JVpF99zuQhA$_$0,23,5,0.2174,是,18,5,0.2778,否,不可回看（附件2 无时长字段）,18,5,0.2778,是,不可回看（附件2 无时长字段）
JVpF99zuQhA$_$2,28,5,0.1786,是,23,5,0.2174,是,不可回看（附件2 无时长字段）,23,5,0.2174,是,不可回看（附件2 无时长字段）
JVpF99zuQhA$_$4,16,5,0.3125,否,11,5,0.4545,是,不可回看（附件2 无时长字段）,11,5,0.4545,是,不可回看（附件2 无时长字段）
K0m1tO3Ybyc$_$15,15,5,0.3333,否,10,5,0.5,是,不可回看（附件2 无时长字段）,10,5,0.5,是,不可回看（附件2 无时长字段）
K0m1tO3Ybyc$_$8,33,5,0.1515,是,28,5,0.1786,是,不可回看（附件2 无时长字段）,28,5,0.1786,是,不可回看（附件2 无时长字段）
K8gp7ncdUl8$_$5,36,5,0.1389,是,31,5,0.1613,是,不可回看（附件2 无时长字段）,31,5,0.1613,是,不可回看（附件2 无时长字段）
KDjl2exStlI$_$10,16,5,0.3125,否,11,5,0.4545,是,不可回看（附件2 无时长字段）,11,5,0.4545,是,不可回看（附件2 无时长字段）
KDjl2exStlI$_$13,15,5,0.3333,否,10,5,0.5,是,不可回看（附件2 无时长字段）,10,5,0.5,否,不可回看（附件2 无时长字段）
KDjl2exStlI$_$5,17,5,0.2941,是,12,5,0.4167,是,不可回看（附件2 无时长字段）,12,5,0.4167,是,不可回看（附件2 无时长字段）
KDjl2exStlI$_$4,24,5,0.2083,是,19,5,0.2632,是,不可回看（附件2 无时长字段）,19,5,0.2632,是,不可回看（附件2 无时长字段）
KkKWFZZmmCM$_$1,29,5,0.1724,是,24,5,0.2083,是,不可回看（附件2 无时长字段）,24,5,0.2083,是,不可回看（附件2 无时长字段）
KpMCvUyQCXg$_$1,25,5,0.2,是,20,5,0.25,是,不可回看（附件2 无时长字段）,20,5,0.25,否,不可回看（附件2 无时长字段）
KpMCvUyQCXg$_$3,14,5,0.3571,否,9,5,0.5556,是,不可回看（附件2 无时长字段）,9,5,0.5556,是,不可回看（附件2 无时长字段）
KpMCvUyQCXg$_$5,21,5,0.2381,是,16,5,0.3125,是,不可回看（附件2 无时长字段）,16,5,0.3125,是,不可回看（附件2 无时长字段）
L1eFHRQGFeg$_$2,43,5,0.1163,是,38,5,0.1316,是,不可回看（附件2 无时长字段）,38,5,0.1316,是,不可回看（附件2 无时长字段）
MCsvw5-7lVE$_$1,39,5,0.1282,否,34,5,0.1471,是,不可回看（附件2 无时长字段）,34,5,0.1471,是,不可回看（附件2 无时长字段）
MCsvw5-7lVE$_$2,24,5,0.2083,是,19,5,0.2632,是,不可回看（附件2 无时长字段）,19,5,0.2632,是,不可回看（附件2 无时长字段）
MCsvw5-7lVE$_$4,15,5,0.3333,否,10,5,0.5,是,不可回看（附件2 无时长字段）,10,5,0.5,是,不可回看（附件2 无时长字段）
MMpo2bDk-DU$_$10,19,5,0.2632,否,14,5,0.3571,否,不可回看（附件2 无时长字段）,14,5,0.3571,是,不可回看（附件2 无时长字段）
MMpo2bDk-DU$_$17,33,5,0.1515,是,28,5,0.1786,是,不可回看（附件2 无时长字段）,28,5,0.1786,是,不可回看（附件2 无时长字段）
MMpo2bDk-DU$_$16,21,5,0.2381,是,16,5,0.3125,是,不可回看（附件2 无时长字段）,16,5,0.3125,是,不可回看（附件2 无时长字段）
MMpo2bDk-DU$_$19,26,5,0.1923,是,21,5,0.2381,是,不可回看（附件2 无时长字段）,10,5,0.5,是,不可回看（附件2 无时长字段）
MjaaudUc5-4$_$1,18,5,0.2778,是,13,5,0.3846,是,不可回看（附件2 无时长字段）,13,5,0.3846,是,不可回看（附件2 无时长字段）
MjaaudUc5-4$_$0,7,5,0.7143,否,2,2,1.0,否,不可回看（附件2 无时长字段）,2,2,1.0,否,不可回看（附件2 无时长字段）
MjaaudUc5-4$_$3,17,5,0.2941,否,12,5,0.4167,是,不可回看（附件2 无时长字段）,12,5,0.4167,是,不可回看（附件2 无时长字段）
MjaaudUc5-4$_$6,11,5,0.4545,否,6,5,0.8333,否,不可回看（附件2 无时长字段）,6,5,0.8333,否,不可回看（附件2 无时长字段）
MoQmPA7Q07Q$_$1,27,5,0.1852,是,22,5,0.2273,否,不可回看（附件2 无时长字段）,22,5,0.2273,是,不可回看（附件2 无时长字段）
MoQmPA7Q07Q$_$2,31,5,0.1613,是,26,5,0.1923,是,不可回看（附件2 无时长字段）,26,5,0.1923,是,不可回看（附件2 无时长字段）
N1X63d_jgmw$_$5,45,5,0.1111,是,40,5,0.125,否,不可回看（附件2 无时长字段）,40,5,0.125,是,不可回看（附件2 无时长字段）
N5xfBtD6rLY$_$7,10,5,0.5,否,5,5,1.0,否,不可回看（附件2 无时长字段）,0,0,,,不可回看（附件2 无时长字段）
NoZsdSGnNpI$_$7,39,5,0.1282,是,34,5,0.1471,是,不可回看（附件2 无时长字段）,34,5,0.1471,是,不可回看（附件2 无时长字段）
Nrurc5sMUOE$_$5,48,5,0.1042,是,43,5,0.1163,是,不可回看（附件2 无时长字段）,43,5,0.1163,否,不可回看（附件2 无时长字段）
Nrurc5sMUOE$_$7,16,5,0.3125,是,11,5,0.4545,是,不可回看（附件2 无时长字段）,11,5,0.4545,是,不可回看（附件2 无时长字段）
Nrurc5sMUOE$_$8,38,5,0.1316,是,33,5,0.1515,是,不可回看（附件2 无时长字段）,33,5,0.1515,是,不可回看（附件2 无时长字段）
NzvNW7vP-Co$_$5,48,5,0.1042,是,43,5,0.1163,否,不可回看（附件2 无时长字段）,43,5,0.1163,是,不可回看（附件2 无时长字段）
NzvNW7vP-Co$_$4,17,5,0.2941,否,12,5,0.4167,是,不可回看（附件2 无时长字段）,12,5,0.4167,是,不可回看（附件2 无时长字段）
NzvNW7vP-Co$_$7,39,5,0.1282,是,34,5,0.1471,否,不可回看（附件2 无时长字段）,34,5,0.1471,是,不可回看（附件2 无时长字段）
OLP0nCKwU6k$_$6,48,5,0.1042,是,43,5,0.1163,是,不可回看（附件2 无时长字段）,43,5,0.1163,否,不可回看（附件2 无时长字段）
OrYBtyO0aPI$_$1,18,5,0.2778,是,13,5,0.3846,是,不可回看（附件2 无时长字段）,1,1,1.0,否,不可回看（附件2 无时长字段）
OrYBtyO0aPI$_$4,7,5,0.7143,否,2,2,1.0,否,不可回看（附件2 无时长字段）,2,2,1.0,否,不可回看（附件2 无时长字段）
PboaYD5hlG8$_$10,19,5,0.2632,是,14,5,0.3571,是,不可回看（附件2 无时长字段）,14,5,0.3571,是,不可回看（附件2 无时长字段）
PboaYD5hlG8$_$3,18,5,0.2778,否,13,5,0.3846,是,不可回看（附件2 无时长字段）,13,5,0.3846,是,不可回看（附件2 无时长字段）
PboaYD5hlG8$_$2,17,5,0.2941,否,12,5,0.4167,是,不可回看（附件2 无时长字段）,12,5,0.4167,是,不可回看（附件2 无时长字段）
PboaYD5hlG8$_$7,36,5,0.1389,是,31,5,0.1613,是,不可回看（附件2 无时长字段）,31,5,0.1613,是,不可回看（附件2 无时长字段）
PboaYD5hlG8$_$9,33,5,0.1515,是,28,5,0.1786,是,不可回看（附件2 无时长字段）,28,5,0.1786,是,不可回看（附件2 无时长字段）
PboaYD5hlG8$_$8,34,5,0.1471,是,29,5,0.1724,是,不可回看（附件2 无时长字段）,29,5,0.1724,是,不可回看（附件2 无时长字段）
Pt-D0LUHDSc$_$2,26,5,0.1923,是,21,5,0.2381,是,不可回看（附件2 无时长字段）,2,2,1.0,否,不可回看（附件2 无时长字段）
PwapK9d8IGk$_$4,46,5,0.1087,是,41,5,0.122,否,不可回看（附件2 无时长字段）,41,5,0.122,是,不可回看（附件2 无时长字段）
PyQrAYl1bFs$_$0,10,5,0.5,否,5,5,1.0,否,不可回看（附件2 无时长字段）,5,5,1.0,否,不可回看（附件2 无时长字段）
PyQrAYl1bFs$_$3,15,5,0.3333,是,10,5,0.5,是,不可回看（附件2 无时长字段）,10,5,0.5,否,不可回看（附件2 无时长字段）
PyQrAYl1bFs$_$4,20,5,0.25,是,15,5,0.3333,是,不可回看（附件2 无时长字段）,15,5,0.3333,是,不可回看（附件2 无时长字段）
Q4WzApjaCNI$_$0,14,5,0.3571,否,9,5,0.5556,是,不可回看（附件2 无时长字段）,0,0,,,不可回看（附件2 无时长字段）
Q7S0tX4FUNA$_$4,19,5,0.2632,否,14,5,0.3571,是,不可回看（附件2 无时长字段）,14,5,0.3571,是,不可回看（附件2 无时长字段）
Q7S0tX4FUNA$_$7,11,5,0.4545,否,6,5,0.8333,否,不可回看（附件2 无时长字段）,0,0,,,不可回看（附件2 无时长字段）
Q7S0tX4FUNA$_$8,16,5,0.3125,否,11,5,0.4545,是,不可回看（附件2 无时长字段）,11,5,0.4545,是,不可回看（附件2 无时长字段）
Qa6Yz62V-Yc$_$0,33,5,0.1515,是,28,5,0.1786,是,不可回看（附件2 无时长字段）,28,5,0.1786,是,不可回看（附件2 无时长字段）
QjcQx8_PQfw$_$10,25,5,0.2,是,20,5,0.25,是,不可回看（附件2 无时长字段）,20,5,0.25,是,不可回看（附件2 无时长字段）
QjcQx8_PQfw$_$7,23,5,0.2174,是,18,5,0.2778,是,不可回看（附件2 无时长字段）,18,5,0.2778,否,不可回看（附件2 无时长字段）
QpchvHpGFc8$_$3,24,5,0.2083,是,19,5,0.2632,否,不可回看（附件2 无时长字段）,19,5,0.2632,是,不可回看（附件2 无时长字段）
RArhIHk4Qs4$_$13,13,5,0.3846,否,8,5,0.625,是,不可回看（附件2 无时长字段）,8,5,0.625,是,不可回看（附件2 无时长字段）
RArhIHk4Qs4$_$17,7,5,0.7143,否,2,2,1.0,否,不可回看（附件2 无时长字段）,2,2,1.0,否,不可回看（附件2 无时长字段）
RArhIHk4Qs4$_$16,21,5,0.2381,是,16,5,0.3125,是,不可回看（附件2 无时长字段）,16,5,0.3125,是,不可回看（附件2 无时长字段）
RArhIHk4Qs4$_$19,11,5,0.4545,否,6,5,0.8333,否,不可回看（附件2 无时长字段）,6,5,0.8333,否,不可回看（附件2 无时长字段）
RArhIHk4Qs4$_$1,37,5,0.1351,是,32,5,0.1562,否,不可回看（附件2 无时长字段）,32,5,0.1562,是,不可回看（附件2 无时长字段）
RArhIHk4Qs4$_$2,31,5,0.1613,是,26,5,0.1923,是,不可回看（附件2 无时长字段）,26,5,0.1923,否,不可回看（附件2 无时长字段）
RArhIHk4Qs4$_$7,15,5,0.3333,否,10,5,0.5,是,不可回看（附件2 无时长字段）,10,5,0.5,是,不可回看（附件2 无时长字段）
RArhIHk4Qs4$_$6,27,5,0.1852,是,22,5,0.2273,是,不可回看（附件2 无时长字段）,22,5,0.2273,是,不可回看（附件2 无时长字段）
RArhIHk4Qs4$_$8,9,5,0.5556,否,4,4,1.0,否,不可回看（附件2 无时长字段）,4,4,1.0,否,不可回看（附件2 无时长字段）
RArhIHk4Qs4$_$21,8,5,0.625,否,3,3,1.0,否,不可回看（附件2 无时长字段）,0,0,,,不可回看（附件2 无时长字段）
ROcTx5VEn7o$_$11,36,5,0.1389,是,31,5,0.1613,是,不可回看（附件2 无时长字段）,31,5,0.1613,否,不可回看（附件2 无时长字段）
ROcTx5VEn7o$_$1,13,5,0.3846,否,8,5,0.625,是,不可回看（附件2 无时长字段）,8,5,0.625,是,不可回看（附件2 无时长字段）
ROcTx5VEn7o$_$5,25,5,0.2,是,20,5,0.25,是,不可回看（附件2 无时长字段）,20,5,0.25,否,不可回看（附件2 无时长字段）
ROcTx5VEn7o$_$9,16,5,0.3125,否,11,5,0.4545,是,不可回看（附件2 无时长字段）,11,5,0.4545,是,不可回看（附件2 无时长字段）
RrGpzInAwCg$_$0,18,5,0.2778,否,13,5,0.3846,是,不可回看（附件2 无时长字段）,13,5,0.3846,是,不可回看（附件2 无时长字段）
RzOFxDk26p0$_$1,47,5,0.1064,否,42,5,0.119,是,不可回看（附件2 无时长字段）,42,5,0.119,否,不可回看（附件2 无时长字段）
RzOFxDk26p0$_$0,25,5,0.2,否,20,5,0.25,是,不可回看（附件2 无时长字段）,20,5,0.25,是,不可回看（附件2 无时长字段）
SHa756SwGJQ$_$0,17,5,0.2941,是,12,5,0.4167,是,不可回看（附件2 无时长字段）,0,0,,,不可回看（附件2 无时长字段）
SHa756SwGJQ$_$2,31,5,0.1613,否,26,5,0.1923,是,不可回看（附件2 无时长字段）,26,5,0.1923,否,不可回看（附件2 无时长字段）
SHa756SwGJQ$_$4,16,5,0.3125,否,11,5,0.4545,是,不可回看（附件2 无时长字段）,11,5,0.4545,是,不可回看（附件2 无时长字段）
SHa756SwGJQ$_$7,17,5,0.2941,否,12,5,0.4167,是,不可回看（附件2 无时长字段）,12,5,0.4167,是,不可回看（附件2 无时长字段）
SHa756SwGJQ$_$6,14,5,0.3571,否,9,5,0.5556,是,不可回看（附件2 无时长字段）,9,5,0.5556,是,不可回看（附件2 无时长字段）
TH32jop4FiI$_$15,23,5,0.2174,否,18,5,0.2778,是,不可回看（附件2 无时长字段）,18,5,0.2778,是,不可回看（附件2 无时长字段）
TH32jop4FiI$_$17,30,5,0.1667,是,25,5,0.2,是,不可回看（附件2 无时长字段）,25,5,0.2,是,不可回看（附件2 无时长字段）
TWszOxkOV0w$_$1,39,5,0.1282,是,34,5,0.1471,是,不可回看（附件2 无时长字段）,34,5,0.1471,是,不可回看（附件2 无时长字段）
TXCXFYIc3Yo$_$16,27,5,0.1852,是,22,5,0.2273,是,不可回看（附件2 无时长字段）,22,5,0.2273,是,不可回看（附件2 无时长字段）
TXCXFYIc3Yo$_$2,21,5,0.2381,是,16,5,0.3125,是,不可回看（附件2 无时长字段）,16,5,0.3125,是,不可回看（附件2 无时长字段）
TXCXFYIc3Yo$_$7,42,5,0.119,是,37,5,0.1351,是,不可回看（附件2 无时长字段）,37,5,0.1351,否,不可回看（附件2 无时长字段）
TXCXFYIc3Yo$_$6,22,5,0.2273,是,17,5,0.2941,是,不可回看（附件2 无时长字段）,17,5,0.2941,是,不可回看（附件2 无时长字段）
TYJzg5IJN8o$_$11,48,5,0.1042,是,44,5,0.1136,是,不可回看（附件2 无时长字段）,44,5,0.1136,是,不可回看（附件2 无时长字段）
TYJzg5IJN8o$_$10,29,5,0.1724,是,24,5,0.2083,是,不可回看（附件2 无时长字段）,24,5,0.2083,是,不可回看（附件2 无时长字段）
TYJzg5IJN8o$_$14,30,5,0.1667,是,25,5,0.2,是,不可回看（附件2 无时长字段）,25,5,0.2,是,不可回看（附件2 无时长字段）
TYJzg5IJN8o$_$0,31,5,0.1613,是,26,5,0.1923,是,不可回看（附件2 无时长字段）,26,5,0.1923,是,不可回看（附件2 无时长字段）
TYJzg5IJN8o$_$4,34,5,0.1471,是,29,5,0.1724,否,不可回看（附件2 无时长字段）,29,5,0.1724,否,不可回看（附件2 无时长字段）
TYJzg5IJN8o$_$7,25,5,0.2,是,20,5,0.25,是,不可回看（附件2 无时长字段）,20,5,0.25,是,不可回看（附件2 无时长字段）
Uc_6d-fkZEc$_$3,16,5,0.3125,否,11,5,0.4545,是,不可回看（附件2 无时长字段）,11,5,0.4545,是,不可回看（附件2 无时长字段）
UlTJmndbGHM$_$1,17,5,0.2941,是,12,5,0.4167,是,不可回看（附件2 无时长字段）,9,5,0.5556,是,不可回看（附件2 无时长字段）
UlTJmndbGHM$_$4,20,5,0.25,是,15,5,0.3333,是,不可回看（附件2 无时长字段）,0,0,,,不可回看（附件2 无时长字段）
VbV9S4svrTg$_$13,9,5,0.5556,否,4,4,1.0,否,不可回看（附件2 无时长字段）,4,4,1.0,否,不可回看（附件2 无时长字段）
VbV9S4svrTg$_$3,16,5,0.3125,否,11,5,0.4545,是,不可回看（附件2 无时长字段）,11,5,0.4545,是,不可回看（附件2 无时长字段）
VbV9S4svrTg$_$7,9,5,0.5556,否,4,4,1.0,否,不可回看（附件2 无时长字段）,4,4,1.0,否,不可回看（附件2 无时长字段）
VbV9S4svrTg$_$8,14,5,0.3571,是,9,5,0.5556,是,不可回看（附件2 无时长字段）,9,5,0.5556,否,不可回看（附件2 无时长字段）
VinxKpWioTo$_$1,48,5,0.1042,是,44,5,0.1136,是,不可回看（附件2 无时长字段）,44,5,0.1136,是,不可回看（附件2 无时长字段）
VinxKpWioTo$_$0,11,5,0.4545,否,6,5,0.8333,否,不可回看（附件2 无时长字段）,6,5,0.8333,否,不可回看（附件2 无时长字段）
VinxKpWioTo$_$3,29,5,0.1724,是,24,5,0.2083,是,不可回看（附件2 无时长字段）,24,5,0.2083,是,不可回看（附件2 无时长字段）
VinxKpWioTo$_$5,21,5,0.2381,是,16,5,0.3125,是,不可回看（附件2 无时长字段）,16,5,0.3125,是,不可回看（附件2 无时长字段）
ViyQVpGW05w$_$1,18,5,0.2778,否,13,5,0.3846,否,不可回看（附件2 无时长字段）,13,5,0.3846,是,不可回看（附件2 无时长字段）
ViyQVpGW05w$_$4,14,5,0.3571,否,9,5,0.5556,是,不可回看（附件2 无时长字段）,9,5,0.5556,是,不可回看（附件2 无时长字段）
ViyQVpGW05w$_$6,26,5,0.1923,否,21,5,0.2381,是,不可回看（附件2 无时长字段）,21,5,0.2381,是,不可回看（附件2 无时长字段）
Vuay0mVKkik$_$3,27,5,0.1852,是,22,5,0.2273,是,不可回看（附件2 无时长字段）,22,5,0.2273,否,不可回看（附件2 无时长字段）
WmQF5RmbsVQ$_$6,48,5,0.1042,是,44,5,0.1136,是,不可回看（附件2 无时长字段）,44,5,0.1136,是,不可回看（附件2 无时长字段）
Wrcf2xtqbkQ$_$9,29,5,0.1724,是,24,5,0.2083,是,不可回看（附件2 无时长字段）,24,5,0.2083,是,不可回看（附件2 无时长字段）
Wrcf2xtqbkQ$_$8,19,5,0.2632,是,14,5,0.3571,是,不可回看（附件2 无时长字段）,14,5,0.3571,是,不可回看（附件2 无时长字段）
WxajvjGKz7Y$_$0,12,5,0.4167,否,7,5,0.7143,否,不可回看（附件2 无时长字段）,7,5,0.7143,否,不可回看（附件2 无时长字段）
WxajvjGKz7Y$_$3,23,5,0.2174,是,18,5,0.2778,否,不可回看（附件2 无时长字段）,18,5,0.2778,是,不可回看（附件2 无时长字段）
WxajvjGKz7Y$_$6,33,5,0.1515,是,28,5,0.1786,是,不可回看（附件2 无时长字段）,28,5,0.1786,是,不可回看（附件2 无时长字段）
XIGpuL-Kkyk$_$12,29,5,0.1724,否,24,5,0.2083,是,不可回看（附件2 无时长字段）,0,0,,,不可回看（附件2 无时长字段）
XIGpuL-Kkyk$_$0,14,5,0.3571,否,9,5,0.5556,是,不可回看（附件2 无时长字段）,0,0,,,不可回看（附件2 无时长字段）
XIGpuL-Kkyk$_$4,22,5,0.2273,否,17,5,0.2941,是,不可回看（附件2 无时长字段）,17,5,0.2941,否,不可回看（附件2 无时长字段）
XIGpuL-Kkyk$_$7,8,5,0.625,否,3,3,1.0,否,不可回看（附件2 无时长字段）,0,0,,,不可回看（附件2 无时长字段）
XaVYxIW0FDg$_$2,35,5,0.1429,是,30,5,0.1667,是,不可回看（附件2 无时长字段）,30,5,0.1667,是,不可回看（附件2 无时长字段）
XyP8bVmGX6M$_$4,19,5,0.2632,否,14,5,0.3571,是,不可回看（附件2 无时长字段）,14,5,0.3571,是,不可回看（附件2 无时长字段）
XzVapdEr_GY$_$3,34,5,0.1471,是,29,5,0.1724,是,不可回看（附件2 无时长字段）,29,5,0.1724,是,不可回看（附件2 无时长字段）
XzVapdEr_GY$_$4,38,5,0.1316,否,33,5,0.1515,是,不可回看（附件2 无时长字段）,33,5,0.1515,否,不可回看（附件2 无时长字段）
Y7h-S3cJ52o$_$0,12,5,0.4167,否,7,5,0.7143,否,不可回看（附件2 无时长字段）,7,5,0.7143,是,不可回看（附件2 无时长字段）
Y7qkyMyanjU$_$2,12,5,0.4167,否,7,5,0.7143,是,不可回看（附件2 无时长字段）,0,0,,,不可回看（附件2 无时长字段）
Y7qkyMyanjU$_$4,14,5,0.3571,否,9,5,0.5556,是,不可回看（附件2 无时长字段）,0,0,,,不可回看（附件2 无时长字段）
YbuG8xyUO-o$_$3,14,5,0.3571,否,9,5,0.5556,是,不可回看（附件2 无时长字段）,9,5,0.5556,是,不可回看（附件2 无时长字段）
YbuG8xyUO-o$_$2,16,5,0.3125,是,11,5,0.4545,是,不可回看（附件2 无时长字段）,11,5,0.4545,是,不可回看（附件2 无时长字段）
Z7L3V5bwzI0$_$2,28,5,0.1786,是,23,5,0.2174,否,不可回看（附件2 无时长字段）,23,5,0.2174,是,不可回看（附件2 无时长字段）
ZaoFHcbRM9g$_$3,30,5,0.1667,是,25,5,0.2,是,不可回看（附件2 无时长字段）,25,5,0.2,否,不可回看（附件2 无时长字段）
ZaoFHcbRM9g$_$2,10,5,0.5,否,5,5,1.0,否,不可回看（附件2 无时长字段）,5,5,1.0,否,不可回看（附件2 无时长字段）
ZaoFHcbRM9g$_$5,15,5,0.3333,否,10,5,0.5,是,不可回看（附件2 无时长字段）,10,5,0.5,是,不可回看（附件2 无时长字段）
ZaoFHcbRM9g$_$9,7,5,0.7143,否,2,2,1.0,否,不可回看（附件2 无时长字段）,2,2,1.0,否,不可回看（附件2 无时长字段）
ZaoFHcbRM9g$_$8,9,5,0.5556,否,4,4,1.0,否,不可回看（附件2 无时长字段）,4,4,1.0,否,不可回看（附件2 无时长字段）
Zvisaa77Cng$_$1,19,5,0.2632,是,14,5,0.3571,是,不可回看（附件2 无时长字段）,14,5,0.3571,是,不可回看（附件2 无时长字段）
Zvisaa77Cng$_$5,17,5,0.2941,否,12,5,0.4167,是,不可回看（附件2 无时长字段）,12,5,0.4167,是,不可回看（附件2 无时长字段）
_7HVhnSYX1Y$_$26,17,5,0.2941,否,12,5,0.4167,是,不可回看（附件2 无时长字段）,12,5,0.4167,是,不可回看（附件2 无时长字段）
_7HVhnSYX1Y$_$12,20,5,0.25,是,15,5,0.3333,是,不可回看（附件2 无时长字段）,15,5,0.3333,是,不可回看（附件2 无时长字段）
_7HVhnSYX1Y$_$14,11,5,0.4545,否,6,5,0.8333,否,不可回看（附件2 无时长字段）,6,5,0.8333,否,不可回看（附件2 无时长字段）
_7HVhnSYX1Y$_$19,14,5,0.3571,否,9,5,0.5556,否,不可回看（附件2 无时长字段）,9,5,0.5556,是,不可回看（附件2 无时长字段）
_7HVhnSYX1Y$_$31,14,5,0.3571,否,9,5,0.5556,是,不可回看（附件2 无时长字段）,9,5,0.5556,是,不可回看（附件2 无时长字段）
_7HVhnSYX1Y$_$3,24,5,0.2083,是,19,5,0.2632,是,不可回看（附件2 无时长字段）,19,5,0.2632,否,不可回看（附件2 无时长字段）
_BvNNdEkhZA$_$14,16,5,0.3125,否,11,5,0.4545,是,不可回看（附件2 无时长字段）,11,5,0.4545,是,不可回看（附件2 无时长字段）
_BvNNdEkhZA$_$19,33,5,0.1515,是,28,5,0.1786,是,不可回看（附件2 无时长字段）,28,5,0.1786,是,不可回看（附件2 无时长字段）
_BvNNdEkhZA$_$7,24,5,0.2083,否,19,5,0.2632,是,不可回看（附件2 无时长字段）,19,5,0.2632,是,不可回看（附件2 无时长字段）
_BvNNdEkhZA$_$6,29,5,0.1724,是,24,5,0.2083,是,不可回看（附件2 无时长字段）,24,5,0.2083,是,不可回看（附件2 无时长字段）
_BvNNdEkhZA$_$9,17,5,0.2941,是,12,5,0.4167,是,不可回看（附件2 无时长字段）,12,5,0.4167,是,不可回看（附件2 无时长字段）
_aZDaIfGfPo$_$1,46,5,0.1087,否,41,5,0.122,是,不可回看（附件2 无时长字段）,41,5,0.122,否,不可回看（附件2 无时长字段）
_aZDaIfGfPo$_$0,22,5,0.2273,是,17,5,0.2941,是,不可回看（附件2 无时长字段）,17,5,0.2941,是,不可回看（附件2 无时长字段）
_gr7o5ynhnw$_$13,35,5,0.1429,否,30,5,0.1667,否,不可回看（附件2 无时长字段）,30,5,0.1667,是,不可回看（附件2 无时长字段）
_gr7o5ynhnw$_$12,15,5,0.3333,否,10,5,0.5,是,不可回看（附件2 无时长字段）,10,5,0.5,是,不可回看（附件2 无时长字段）
_gr7o5ynhnw$_$15,48,5,0.1042,是,44,5,0.1136,是,不可回看（附件2 无时长字段）,44,5,0.1136,否,不可回看（附件2 无时长字段）
_gzYkdjNvPc$_$12,10,5,0.5,否,5,5,1.0,否,不可回看（附件2 无时长字段）,5,5,1.0,否,不可回看（附件2 无时长字段）
_gzYkdjNvPc$_$17,18,5,0.2778,否,13,5,0.3846,是,不可回看（附件2 无时长字段）,13,5,0.3846,否,不可回看（附件2 无时长字段）
_gzYkdjNvPc$_$1,27,5,0.1852,是,22,5,0.2273,否,不可回看（附件2 无时长字段）,22,5,0.2273,是,不可回看（附件2 无时长字段）
_gzYkdjNvPc$_$3,17,5,0.2941,是,12,5,0.4167,是,不可回看（附件2 无时长字段）,12,5,0.4167,是,不可回看（附件2 无时长字段）
_gzYkdjNvPc$_$2,7,5,0.7143,否,2,2,1.0,否,不可回看（附件2 无时长字段）,2,2,1.0,否,不可回看（附件2 无时长字段）
_gzYkdjNvPc$_$5,17,5,0.2941,是,12,5,0.4167,是,不可回看（附件2 无时长字段）,12,5,0.4167,是,不可回看（附件2 无时长字段）
_gzYkdjNvPc$_$4,23,5,0.2174,是,18,5,0.2778,是,不可回看（附件2 无时长字段）,18,5,0.2778,是,不可回看（附件2 无时长字段）
_gzYkdjNvPc$_$6,19,5,0.2632,是,14,5,0.3571,是,不可回看（附件2 无时长字段）,14,5,0.3571,是,不可回看（附件2 无时长字段）
_gzYkdjNvPc$_$9,16,5,0.3125,是,11,5,0.4545,是,不可回看（附件2 无时长字段）,11,5,0.4545,是,不可回看（附件2 无时长字段）
a-WihYDk6vc$_$8,33,5,0.1515,是,28,5,0.1786,否,不可回看（附件2 无时长字段）,28,5,0.1786,是,不可回看（附件2 无时长字段）
a-WihYDk6vc$_$0,16,5,0.3125,是,11,5,0.4545,是,不可回看（附件2 无时长字段）,11,5,0.4545,是,不可回看（附件2 无时长字段）
aFhc2ddipoM$_$14,33,5,0.1515,是,28,5,0.1786,是,不可回看（附件2 无时长字段）,28,5,0.1786,是,不可回看（附件2 无时长字段）
aK5tRCXjUvU$_$0,17,5,0.2941,否,12,5,0.4167,是,不可回看（附件2 无时长字段）,12,5,0.4167,是,不可回看（附件2 无时长字段）
b-FX9NOVQOM$_$1,28,5,0.1786,否,23,5,0.2174,是,不可回看（附件2 无时长字段）,15,5,0.3333,是,不可回看（附件2 无时长字段）
b-FX9NOVQOM$_$4,31,5,0.1613,是,26,5,0.1923,是,不可回看（附件2 无时长字段）,13,5,0.3846,是,不可回看（附件2 无时长字段）
b1LEcg6z66g$_$0,25,5,0.2,是,20,5,0.25,是,不可回看（附件2 无时长字段）,20,5,0.25,否,不可回看（附件2 无时长字段）
b1LEcg6z66g$_$4,31,5,0.1613,是,26,5,0.1923,是,不可回看（附件2 无时长字段）,26,5,0.1923,是,不可回看（附件2 无时长字段）
b1LEcg6z66g$_$8,25,5,0.2,是,20,5,0.25,是,不可回看（附件2 无时长字段）,20,5,0.25,是,不可回看（附件2 无时长字段）
bAkUEnPoucg$_$3,34,5,0.1471,是,29,5,0.1724,是,不可回看（附件2 无时长字段）,29,5,0.1724,是,不可回看（附件2 无时长字段）
bNQkb4K5DX0$_$3,27,5,0.1852,是,22,5,0.2273,是,不可回看（附件2 无时长字段）,22,5,0.2273,是,不可回看（附件2 无时长字段）
bNQkb4K5DX0$_$7,22,5,0.2273,是,17,5,0.2941,是,不可回看（附件2 无时长字段）,17,5,0.2941,是,不可回看（附件2 无时长字段）
bWunvAd96zI$_$1,19,5,0.2632,否,14,5,0.3571,是,不可回看（附件2 无时长字段）,14,5,0.3571,是,不可回看（附件2 无时长字段）
bWunvAd96zI$_$2,34,5,0.1471,是,29,5,0.1724,否,不可回看（附件2 无时长字段）,29,5,0.1724,否,不可回看（附件2 无时长字段）
bWunvAd96zI$_$5,8,5,0.625,否,3,3,1.0,否,不可回看（附件2 无时长字段）,3,3,1.0,否,不可回看（附件2 无时长字段）
bWunvAd96zI$_$4,18,5,0.2778,否,13,5,0.3846,是,不可回看（附件2 无时长字段）,13,5,0.3846,是,不可回看（附件2 无时长字段）
bj9e8w4vNxo$_$12,43,5,0.1163,是,38,5,0.1316,否,不可回看（附件2 无时长字段）,38,5,0.1316,否,不可回看（附件2 无时长字段）
bpvYdXVlgvc$_$1,11,5,0.4545,否,6,5,0.8333,否,不可回看（附件2 无时长字段）,6,5,0.8333,否,不可回看（附件2 无时长字段）
bpvYdXVlgvc$_$3,22,5,0.2273,是,17,5,0.2941,是,不可回看（附件2 无时长字段）,17,5,0.2941,是,不可回看（附件2 无时长字段）
bpvYdXVlgvc$_$4,15,5,0.3333,是,10,5,0.5,否,不可回看（附件2 无时长字段）,10,5,0.5,是,不可回看（附件2 无时长字段）
bpvYdXVlgvc$_$6,30,5,0.1667,是,25,5,0.2,否,不可回看（附件2 无时长字段）,25,5,0.2,是,不可回看（附件2 无时长字段）
c1a1y9ytHH0$_$0,28,5,0.1786,是,23,5,0.2174,是,不可回看（附件2 无时长字段）,15,5,0.3333,是,不可回看（附件2 无时长字段）
c1a1y9ytHH0$_$3,30,5,0.1667,是,25,5,0.2,是,不可回看（附件2 无时长字段）,6,5,0.8333,是,不可回看（附件2 无时长字段）
c1a1y9ytHH0$_$7,23,5,0.2174,是,18,5,0.2778,是,不可回看（附件2 无时长字段）,6,5,0.8333,否,不可回看（附件2 无时长字段）
c5cB7AfVgcE$_$12,32,5,0.1562,否,27,5,0.1852,是,不可回看（附件2 无时长字段）,22,5,0.2273,否,不可回看（附件2 无时长字段）
c5cB7AfVgcE$_$5,38,5,0.1316,是,33,5,0.1515,是,不可回看（附件2 无时长字段）,33,5,0.1515,是,不可回看（附件2 无时长字段）
d8BR6hsvzoY$_$1,25,5,0.2,是,20,5,0.25,是,不可回看（附件2 无时长字段）,20,5,0.25,是,不可回看（附件2 无时长字段）
d8BR6hsvzoY$_$0,8,5,0.625,否,3,3,1.0,否,不可回看（附件2 无时长字段）,3,3,1.0,否,不可回看（附件2 无时长字段）
d8BR6hsvzoY$_$2,18,5,0.2778,是,13,5,0.3846,是,不可回看（附件2 无时长字段）,13,5,0.3846,是,不可回看（附件2 无时长字段）
d8BR6hsvzoY$_$5,11,5,0.4545,否,6,5,0.8333,否,不可回看（附件2 无时长字段）,6,5,0.8333,否,不可回看（附件2 无时长字段）
d8BR6hsvzoY$_$6,10,5,0.5,否,5,5,1.0,否,不可回看（附件2 无时长字段）,5,5,1.0,否,不可回看（附件2 无时长字段）
d8BR6hsvzoY$_$9,18,5,0.2778,否,13,5,0.3846,是,不可回看（附件2 无时长字段）,13,5,0.3846,是,不可回看（附件2 无时长字段）
d8BR6hsvzoY$_$8,30,5,0.1667,是,25,5,0.2,是,不可回看（附件2 无时长字段）,25,5,0.2,是,不可回看（附件2 无时长字段）
dBWvtPeHpWM$_$4,6,5,0.8333,否,1,1,1.0,否,不可回看（附件2 无时长字段）,1,1,1.0,否,不可回看（附件2 无时长字段）
dEDbm2ubVRQ$_$0,13,5,0.3846,否,8,5,0.625,是,不可回看（附件2 无时长字段）,8,5,0.625,是,不可回看（附件2 无时长字段）
dEDbm2ubVRQ$_$3,34,5,0.1471,是,29,5,0.1724,是,不可回看（附件2 无时长字段）,29,5,0.1724,是,不可回看（附件2 无时长字段）
dEDbm2ubVRQ$_$8,17,5,0.2941,否,12,5,0.4167,是,不可回看（附件2 无时长字段）,12,5,0.4167,是,不可回看（附件2 无时长字段）
dt641WxonBI$_$1,11,5,0.4545,否,6,5,0.8333,否,不可回看（附件2 无时长字段）,6,5,0.8333,否,不可回看（附件2 无时长字段）
dt641WxonBI$_$3,25,5,0.2,是,20,5,0.25,是,不可回看（附件2 无时长字段）,20,5,0.25,是,不可回看（附件2 无时长字段）
eOiC1kb17P4$_$0,48,5,0.1042,是,44,5,0.1136,否,不可回看（附件2 无时长字段）,44,5,0.1136,是,不可回看（附件2 无时长字段）
erNDEjQeox8$_$12,47,5,0.1064,是,42,5,0.119,是,不可回看（附件2 无时长字段）,42,5,0.119,是,不可回看（附件2 无时长字段）
ewBrNsyY82Q$_$4,33,5,0.1515,是,28,5,0.1786,是,不可回看（附件2 无时长字段）,28,5,0.1786,是,不可回看（附件2 无时长字段）
fWOIAxzBQFY$_$12,25,5,0.2,是,20,5,0.25,是,不可回看（附件2 无时长字段）,20,5,0.25,是,不可回看（附件2 无时长字段）
fWOIAxzBQFY$_$5,17,5,0.2941,否,12,5,0.4167,是,不可回看（附件2 无时长字段）,12,5,0.4167,是,不可回看（附件2 无时长字段）
fWOIAxzBQFY$_$7,20,5,0.25,是,15,5,0.3333,是,不可回看（附件2 无时长字段）,15,5,0.3333,是,不可回看（附件2 无时长字段）
f_ZJ7L14oYQ$_$11,41,5,0.122,是,36,5,0.1389,是,不可回看（附件2 无时长字段）,36,5,0.1389,否,不可回看（附件2 无时长字段）
f_ZJ7L14oYQ$_$27,27,5,0.1852,是,22,5,0.2273,是,不可回看（附件2 无时长字段）,22,5,0.2273,是,不可回看（附件2 无时长字段）
f_ZJ7L14oYQ$_$21,23,5,0.2174,是,18,5,0.2778,否,不可回看（附件2 无时长字段）,18,5,0.2778,是,不可回看（附件2 无时长字段）
f_ZJ7L14oYQ$_$17,22,5,0.2273,是,17,5,0.2941,是,不可回看（附件2 无时长字段）,17,5,0.2941,是,不可回看（附件2 无时长字段）
f_ZJ7L14oYQ$_$9,30,5,0.1667,是,25,5,0.2,是,不可回看（附件2 无时长字段）,25,5,0.2,否,不可回看（附件2 无时长字段）
f_ZJ7L14oYQ$_$8,22,5,0.2273,否,17,5,0.2941,否,不可回看（附件2 无时长字段）,17,5,0.2941,否,不可回看（附件2 无时长字段）
ffrJ91swyq0$_$1,44,5,0.1136,否,39,5,0.1282,是,不可回看（附件2 无时长字段）,39,5,0.1282,否,不可回看（附件2 无时长字段）
g8Cl74tS3oY$_$2,34,5,0.1471,否,29,5,0.1724,是,不可回看（附件2 无时长字段）,29,5,0.1724,是,不可回看（附件2 无时长字段）
g8Cl74tS3oY$_$6,42,5,0.119,是,37,5,0.1351,否,不可回看（附件2 无时长字段）,37,5,0.1351,是,不可回看（附件2 无时长字段）
gR4gM_WXesQ$_$10,25,5,0.2,是,20,5,0.25,是,不可回看（附件2 无时长字段）,20,5,0.25,是,不可回看（附件2 无时长字段）
gR4gM_WXesQ$_$26,20,5,0.25,否,15,5,0.3333,是,不可回看（附件2 无时长字段）,15,5,0.3333,是,不可回看（附件2 无时长字段）
gR4gM_WXesQ$_$20,39,5,0.1282,是,34,5,0.1471,是,不可回看（附件2 无时长字段）,34,5,0.1471,是,不可回看（附件2 无时长字段）
gR4gM_WXesQ$_$24,13,5,0.3846,否,8,5,0.625,是,不可回看（附件2 无时长字段）,8,5,0.625,是,不可回看（附件2 无时长字段）
gR4gM_WXesQ$_$18,32,5,0.1562,是,27,5,0.1852,否,不可回看（附件2 无时长字段）,27,5,0.1852,是,不可回看（附件2 无时长字段）
gR4gM_WXesQ$_$3,28,5,0.1786,否,23,5,0.2174,是,不可回看（附件2 无时长字段）,14,5,0.3571,是,不可回看（附件2 无时长字段）
gR4gM_WXesQ$_$4,21,5,0.2381,是,16,5,0.3125,是,不可回看（附件2 无时长字段）,16,5,0.3125,是,不可回看（附件2 无时长字段）
gR4gM_WXesQ$_$8,24,5,0.2083,是,19,5,0.2632,是,不可回看（附件2 无时长字段）,19,5,0.2632,是,不可回看（附件2 无时长字段）
gVqs4TzqySw$_$1,45,5,0.1111,是,40,5,0.125,否,不可回看（附件2 无时长字段）,28,5,0.1786,否,不可回看（附件2 无时长字段）
gVqs4TzqySw$_$3,26,5,0.1923,是,21,5,0.2381,是,不可回看（附件2 无时长字段）,2,2,1.0,否,不可回看（附件2 无时长字段）
gVqs4TzqySw$_$2,28,5,0.1786,是,23,5,0.2174,是,不可回看（附件2 无时长字段）,6,5,0.8333,否,不可回看（附件2 无时长字段）
gVqs4TzqySw$_$4,9,5,0.5556,否,4,4,1.0,否,不可回看（附件2 无时长字段）,4,4,1.0,否,不可回看（附件2 无时长字段）
goMtnNHQ_z4$_$1,17,5,0.2941,否,12,5,0.4167,是,不可回看（附件2 无时长字段）,12,5,0.4167,是,不可回看（附件2 无时长字段）
goMtnNHQ_z4$_$2,20,5,0.25,是,15,5,0.3333,是,不可回看（附件2 无时长字段）,15,5,0.3333,是,不可回看（附件2 无时长字段）
goMtnNHQ_z4$_$13,22,5,0.2273,是,17,5,0.2941,是,不可回看（附件2 无时长字段）,17,5,0.2941,是,不可回看（附件2 无时长字段）
goMtnNHQ_z4$_$12,20,5,0.25,否,15,5,0.3333,是,不可回看（附件2 无时长字段）,15,5,0.3333,是,不可回看（附件2 无时长字段）
hqzF4IDaIYE$_$0,26,5,0.1923,是,21,5,0.2381,否,不可回看（附件2 无时长字段）,21,5,0.2381,是,不可回看（附件2 无时长字段）
hqzF4IDaIYE$_$3,41,5,0.122,是,36,5,0.1389,否,不可回看（附件2 无时长字段）,36,5,0.1389,否,不可回看（附件2 无时长字段）
hqzF4IDaIYE$_$2,30,5,0.1667,是,25,5,0.2,是,不可回看（附件2 无时长字段）,25,5,0.2,是,不可回看（附件2 无时长字段）
hqzF4IDaIYE$_$4,14,5,0.3571,否,9,5,0.5556,是,不可回看（附件2 无时长字段）,9,5,0.5556,是,不可回看（附件2 无时长字段）
hqzF4IDaIYE$_$6,10,5,0.5,否,5,5,1.0,否,不可回看（附件2 无时长字段）,5,5,1.0,否,不可回看（附件2 无时长字段）
hvfaYsv7p8E$_$0,21,5,0.2381,是,16,5,0.3125,是,不可回看（附件2 无时长字段）,16,5,0.3125,是,不可回看（附件2 无时长字段）
iUXqlrui25c$_$10,33,5,0.1515,是,28,5,0.1786,是,不可回看（附件2 无时长字段）,28,5,0.1786,是,不可回看（附件2 无时长字段）
iUXqlrui25c$_$21,21,5,0.2381,是,16,5,0.3125,是,不可回看（附件2 无时长字段）,16,5,0.3125,否,不可回看（附件2 无时长字段）
iUXqlrui25c$_$23,26,5,0.1923,是,21,5,0.2381,是,不可回看（附件2 无时长字段）,21,5,0.2381,否,不可回看（附件2 无时长字段）
icbUzboLcDQ$_$0,22,5,0.2273,是,17,5,0.2941,是,不可回看（附件2 无时长字段）,17,5,0.2941,是,不可回看（附件2 无时长字段）
ioupaiAuRr0$_$5,30,5,0.1667,是,25,5,0.2,是,不可回看（附件2 无时长字段）,25,5,0.2,是,不可回看（附件2 无时长字段）
ioupaiAuRr0$_$4,41,5,0.122,是,36,5,0.1389,否,不可回看（附件2 无时长字段）,36,5,0.1389,是,不可回看（附件2 无时长字段）
jICmfLeFymA$_$16,20,5,0.25,是,15,5,0.3333,是,不可回看（附件2 无时长字段）,15,5,0.3333,是,不可回看（附件2 无时长字段）
jPrEKz1rAno$_$11,15,5,0.3333,否,10,5,0.5,是,不可回看（附件2 无时长字段）,10,5,0.5,是,不可回看（附件2 无时长字段）
jPrEKz1rAno$_$7,36,5,0.1389,是,31,5,0.1613,是,不可回看（附件2 无时长字段）,31,5,0.1613,否,不可回看（附件2 无时长字段）
jPrEKz1rAno$_$6,28,5,0.1786,是,23,5,0.2174,否,不可回看（附件2 无时长字段）,23,5,0.2174,是,不可回看（附件2 无时长字段）
k5ZOshC2LP4$_$1,32,5,0.1562,是,27,5,0.1852,否,不可回看（附件2 无时长字段）,27,5,0.1852,是,不可回看（附件2 无时长字段）
kbGhEJ4W44o$_$0,40,5,0.125,是,35,5,0.1429,是,不可回看（附件2 无时长字段）,35,5,0.1429,是,不可回看（附件2 无时长字段）
kfsO4c0Ekes$_$7,28,5,0.1786,是,23,5,0.2174,是,不可回看（附件2 无时长字段）,21,5,0.2381,是,不可回看（附件2 无时长字段）
kvUb78Rdzdc$_$3,48,5,0.1042,是,44,5,0.1136,是,不可回看（附件2 无时长字段）,44,5,0.1136,是,不可回看（附件2 无时长字段）
lO87-4Kf0cQ$_$2,15,5,0.3333,否,10,5,0.5,是,不可回看（附件2 无时长字段）,10,5,0.5,是,不可回看（附件2 无时长字段）
lO87-4Kf0cQ$_$5,19,5,0.2632,否,14,5,0.3571,是,不可回看（附件2 无时长字段）,14,5,0.3571,是,不可回看（附件2 无时长字段）
lWf5hHRHIDs$_$11,14,5,0.3571,是,9,5,0.5556,是,不可回看（附件2 无时长字段）,9,5,0.5556,是,不可回看（附件2 无时长字段）
lawHYX5eB20$_$1,13,5,0.3846,否,8,5,0.625,是,不可回看（附件2 无时长字段）,8,5,0.625,是,不可回看（附件2 无时长字段）
lawHYX5eB20$_$2,24,5,0.2083,是,19,5,0.2632,是,不可回看（附件2 无时长字段）,19,5,0.2632,是,不可回看（附件2 无时长字段）
mHGaQ_nv9UY$_$13,48,5,0.1042,是,44,5,0.1136,否,不可回看（附件2 无时长字段）,44,5,0.1136,是,不可回看（附件2 无时长字段）
mHGaQ_nv9UY$_$14,27,5,0.1852,是,22,5,0.2273,是,不可回看（附件2 无时长字段）,22,5,0.2273,是,不可回看（附件2 无时长字段）
mHGaQ_nv9UY$_$17,30,5,0.1667,是,25,5,0.2,是,不可回看（附件2 无时长字段）,25,5,0.2,是,不可回看（附件2 无时长字段）
mHGaQ_nv9UY$_$22,48,5,0.1042,否,44,5,0.1136,是,不可回看（附件2 无时长字段）,44,5,0.1136,是,不可回看（附件2 无时长字段）
mHGaQ_nv9UY$_$5,34,5,0.1471,是,29,5,0.1724,否,不可回看（附件2 无时长字段）,29,5,0.1724,否,不可回看（附件2 无时长字段）
mHGaQ_nv9UY$_$4,28,5,0.1786,是,23,5,0.2174,是,不可回看（附件2 无时长字段）,23,5,0.2174,是,不可回看（附件2 无时长字段）
mLW-jn67gRE$_$20,41,5,0.122,是,36,5,0.1389,是,不可回看（附件2 无时长字段）,33,5,0.1515,是,不可回看（附件2 无时长字段）
mLW-jn67gRE$_$17,42,5,0.119,是,37,5,0.1351,是,不可回看（附件2 无时长字段）,37,5,0.1351,是,不可回看（附件2 无时长字段）
mLW-jn67gRE$_$1,15,5,0.3333,否,10,5,0.5,是,不可回看（附件2 无时长字段）,10,5,0.5,是,不可回看（附件2 无时长字段）
mLW-jn67gRE$_$3,22,5,0.2273,是,17,5,0.2941,是,不可回看（附件2 无时长字段）,17,5,0.2941,是,不可回看（附件2 无时长字段）
mLW-jn67gRE$_$5,24,5,0.2083,是,19,5,0.2632,是,不可回看（附件2 无时长字段）,19,5,0.2632,是,不可回看（附件2 无时长字段）
mLW-jn67gRE$_$6,36,5,0.1389,是,31,5,0.1613,否,不可回看（附件2 无时长字段）,31,5,0.1613,是,不可回看（附件2 无时长字段）
mLW-jn67gRE$_$9,14,5,0.3571,否,9,5,0.5556,是,不可回看（附件2 无时长字段）,9,5,0.5556,是,不可回看（附件2 无时长字段）
mjpCK2Edsv8$_$0,48,5,0.1042,否,44,5,0.1136,是,不可回看（附件2 无时长字段）,44,5,0.1136,否,不可回看（附件2 无时长字段）
nUZYqTRSGDw$_$4,26,5,0.1923,是,21,5,0.2381,是,不可回看（附件2 无时长字段）,21,5,0.2381,是,不可回看（附件2 无时长字段）
nyzIL6YAonY$_$5,15,5,0.3333,否,10,5,0.5,是,不可回看（附件2 无时长字段）,10,5,0.5,是,不可回看（附件2 无时长字段）
nyzIL6YAonY$_$6,38,5,0.1316,是,33,5,0.1515,否,不可回看（附件2 无时长字段）,33,5,0.1515,否,不可回看（附件2 无时长字段）
ooAF6I-fmTg$_$3,20,5,0.25,是,15,5,0.3333,是,不可回看（附件2 无时长字段）,15,5,0.3333,是,不可回看（附件2 无时长字段）
ooAF6I-fmTg$_$5,17,5,0.2941,是,12,5,0.4167,是,不可回看（附件2 无时长字段）,12,5,0.4167,是,不可回看（附件2 无时长字段）
ooAF6I-fmTg$_$7,23,5,0.2174,否,18,5,0.2778,是,不可回看（附件2 无时长字段）,18,5,0.2778,是,不可回看（附件2 无时长字段）
pOrk7fl1AYo$_$1,23,5,0.2174,是,18,5,0.2778,是,不可回看（附件2 无时长字段）,18,5,0.2778,是,不可回看（附件2 无时长字段）
pOrk7fl1AYo$_$3,27,5,0.1852,是,22,5,0.2273,是,不可回看（附件2 无时长字段）,22,5,0.2273,是,不可回看（附件2 无时长字段）
pOrk7fl1AYo$_$2,11,5,0.4545,否,6,5,0.8333,否,不可回看（附件2 无时长字段）,6,5,0.8333,否,不可回看（附件2 无时长字段）
pOrk7fl1AYo$_$4,20,5,0.25,是,15,5,0.3333,是,不可回看（附件2 无时长字段）,0,0,,,不可回看（附件2 无时长字段）
q9yDL81QppI$_$1,24,5,0.2083,否,19,5,0.2632,是,不可回看（附件2 无时长字段）,19,5,0.2632,是,不可回看（附件2 无时长字段）
q9yDL81QppI$_$0,25,5,0.2,是,20,5,0.25,否,不可回看（附件2 无时长字段）,20,5,0.25,是,不可回看（附件2 无时长字段）
q9yDL81QppI$_$2,26,5,0.1923,是,21,5,0.2381,是,不可回看（附件2 无时长字段）,21,5,0.2381,是,不可回看（附件2 无时长字段）
qK77ZmbqmOM$_$9,22,5,0.2273,是,17,5,0.2941,是,不可回看（附件2 无时长字段）,11,5,0.4545,是,不可回看（附件2 无时长字段）
qK77ZmbqmOM$_$0,33,5,0.1515,是,28,5,0.1786,是,不可回看（附件2 无时长字段）,28,5,0.1786,是,不可回看（附件2 无时长字段）
qY1sXq-YCHs$_$8,16,5,0.3125,是,11,5,0.4545,是,不可回看（附件2 无时长字段）,11,5,0.4545,是,不可回看（附件2 无时长字段）
qmMSumMloAs$_$1,31,5,0.1613,否,26,5,0.1923,是,不可回看（附件2 无时长字段）,26,5,0.1923,是,不可回看（附件2 无时长字段）
qmMSumMloAs$_$3,16,5,0.3125,是,11,5,0.4545,是,不可回看（附件2 无时长字段）,11,5,0.4545,是,不可回看（附件2 无时长字段）
qmMSumMloAs$_$2,42,5,0.119,是,37,5,0.1351,是,不可回看（附件2 无时长字段）,37,5,0.1351,否,不可回看（附件2 无时长字段）
r13W4H8ZhqI$_$12,21,5,0.2381,是,16,5,0.3125,是,不可回看（附件2 无时长字段）,16,5,0.3125,是,不可回看（附件2 无时长字段）
r13W4H8ZhqI$_$1,43,5,0.1163,是,38,5,0.1316,是,不可回看（附件2 无时长字段）,38,5,0.1316,是,不可回看（附件2 无时长字段）
r13W4H8ZhqI$_$5,16,5,0.3125,是,11,5,0.4545,是,不可回看（附件2 无时长字段）,11,5,0.4545,是,不可回看（附件2 无时长字段）
r13W4H8ZhqI$_$8,28,5,0.1786,是,23,5,0.2174,是,不可回看（附件2 无时长字段）,23,5,0.2174,是,不可回看（附件2 无时长字段）
r5ijC2W9ddk$_$8,34,5,0.1471,是,29,5,0.1724,是,不可回看（附件2 无时长字段）,29,5,0.1724,否,不可回看（附件2 无时长字段）
r5ijC2W9ddk$_$0,16,5,0.3125,是,11,5,0.4545,否,不可回看（附件2 无时长字段）,11,5,0.4545,否,不可回看（附件2 无时长字段）
r9tgDqXEcuc$_$4,23,5,0.2174,是,18,5,0.2778,是,不可回看（附件2 无时长字段）,18,5,0.2778,是,不可回看（附件2 无时长字段）
rf0yDSeVEUA$_$1,48,5,0.1042,是,44,5,0.1136,是,不可回看（附件2 无时长字段）,44,5,0.1136,是,不可回看（附件2 无时长字段）
rf0yDSeVEUA$_$0,27,5,0.1852,否,22,5,0.2273,是,不可回看（附件2 无时长字段）,22,5,0.2273,是,不可回看（附件2 无时长字段）
rf0yDSeVEUA$_$3,48,5,0.1042,是,44,5,0.1136,否,不可回看（附件2 无时长字段）,44,5,0.1136,否,不可回看（附件2 无时长字段）
rojyUp4FPSg$_$26,48,5,0.1042,是,44,5,0.1136,是,不可回看（附件2 无时长字段）,44,5,0.1136,是,不可回看（附件2 无时长字段）
rojyUp4FPSg$_$20,33,5,0.1515,是,28,5,0.1786,是,不可回看（附件2 无时长字段）,28,5,0.1786,是,不可回看（附件2 无时长字段）
rojyUp4FPSg$_$21,14,5,0.3571,否,9,5,0.5556,是,不可回看（附件2 无时长字段）,9,5,0.5556,否,不可回看（附件2 无时长字段）
rojyUp4FPSg$_$23,8,5,0.625,否,3,3,1.0,否,不可回看（附件2 无时长字段）,3,3,1.0,否,不可回看（附件2 无时长字段）
rojyUp4FPSg$_$5,28,5,0.1786,是,23,5,0.2174,是,不可回看（附件2 无时长字段）,23,5,0.2174,是,不可回看（附件2 无时长字段）
rojyUp4FPSg$_$7,46,5,0.1087,否,41,5,0.122,是,不可回看（附件2 无时长字段）,41,5,0.122,是,不可回看（附件2 无时长字段）
rojyUp4FPSg$_$9,27,5,0.1852,是,22,5,0.2273,是,不可回看（附件2 无时长字段）,22,5,0.2273,否,不可回看（附件2 无时长字段）
rojyUp4FPSg$_$10,15,5,0.3333,是,10,5,0.5,是,不可回看（附件2 无时长字段）,10,5,0.5,是,不可回看（附件2 无时长字段）
rojyUp4FPSg$_$12,8,5,0.625,否,3,3,1.0,否,不可回看（附件2 无时长字段）,3,3,1.0,否,不可回看（附件2 无时长字段）
rojyUp4FPSg$_$16,13,5,0.3846,否,8,5,0.625,是,不可回看（附件2 无时长字段）,8,5,0.625,否,不可回看（附件2 无时长字段）
rojyUp4FPSg$_$18,18,5,0.2778,否,13,5,0.3846,是,不可回看（附件2 无时长字段）,13,5,0.3846,是,不可回看（附件2 无时长字段）
rojyUp4FPSg$_$37,22,5,0.2273,否,17,5,0.2941,是,不可回看（附件2 无时长字段）,17,5,0.2941,是,不可回看（附件2 无时长字段）
rojyUp4FPSg$_$36,7,5,0.7143,否,2,2,1.0,否,不可回看（附件2 无时长字段）,2,2,1.0,否,不可回看（附件2 无时长字段）
rojyUp4FPSg$_$34,35,5,0.1429,否,30,5,0.1667,否,不可回看（附件2 无时长字段）,30,5,0.1667,是,不可回看（附件2 无时长字段）
rojyUp4FPSg$_$32,8,5,0.625,否,3,3,1.0,否,不可回看（附件2 无时长字段）,3,3,1.0,否,不可回看（附件2 无时长字段）
rwNlqh0k1j4$_$15,44,5,0.1136,是,39,5,0.1282,否,不可回看（附件2 无时长字段）,39,5,0.1282,是,不可回看（附件2 无时长字段）
rwNlqh0k1j4$_$3,18,5,0.2778,是,13,5,0.3846,是,不可回看（附件2 无时长字段）,13,5,0.3846,是,不可回看（附件2 无时长字段）
rwNlqh0k1j4$_$2,23,5,0.2174,是,18,5,0.2778,是,不可回看（附件2 无时长字段）,18,5,0.2778,是,不可回看（附件2 无时长字段）
rwNlqh0k1j4$_$7,33,5,0.1515,是,28,5,0.1786,是,不可回看（附件2 无时长字段）,28,5,0.1786,是,不可回看（附件2 无时长字段）
sC16n1k66io$_$2,33,5,0.1515,否,28,5,0.1786,是,不可回看（附件2 无时长字段）,28,5,0.1786,是,不可回看（附件2 无时长字段）
sC16n1k66io$_$16,13,5,0.3846,否,8,5,0.625,是,不可回看（附件2 无时长字段）,8,5,0.625,是,不可回看（附件2 无时长字段）
sPremsknoLM$_$1,7,5,0.7143,否,2,2,1.0,否,不可回看（附件2 无时长字段）,0,0,,,不可回看（附件2 无时长字段）
ssqiwP19JhM$_$10,40,5,0.125,是,35,5,0.1429,是,不可回看（附件2 无时长字段）,35,5,0.1429,是,不可回看（附件2 无时长字段）
ssqiwP19JhM$_$2,23,5,0.2174,是,18,5,0.2778,是,不可回看（附件2 无时长字段）,18,5,0.2778,是,不可回看（附件2 无时长字段）
szic2IB9HB4$_$5,14,5,0.3571,否,9,5,0.5556,是,不可回看（附件2 无时长字段）,9,5,0.5556,是,不可回看（附件2 无时长字段）
tQ-CIfgj-Js$_$3,48,5,0.1042,是,0,0,,,不可回看（附件2 无时长字段）,0,0,,,不可回看（附件2 无时长字段）
tXQpm-nKxNA$_$5,20,5,0.25,否,15,5,0.3333,是,不可回看（附件2 无时长字段）,15,5,0.3333,是,不可回看（附件2 无时长字段）
tXQpm-nKxNA$_$7,30,5,0.1667,是,25,5,0.2,是,不可回看（附件2 无时长字段）,25,5,0.2,否,不可回看（附件2 无时长字段）
uacdDoBtT1k$_$0,48,5,0.1042,是,44,5,0.1136,是,不可回看（附件2 无时长字段）,37,5,0.1351,否,不可回看（附件2 无时长字段）
uacdDoBtT1k$_$6,29,5,0.1724,是,24,5,0.2083,是,不可回看（附件2 无时长字段）,8,5,0.625,是,不可回看（附件2 无时长字段）
unNY4zIk8MM$_$1,31,5,0.1613,是,26,5,0.1923,是,不可回看（附件2 无时长字段）,0,0,,,不可回看（附件2 无时长字段）
unNY4zIk8MM$_$3,18,5,0.2778,是,13,5,0.3846,是,不可回看（附件2 无时长字段）,0,0,,,不可回看（附件2 无时长字段）
unNY4zIk8MM$_$5,22,5,0.2273,是,17,5,0.2941,是,不可回看（附件2 无时长字段）,0,0,,,不可回看（附件2 无时长字段）
unNY4zIk8MM$_$8,13,5,0.3846,否,8,5,0.625,否,不可回看（附件2 无时长字段）,8,5,0.625,是,不可回看（附件2 无时长字段）
uooIiW6dEyg$_$1,9,5,0.5556,否,4,4,1.0,否,不可回看（附件2 无时长字段）,4,4,1.0,否,不可回看（附件2 无时长字段）
uooIiW6dEyg$_$5,36,5,0.1389,否,31,5,0.1613,否,不可回看（附件2 无时长字段）,31,5,0.1613,是,不可回看（附件2 无时长字段）
v2Rr-EsJda8$_$0,11,5,0.4545,否,6,5,0.8333,否,不可回看（附件2 无时长字段）,0,0,,,不可回看（附件2 无时长字段）
v2Rr-EsJda8$_$6,13,5,0.3846,否,8,5,0.625,是,不可回看（附件2 无时长字段）,1,1,1.0,否,不可回看（附件2 无时长字段）
v9gjg7TDlTA$_$0,17,5,0.2941,否,12,5,0.4167,是,不可回看（附件2 无时长字段）,12,5,0.4167,是,不可回看（附件2 无时长字段）
v9gjg7TDlTA$_$4,21,5,0.2381,否,16,5,0.3125,是,不可回看（附件2 无时长字段）,16,5,0.3125,否,不可回看（附件2 无时长字段）
vHzbn_YW76s$_$3,20,5,0.25,是,15,5,0.3333,是,不可回看（附件2 无时长字段）,15,5,0.3333,是,不可回看（附件2 无时长字段）
vU0a4F36Ksw$_$13,32,5,0.1562,是,27,5,0.1852,是,不可回看（附件2 无时长字段）,27,5,0.1852,是,不可回看（附件2 无时长字段）
vU0a4F36Ksw$_$12,23,5,0.2174,是,18,5,0.2778,是,不可回看（附件2 无时长字段）,18,5,0.2778,是,不可回看（附件2 无时长字段）
vU0a4F36Ksw$_$17,17,5,0.2941,是,12,5,0.4167,是,不可回看（附件2 无时长字段）,12,5,0.4167,是,不可回看（附件2 无时长字段）
vU0a4F36Ksw$_$0,48,5,0.1042,是,44,5,0.1136,否,不可回看（附件2 无时长字段）,44,5,0.1136,是,不可回看（附件2 无时长字段）
vU0a4F36Ksw$_$3,7,5,0.7143,否,2,2,1.0,否,不可回看（附件2 无时长字段）,2,2,1.0,否,不可回看（附件2 无时长字段）
vU0a4F36Ksw$_$5,29,5,0.1724,是,24,5,0.2083,否,不可回看（附件2 无时长字段）,24,5,0.2083,是,不可回看（附件2 无时长字段）
vU0a4F36Ksw$_$7,20,5,0.25,否,15,5,0.3333,是,不可回看（附件2 无时长字段）,15,5,0.3333,是,不可回看（附件2 无时长字段）
vU0a4F36Ksw$_$20,5,5,1.0,否,0,0,,,不可回看（附件2 无时长字段）,0,0,,,不可回看（附件2 无时长字段）
vbr3EA8cJTI$_$0,20,5,0.25,是,15,5,0.3333,是,不可回看（附件2 无时长字段）,15,5,0.3333,是,不可回看（附件2 无时长字段）
vbr3EA8cJTI$_$2,26,5,0.1923,是,21,5,0.2381,是,不可回看（附件2 无时长字段）,18,5,0.2778,是,不可回看（附件2 无时长字段）
vbr3EA8cJTI$_$7,23,5,0.2174,是,18,5,0.2778,是,不可回看（附件2 无时长字段）,18,5,0.2778,是,不可回看（附件2 无时长字段）
vbr3EA8cJTI$_$6,29,5,0.1724,是,24,5,0.2083,是,不可回看（附件2 无时长字段）,24,5,0.2083,是,不可回看（附件2 无时长字段）
wF8980oGklk$_$24,23,5,0.2174,否,18,5,0.2778,是,不可回看（附件2 无时长字段）,18,5,0.2778,是,不可回看（附件2 无时长字段）
wF8980oGklk$_$25,11,5,0.4545,否,6,5,0.8333,否,不可回看（附件2 无时长字段）,6,5,0.8333,否,不可回看（附件2 无时长字段）
wF8980oGklk$_$1,8,5,0.625,否,3,3,1.0,否,不可回看（附件2 无时长字段）,3,3,1.0,否,不可回看（附件2 无时长字段）
wF8980oGklk$_$0,19,5,0.2632,否,14,5,0.3571,是,不可回看（附件2 无时长字段）,0,0,,,不可回看（附件2 无时长字段）
wF8980oGklk$_$3,18,5,0.2778,是,13,5,0.3846,是,不可回看（附件2 无时长字段）,13,5,0.3846,是,不可回看（附件2 无时长字段）
wF8980oGklk$_$2,6,5,0.8333,否,1,1,1.0,否,不可回看（附件2 无时长字段）,1,1,1.0,否,不可回看（附件2 无时长字段）
wF8980oGklk$_$6,25,5,0.2,是,20,5,0.25,是,不可回看（附件2 无时长字段）,15,5,0.3333,是,不可回看（附件2 无时长字段）
wF8980oGklk$_$17,24,5,0.2083,是,19,5,0.2632,是,不可回看（附件2 无时长字段）,9,5,0.5556,是,不可回看（附件2 无时长字段）
wosolsrH3sM$_$6,48,5,0.1042,否,44,5,0.1136,是,不可回看（附件2 无时长字段）,44,5,0.1136,是,不可回看（附件2 无时长字段）
x-zGBp7axao$_$3,48,5,0.1042,是,44,5,0.1136,是,不可回看（附件2 无时长字段）,44,5,0.1136,是,不可回看（附件2 无时长字段）
x2lOwQaAn4g$_$4,19,5,0.2632,是,14,5,0.3571,是,不可回看（附件2 无时长字段）,9,5,0.5556,否,不可回看（附件2 无时长字段）
xUgAP84vsg4$_$15,22,5,0.2273,是,17,5,0.2941,是,不可回看（附件2 无时长字段）,9,5,0.5556,是,不可回看（附件2 无时长字段）
xUgAP84vsg4$_$4,23,5,0.2174,是,18,5,0.2778,是,不可回看（附件2 无时长字段）,18,5,0.2778,否,不可回看（附件2 无时长字段）
xUgAP84vsg4$_$8,11,5,0.4545,否,6,5,0.8333,否,不可回看（附件2 无时长字段）,6,5,0.8333,否,不可回看（附件2 无时长字段）
xivYoEUQ5sk$_$5,46,5,0.1087,是,41,5,0.122,是,不可回看（附件2 无时长字段）,41,5,0.122,是,不可回看（附件2 无时长字段）
xivYoEUQ5sk$_$4,27,5,0.1852,否,22,5,0.2273,是,不可回看（附件2 无时长字段）,22,5,0.2273,否,不可回看（附件2 无时长字段）
xjsaS-LeZ14$_$20,20,5,0.25,否,15,5,0.3333,是,不可回看（附件2 无时长字段）,15,5,0.3333,是,不可回看（附件2 无时长字段）
xjsaS-LeZ14$_$14,20,5,0.25,是,15,5,0.3333,是,不可回看（附件2 无时长字段）,6,5,0.8333,否,不可回看（附件2 无时长字段）
xjsaS-LeZ14$_$6,48,5,0.1042,否,44,5,0.1136,是,不可回看（附件2 无时长字段）,44,5,0.1136,是,不可回看（附件2 无时长字段）
y8HXGm1-Ecw$_$7,24,5,0.2083,是,19,5,0.2632,是,不可回看（附件2 无时长字段）,19,5,0.2632,否,不可回看（附件2 无时长字段）
y9FyTEyGy5Y$_$1,14,5,0.3571,否,9,5,0.5556,是,不可回看（附件2 无时长字段）,9,5,0.5556,是,不可回看（附件2 无时长字段）
zhE_68GMJIk$_$8,24,5,0.2083,否,19,5,0.2632,是,不可回看（附件2 无时长字段）,19,5,0.2632,是,不可回看（附件2 无时长字段）
zhE_68GMJIk$_$5,30,5,0.1667,是,25,5,0.2,否,不可回看（附件2 无时长字段）,25,5,0.2,是,不可回看（附件2 无时长字段）
zjYEBwXGD8I$_$13,39,5,0.1282,是,34,5,0.1471,否,不可回看（附件2 无时长字段）,34,5,0.1471,是,不可回看（附件2 无时长字段）
zjYEBwXGD8I$_$15,21,5,0.2381,是,16,5,0.3125,是,不可回看（附件2 无时长字段）,0,0,,,不可回看（附件2 无时长字段）
zjYEBwXGD8I$_$0,12,5,0.4167,否,7,5,0.7143,是,不可回看（附件2 无时长字段）,7,5,0.7143,否,不可回看（附件2 无时长字段）
zjYEBwXGD8I$_$2,14,5,0.3571,否,9,5,0.5556,是,不可回看（附件2 无时长字段）,9,5,0.5556,是,不可回看（附件2 无时长字段）
zjYEBwXGD8I$_$4,41,5,0.122,是,36,5,0.1389,是,不可回看（附件2 无时长字段）,0,0,,,不可回看（附件2 无时长字段）
zjYEBwXGD8I$_$9,27,5,0.1852,是,22,5,0.2273,是,不可回看（附件2 无时长字段）,7,5,0.7143,否,不可回看（附件2 无时长字段）
zk2jTlAtvSU$_$3,33,5,0.1515,是,28,5,0.1786,是,不可回看（附件2 无时长字段）,23,5,0.2174,是,不可回看（附件2 无时长字段）
