sample_id,pred_annotation,最大概率,主要模态,证据是否位于对应时间段,内容是否支持该预测,是否存在明显错位,AI辅助回看判定,AI判定依据（所见画面与文本）,人工复核,人工复核日期,最终结论
01,positive,0.4772,文本,是,不支持,否,不支持,画面：修车工作台讲解（GARAGE 背景板、ACDelco 零件盒），全程单镜头、表情中性专注，无笑容也无消极表情；文本为技术说明（更换正时皮带磨损件）。画面与转写高度一致（讲的是同一件事），但**情感上中性**，看不到支持正向预测的内容线索。音频关键窗有声比例 0.713（全片 0.668），时间对齐无误。,确认,2026-09-26,已人工确认（不支持）
02,positive,0.3504,视觉,是,无法判断,否,无法确认,画面：黑白影像、男性讲者、背景虚化建筑，**表情几乎全程无变化**；文本「We want to live by each other's happiness - not by each other's misery」同时含 happiness 与 misery，属呼吁性表述而非情绪表达。三类概率 0.3075/0.3420/0.3504 几乎均等（gap 0.0084），**类别判定本身不成立**；视频尾部约 1 s 静音，尾段秒数仅供参考。,确认,2026-09-26,已人工确认（无法确认）
03,negative,0.6214,文本,是,不支持,否,不支持,画面：年轻男性、浅色背景、带 PositiveCashFlowAustralia 水印，讲话带手势、表情平和；文本为贷款产品说明（Bankwest 不计租金收入、改计租金收益率）。**无消极情绪线索**，模型却以 0.621 判 negative；其关键证据多为功能词（of/into/into）与专名（bank/'west）。,确认,2026-09-26,已人工确认（不支持）
04,positive,0.5419,音频,是,不支持,否,不支持,画面：女性讲师、绿色上衣，**画面自带滚动字幕**（内容为「…has me so nervous!」），属面试技巧教学片；转写含 nervous / blow it / goodbye，语义偏消极，结尾 Absolutely not 为鼓励性回应。模型判 positive 0.542 且**文本贡献为负（−0.1666）**——即文本证据方向与预测相反，本条是「模型并非无条件依赖文本」的实例。,确认,2026-09-26,已人工确认（不支持）
05,positive,0.7194,文本,是,支持,否,人工回看支持,画面：女性受访者、木墙背景、Red Wagon Marketing 名牌；**多处明显笑容**（t≈1.1/1.65/4.95 等帧），视觉侧明确支持正向。文本为自我介绍（中性）。注意该样本 **t=0.00 为黑屏**（起始帧无画面），关键窗口未落在黑屏上；音频关键窗有声比例 0.479 低于全片 0.541（受黑屏与尾段影响）。,确认,2026-09-26,已人工确认（支持）
06,positive,0.6104,文本,是,部分支持,否,部分支持,画面：戴帽男性、沙发上，**画面几乎完全静止**（各帧姿态一致），表情中性；文本为电影推荐（fan / impressive / check out this movie），带轻度积极色彩但属推荐语气，非情绪表达。音频关键窗有声比例 0.689 低于全片 0.763。,确认,2026-09-26,已人工确认（部分支持）
07,positive,0.9068,文本,是,支持,否,人工回看支持,画面：眼镜男性、教室讲台、背景有听众，表情中性偏认真；文本「attendees **enthusiastically** discussed … growing the hobby … make it succeed and grow」积极词汇明确。模型 0.907 高置信，关键证据 enthusiastically 方向一致。,确认,2026-09-26,已人工确认（支持）
08,positive,0.6637,文本,是,不支持,否,不支持,"画面：灰发男性、讲台、Universal Design Grand Challenge 背景板，表情中性；文本为活动开场白「That brings us to tonight, the Universal Design Grand Challenge」，以专名为主、无情感色彩。模型以 0.664 判 positive，**内容不支撑**。",确认,2026-09-26,已人工确认（不支持）
09,negative,0.9892,文本,是,支持,否,人工回看支持,"画面：女性、绿色上衣、手持 DVD（正义联盟），表情中性偏认真；文本「I did not like this movie at all, I would not recommend it」**明确消极**；模型 0.989 高置信，关键证据 not/like/did 均为否定结构，方向一致。",确认,2026-09-26,已人工确认（支持）
10,negative,0.9386,文本,是,支持,否,人工回看支持,画面：金发女性、粉上衣、室内，表情中性；文本「…but this one was pretty **terrible**」明确消极；模型 0.939。音频关键窗有声比例 1.000（全片亦 1.000），全程有语音。,确认,2026-09-26,已人工确认（支持）
11,negative,0.8442,文本,是,支持,否,人工回看支持,画面：男性、技术教室（背景有钻床与工具架）、身后电视在播放另一画面；表情中性。文本「I would be **ashamed** to have made this film if I was a director」明确消极；模型 0.844。注意关键证据 rank-1 为功能词 be，rank-2 才是 ashamed——需结合上下文判读。,确认,2026-09-26,已人工确认（支持）
12,negative,0.8329,文本,是,部分支持,否,部分支持,画面：红衬衫男性、办公桌前、背景书架与文件，表情中性偏认真；文本讨论「credit sag / credit scores is very low / by no fault of their own」，话题（信用受损）消极但属**客观陈述**，不是情绪表达。模型 0.833 判 negative，方向上说得通，但严格说支持的是「话题消极」而非「情绪消极」。,确认,2026-09-26,已人工确认（部分支持）
13,positive,0.5067,文本,是,无法判断,否,无法确认,★ 视觉**特征**整条为零（vision 数组 50×35 全 0，RLE 0x50），**但其原始视频有正常画面**：会议室场景、一名站立的讲者面对就座听众，与转写的教学语境（用数据找因子关系）一致。因此这是**特征侧缺失**，不是素材无画面，更**不是「视觉模态对预测无作用」**。模型在该样本上没有可用视觉输入，视觉贡献恒为 0、不可评估；文本为教学说明、中性，故整体判定无法给出。,确认,2026-09-26,已人工确认（无法确认）
14,positive,0.6185,视觉,是,支持,否,人工回看支持,画面：金发女性、Deloitte 背景板（字幕显示姓名），**全程明显微笑**（各帧均带笑意）→ 视觉明确支持正向；文本为人物履历介绍（中性）。本条**主要模态为视觉**（贡献 +0.1702），与画面观察一致。,确认,2026-09-26,已人工确认（支持）
15,positive,0.9237,文本,是,支持,否,人工回看支持,画面：长发女性、世界地图背景，表情中性；文本「…they believed in its **power to transform lives**」积极语义明确（虽写贫困但落点在教育改变命运）；模型 0.924 高置信。,确认,2026-09-26,已人工确认（支持）
16,negative,0.997,文本,是,支持,否,人工回看支持,"画面：眼镜男性、绿色 T 恤、百叶窗背景，表情中性偏严肃；文本「It's a **terrible**, this is a terrible movie」明确消极；模型 0.997 极高置信。注意关键证据的 Δcls 绝对值很小（≈0.003），因为该样本的整体模态贡献（0.760）由全模态承担。",确认,2026-09-26,已人工确认（支持）
17,positive,0.9628,文本,是,部分支持,否,部分支持,"画面：短发女性、书架 + 屏幕显示设计原则插图（Conrast/Repetition/Alignment/Proximity），属设计教学片；文本「…is **simple, easy** and will make people think you turned into a design guru」带轻松积极色彩，但属教学语气。**关键证据全部为功能词**（will/and/is），语义证据弱。模型 0.963。",确认,2026-09-26,已人工确认（部分支持）
18,neutral,0.5143,文本,是,支持,否,人工回看支持,画面：条纹衫女性、SUSTAINABILITY 展板（底部字幕 3 Minute Sustainability Recap: Episode 02），表情中性；文本为渔业认证新闻播报（denied / failed 属**事实陈述**，非情绪表达）→ 客观中性，模型判 neutral 0.514，与内容相符。这是全部 20 条中唯一的中性判定，且成立。,确认,2026-09-26,已人工确认（支持）
19,positive,0.5309,音频,是,支持,否,人工回看支持,"画面：中年男性、黑色 T 恤、白色百叶窗，**全程笑容明显**（眯眼露齿，t≈6.2/7.5 等帧尤甚）→ 视觉明确支持正向；文本「People are **surprisingly forgiving** … but for the most part, people understand」偏积极；本条**主要模态为音频**（贡献 +0.1490），音频关键窗有声比例 0.942 高于全片 0.891，窗口确实落在语音上。",确认,2026-09-26,已人工确认（支持）
20,positive,0.8648,文本,是,不支持,否,不支持,画面：亚裔女性、办公/演播室背景，表情中性（t≈1.36 有轻微笑意）；文本为节目收尾与引导点击（「click in the link of the description …」），中性。模型以 0.865 判 positive，**内容不支撑**；关键证据全为功能词（and/of/up/updated）。,确认,2026-09-26,已人工确认（不支持）
