sample_id,时长_s,全片能量均值_dB,全片有声比例,全片F0中位_Hz,关键音频窗_平均能量_dB,关键音频窗_有声比例,关键音频窗_F0中位,关键视觉窗_平均能量_dB,关键视觉窗_有声比例
01,9.0,-40.8,0.668,180.8,-39.5,0.713,192.8,-42.0,0.624
02,3.49,-48.1,0.61,148.1,-48.2,0.606,150.9,-45.2,0.729
03,9.66,-27.7,0.76,155.3,-29.2,0.723,153.8,-26.2,0.846
04,6.99,-28.7,0.848,307.7,-28.5,0.878,313.7,-29.9,0.857
05,6.1,-44.7,0.541,197.5,-46.9,0.479,186.0,-45.2,0.528
06,8.31,-35.4,0.763,129.0,-36.2,0.689,130.1,-32.9,0.93
07,21.35,-30.9,0.898,166.7,-31.3,0.898,153.8,-27.9,0.928
08,5.09,-29.7,0.767,173.9,-29.7,0.767,173.9,-27.5,0.847
09,5.04,-31.8,0.87,192.8,-31.6,0.861,197.5,-31.9,0.834
10,9.94,-27.9,1.0,242.4,-28.2,1.0,254.0,-28.5,1.0
11,5.8,-45.5,0.528,120.3,-45.2,0.543,120.3,-46.2,0.472
12,13.01,-32.9,0.785,111.1,-33.3,0.802,102.6,-31.6,0.83
13,8.68,-33.4,0.648,202.5,-31.6,0.717,132.2,,
14,10.35,-37.7,0.672,190.5,-35.7,0.704,201.3,-38.3,0.62
15,7.33,-28.2,0.872,231.9,-27.3,0.878,235.3,-28.7,0.901
16,3.11,-36.9,0.712,139.7,-35.5,0.785,139.7,-36.9,0.712
17,9.67,-25.7,0.923,164.9,-26.0,0.899,164.1,-23.6,0.98
18,18.81,-34.9,0.849,192.8,-33.4,0.861,200.0,-34.3,0.898
19,13.68,-21.3,0.891,190.5,-19.7,0.942,202.5,-19.7,0.942
20,10.95,-42.1,0.826,202.5,-42.4,0.798,202.5,-41.1,0.809
