sample_id,模态,预测,最大概率,预测强度,主要模态,时长_s,证据摘要,证据位置,证据是否位于对应时间段,内容是否支持该预测,是否存在明显错位,回看备注,样本特记
01,整体,positive,0.4772,0.2621,文本,9.0,三模态贡献 文本+0.1378 / 音频-0.0010 / 视觉-0.0181,—,是,不支持,否,AI 辅助回看＋人工确认（2026-09-26）：已人工确认（不支持）。依据：画面：修车工作台讲解（GARAGE 背景板、ACDelco 零件盒），全程单镜头、表情中性专注，无笑容也无消极表情；文本为技术说明（更换正时皮带磨损件）。画面与转写高度一致（讲的是同一件事），但**情感上中性**，看不到支持正向预测的内容线…,
01,文本,positive,,,,9.0,"pos12:to(功能词,+0.0188);pos13:ensuring(内容词,+0.0150);pos14:the(功能词,+0.0146);pos15:new(内容词,+0.0141);pos3:wear(内容词,-0.0135)",词元序号（可回看内容）,是,不支持,否,AI 辅助回看＋人工确认（2026-09-26）：已人工确认（不支持）。依据：画面：修车工作台讲解（GARAGE 背景板、ACDelco 零件盒），全程单镜头、表情中性专注，无笑容也无消极表情；文本为技术说明（更换正时皮带磨损件）。画面与转写高度一致（讲的是同一件事），但**情感上中性**，看不到支持正向预测的内容线…,
01,音频,positive,,,,9.0,关键窗口桶位 1-5;10-14;13-17;12-16;11-15,0.00-2.05;3.68-5.73;4.91-6.95;4.50-6.55;4.09-6.14 s（重建近似值）,是,不支持,否,AI 辅助回看＋人工确认（2026-09-26）：已人工确认（不支持）。依据：画面：修车工作台讲解（GARAGE 背景板、ACDelco 零件盒），全程单镜头、表情中性专注，无笑容也无消极表情；文本为技术说明（更换正时皮带磨损件）。画面与转写高度一致（讲的是同一件事），但**情感上中性**，看不到支持正向预测的内容线…,
01,视觉,positive,,,,9.0,关键窗口桶位 1-5;18-22;17-21;16-20;2-6,0.00-2.05;6.95-9.00;6.55-8.59;6.14-8.18;0.41-2.45 s / 帧号 0-61;209-270;196-258;184-245;12-74,是,不支持,否,AI 辅助回看＋人工确认（2026-09-26）：已人工确认（不支持）。依据：画面：修车工作台讲解（GARAGE 背景板、ACDelco 零件盒），全程单镜头、表情中性专注，无笑容也无消极表情；文本为技术说明（更换正时皮带磨损件）。画面与转写高度一致（讲的是同一件事），但**情感上中性**，看不到支持正向预测的内容线…,
02,整体,positive,0.3504,-0.1833,视觉,3.49,三模态贡献 文本+0.1306 / 音频-0.0839 / 视觉-0.1327,—,是,无法判断,否,AI 辅助回看＋人工确认（2026-09-26）：已人工确认（无法确认）。依据：画面：黑白影像、男性讲者、背景虚化建筑，**表情几乎全程无变化**；文本「We want to live by each other's happiness - not by each other's misery」同时含 happines…｜专项：视频尾部约 1 s 静音（尾段秒数仅供参考），top1−top2 仅 0.0084（类别不宜作结论）。,内容尾部静音：该样本视频末尾约 1 s 为静音（内容覆盖比 0.84），因此其**重建秒数在尾段仅供参考**，桶位可信。桶位映射本身已通过检验（口径 B 被直接否定，8/8 样本支持口径 A），此点不是映射错误。另该样本三类概率极接近（top1−top2 仅 0.0084），**类别判定亦不宜作为结论**。
02,文本,positive,,,,3.49,"pos18:misery(内容词,-0.0541);pos8:’(内容词,+0.0329);pos10:happiness(内容词,+0.0255);pos11:-(功能词,+0.0246);pos17:s(功能词,-0.0221)",词元序号（可回看内容）,是,无法判断,否,AI 辅助回看＋人工确认（2026-09-26）：已人工确认（无法确认）。依据：画面：黑白影像、男性讲者、背景虚化建筑，**表情几乎全程无变化**；文本「We want to live by each other's happiness - not by each other's misery」同时含 happines…｜专项：视频尾部约 1 s 静音（尾段秒数仅供参考），top1−top2 仅 0.0084（类别不宜作结论）。,内容尾部静音：该样本视频末尾约 1 s 为静音（内容覆盖比 0.84），因此其**重建秒数在尾段仅供参考**，桶位可信。桶位映射本身已通过检验（口径 B 被直接否定，8/8 样本支持口径 A），此点不是映射错误。另该样本三类概率极接近（top1−top2 仅 0.0084），**类别判定亦不宜作为结论**。
02,音频,positive,,,,3.49,关键窗口桶位 3-7;2-6;4-8;13-17;14-18,0.37-1.29;0.18-1.10;0.55-1.47;2.20-3.12;2.39-3.31 s（重建近似值）,是,无法判断,否,AI 辅助回看＋人工确认（2026-09-26）：已人工确认（无法确认）。依据：画面：黑白影像、男性讲者、背景虚化建筑，**表情几乎全程无变化**；文本「We want to live by each other's happiness - not by each other's misery」同时含 happines…｜专项：视频尾部约 1 s 静音（尾段秒数仅供参考），top1−top2 仅 0.0084（类别不宜作结论）。,内容尾部静音：该样本视频末尾约 1 s 为静音（内容覆盖比 0.84），因此其**重建秒数在尾段仅供参考**，桶位可信。桶位映射本身已通过检验（口径 B 被直接否定，8/8 样本支持口径 A），此点不是映射错误。另该样本三类概率极接近（top1−top2 仅 0.0084），**类别判定亦不宜作为结论**。
02,视觉,positive,,,,3.49,关键窗口桶位 6-10;11-15;7-11;12-16;13-17,0.92-1.84;1.84-2.76;1.10-2.02;2.02-2.94;2.20-3.12 s / 帧号 28-55;55-83;33-61;61-88;66-94,是,无法判断,否,AI 辅助回看＋人工确认（2026-09-26）：已人工确认（无法确认）。依据：画面：黑白影像、男性讲者、背景虚化建筑，**表情几乎全程无变化**；文本「We want to live by each other's happiness - not by each other's misery」同时含 happines…｜专项：视频尾部约 1 s 静音（尾段秒数仅供参考），top1−top2 仅 0.0084（类别不宜作结论）。,
03,整体,negative,0.6214,-0.3829,文本,9.66,三模态贡献 文本+0.3651 / 音频-0.0871 / 视觉+0.0421,—,是,不支持,否,AI 辅助回看＋人工确认（2026-09-26）：已人工确认（不支持）。依据：画面：年轻男性、浅色背景、带 PositiveCashFlowAustralia 水印，讲话带手势、表情平和；文本为贷款产品说明（Bankwest 不计租金收入、改计租金收益率）。**无消极情绪线索**，模型却以 0.621 判 negat…,
03,文本,negative,,,,9.66,"pos15:bank(内容词,-0.0299);pos16:##west(内容词,-0.0289);pos20:t(功能词,+0.0265);pos24:into(功能词,+0.0254);pos31:into(功能词,+0.0232)",词元序号（可回看内容）,是,不支持,否,AI 辅助回看＋人工确认（2026-09-26）：已人工确认（不支持）。依据：画面：年轻男性、浅色背景、带 PositiveCashFlowAustralia 水印，讲话带手势、表情平和；文本为贷款产品说明（Bankwest 不计租金收入、改计租金收益率）。**无消极情绪线索**，模型却以 0.621 判 negat…,
03,音频,negative,,,,9.66,关键窗口桶位 13-17;22-26;23-27;12-16;14-18,3.51-4.98;6.15-7.61;6.44-7.90;3.22-4.68;3.81-5.27 s（重建近似值）,是,不支持,否,AI 辅助回看＋人工确认（2026-09-26）：已人工确认（不支持）。依据：画面：年轻男性、浅色背景、带 PositiveCashFlowAustralia 水印，讲话带手势、表情平和；文本为贷款产品说明（Bankwest 不计租金收入、改计租金收益率）。**无消极情绪线索**，模型却以 0.621 判 negat…,
03,视觉,negative,,,,9.66,关键窗口桶位 8-12;7-11;6-10;25-29;24-28,2.05-3.51;1.76-3.22;1.46-2.93;7.03-8.49;6.73-8.20 s / 帧号 61-105;53-97;44-88;211-255;202-246,是,不支持,否,AI 辅助回看＋人工确认（2026-09-26）：已人工确认（不支持）。依据：画面：年轻男性、浅色背景、带 PositiveCashFlowAustralia 水印，讲话带手势、表情平和；文本为贷款产品说明（Bankwest 不计租金收入、改计租金收益率）。**无消极情绪线索**，模型却以 0.621 判 negat…,
04,整体,positive,0.5419,0.3215,音频,6.99,三模态贡献 文本-0.1666 / 音频+0.3015 / 视觉+0.1372,—,是,不支持,否,AI 辅助回看＋人工确认（2026-09-26）：已人工确认（不支持）。依据：画面：女性讲师、绿色上衣，**画面自带滚动字幕**（内容为「…has me so nervous!」），属面试技巧教学片；转写含 nervous / blow it / goodbye，语义偏消极，结尾 Absolutely not 为鼓励…,
04,文本,positive,,,,6.99,"pos25:not(功能词,-0.0691);pos21:goodbye(内容词,-0.0645);pos10:should(功能词,-0.0499);pos14:chances(内容词,+0.0493);pos20:""(内容词,+0.0486)",词元序号（可回看内容）,是,不支持,否,AI 辅助回看＋人工确认（2026-09-26）：已人工确认（不支持）。依据：画面：女性讲师、绿色上衣，**画面自带滚动字幕**（内容为「…has me so nervous!」），属面试技巧教学片；转写含 nervous / blow it / goodbye，语义偏消极，结尾 Absolutely not 为鼓励…,
04,音频,positive,,,,6.99,关键窗口桶位 8-12;7-11;9-13;1-5;19-23,1.88-3.23;1.61-2.96;2.15-3.50;0.00-1.34;4.84-6.18 s（重建近似值）,是,不支持,否,AI 辅助回看＋人工确认（2026-09-26）：已人工确认（不支持）。依据：画面：女性讲师、绿色上衣，**画面自带滚动字幕**（内容为「…has me so nervous!」），属面试技巧教学片；转写含 nervous / blow it / goodbye，语义偏消极，结尾 Absolutely not 为鼓励…,
04,视觉,positive,,,,6.99,关键窗口桶位 1-5;2-6;7-11;8-12;10-14,0.00-1.34;0.27-1.61;1.61-2.96;1.88-3.23;2.42-3.76 s / 帧号 0-40;8-48;48-89;56-97;73-113,是,不支持,否,AI 辅助回看＋人工确认（2026-09-26）：已人工确认（不支持）。依据：画面：女性讲师、绿色上衣，**画面自带滚动字幕**（内容为「…has me so nervous!」），属面试技巧教学片；转写含 nervous / blow it / goodbye，语义偏消极，结尾 Absolutely not 为鼓励…,
05,整体,positive,0.7194,0.6135,文本,6.1,三模态贡献 文本+0.2304 / 音频-0.0094 / 视觉+0.1222,—,是,支持,否,AI 辅助回看＋人工确认（2026-09-26）：已人工确认（支持）。依据：画面：女性受访者、木墙背景、Red Wagon Marketing 名牌；**多处明显笑容**（t≈1.1/1.65/4.95 等帧），视觉侧明确支持正向。文本为自我介绍（中性）。注意该样本 **t=0.00 为黑屏**（起始帧无画面），关…,
05,文本,positive,,,,6.1,"pos2:,(功能词,+0.0303);pos5:is(功能词,+0.0234);pos11:for(功能词,-0.0179);pos14:marketing(内容词,-0.0143);pos3:my(功能词,+0.0140)",词元序号（可回看内容）,是,支持,否,AI 辅助回看＋人工确认（2026-09-26）：已人工确认（支持）。依据：画面：女性受访者、木墙背景、Red Wagon Marketing 名牌；**多处明显笑容**（t≈1.1/1.65/4.95 等帧），视觉侧明确支持正向。文本为自我介绍（中性）。注意该样本 **t=0.00 为黑屏**（起始帧无画面），关…,
05,音频,positive,,,,6.1,关键窗口桶位 3-7;4-8;2-6;1-5;11-15,0.81-2.85;1.22-3.25;0.41-2.44;0.00-2.03;4.07-6.10 s（重建近似值）,是,支持,否,AI 辅助回看＋人工确认（2026-09-26）：已人工确认（支持）。依据：画面：女性受访者、木墙背景、Red Wagon Marketing 名牌；**多处明显笑容**（t≈1.1/1.65/4.95 等帧），视觉侧明确支持正向。文本为自我介绍（中性）。注意该样本 **t=0.00 为黑屏**（起始帧无画面），关…,
05,视觉,positive,,,,6.1,关键窗口桶位 1-5;2-6;11-15;10-14;3-7,0.00-2.03;0.41-2.44;4.07-6.10;3.66-5.69;0.81-2.85 s / 帧号 0-61;12-73;122-183;110-171;24-85,是,支持,否,AI 辅助回看＋人工确认（2026-09-26）：已人工确认（支持）。依据：画面：女性受访者、木墙背景、Red Wagon Marketing 名牌；**多处明显笑容**（t≈1.1/1.65/4.95 等帧），视觉侧明确支持正向。文本为自我介绍（中性）。注意该样本 **t=0.00 为黑屏**（起始帧无画面），关…,
06,整体,positive,0.6104,0.6845,文本,8.31,三模态贡献 文本+0.2844 / 音频-0.0311 / 视觉-0.1311,—,是,部分支持,否,AI 辅助回看＋人工确认（2026-09-26）：已人工确认（部分支持）。依据：画面：戴帽男性、沙发上，**画面几乎完全静止**（各帧姿态一致），表情中性；文本为电影推荐（fan / impressive / check out this movie），带轻度积极色彩但属推荐语气，非情绪表达。音频关键窗有声比例 0.6…,
06,文本,positive,,,,8.31,"pos6:fan(内容词,+0.0280);pos21:impressive(内容词,+0.0230);pos14:like(内容词,+0.0170);pos32:movie(内容词,-0.0163);pos29:check(内容词,-0.0156)",词元序号（可回看内容）,是,部分支持,否,AI 辅助回看＋人工确认（2026-09-26）：已人工确认（部分支持）。依据：画面：戴帽男性、沙发上，**画面几乎完全静止**（各帧姿态一致），表情中性；文本为电影推荐（fan / impressive / check out this movie），带轻度积极色彩但属推荐语气，非情绪表达。音频关键窗有声比例 0.6…,
06,音频,positive,,,,8.31,关键窗口桶位 31-35;30-34;16-20;29-33;1-5,7.12-8.31;6.89-8.07;3.56-4.75;6.65-7.84;0.00-1.19 s（重建近似值）,是,部分支持,否,AI 辅助回看＋人工确认（2026-09-26）：已人工确认（部分支持）。依据：画面：戴帽男性、沙发上，**画面几乎完全静止**（各帧姿态一致），表情中性；文本为电影推荐（fan / impressive / check out this movie），带轻度积极色彩但属推荐语气，非情绪表达。音频关键窗有声比例 0.6…,
06,视觉,positive,,,,8.31,关键窗口桶位 10-14;9-13;12-16;11-15;8-12,2.14-3.32;1.90-3.09;2.61-3.80;2.37-3.56;1.66-2.85 s / 帧号 64-100;57-93;78-114;71-107;50-85,是,部分支持,否,AI 辅助回看＋人工确认（2026-09-26）：已人工确认（部分支持）。依据：画面：戴帽男性、沙发上，**画面几乎完全静止**（各帧姿态一致），表情中性；文本为电影推荐（fan / impressive / check out this movie），带轻度积极色彩但属推荐语气，非情绪表达。音频关键窗有声比例 0.6…,
07,整体,positive,0.9068,0.9758,文本,21.35,三模态贡献 文本+0.5342 / 音频+0.0046 / 视觉+0.0148,—,是,支持,否,AI 辅助回看＋人工确认（2026-09-26）：已人工确认（支持）。依据：画面：眼镜男性、教室讲台、背景有听众，表情中性偏认真；文本「attendees **enthusiastically** discussed … growing the hobby … make it succeed and grow」积极…,
07,文本,positive,,,,21.35,"pos21:enthusiastically(内容词,+0.0096);pos10:##ad(内容词,-0.0065);pos16:28(内容词,+0.0058);pos15:november(内容词,+0.0052);pos39:phil(内容词,-0.0049)",词元序号（可回看内容）,是,支持,否,AI 辅助回看＋人工确认（2026-09-26）：已人工确认（支持）。依据：画面：眼镜男性、教室讲台、背景有听众，表情中性偏认真；文本「attendees **enthusiastically** discussed … growing the hobby … make it succeed and grow」积极…,
07,音频,positive,,,,21.35,关键窗口桶位 22-26;21-25;23-27;20-24;24-28,9.34-11.56;8.90-11.12;9.79-12.01;8.45-10.68;10.23-12.45 s（重建近似值）,是,支持,否,AI 辅助回看＋人工确认（2026-09-26）：已人工确认（支持）。依据：画面：眼镜男性、教室讲台、背景有听众，表情中性偏认真；文本「attendees **enthusiastically** discussed … growing the hobby … make it succeed and grow」积极…,
07,视觉,positive,,,,21.35,关键窗口桶位 1-5;3-7;2-6;4-8;5-9,0.00-2.22;0.89-3.11;0.44-2.67;1.33-3.56;1.78-4.00 s / 帧号 0-67;27-93;13-80;40-107;53-120,是,支持,否,AI 辅助回看＋人工确认（2026-09-26）：已人工确认（支持）。依据：画面：眼镜男性、教室讲台、背景有听众，表情中性偏认真；文本「attendees **enthusiastically** discussed … growing the hobby … make it succeed and grow」积极…,
08,整体,positive,0.6637,0.3675,文本,5.09,三模态贡献 文本+0.4002 / 音频-0.0524 / 视觉-0.1023,—,是,不支持,否,"AI 辅助回看＋人工确认（2026-09-26）：已人工确认（不支持）。依据：画面：灰发男性、讲台、Universal Design Grand Challenge 背景板，表情中性；文本为活动开场白「That brings us to tonight, the Universal Design Grand Chal…",
08,文本,positive,,,,5.09,"pos8:universal(内容词,+0.0629);pos10:grand(内容词,+0.0544);pos6:,(功能词,-0.0378);pos12:[SEP](功能词,-0.0303);pos3:us(功能词,-0.0266)",词元序号（可回看内容）,是,不支持,否,"AI 辅助回看＋人工确认（2026-09-26）：已人工确认（不支持）。依据：画面：灰发男性、讲台、Universal Design Grand Challenge 背景板，表情中性；文本为活动开场白「That brings us to tonight, the Universal Design Grand Chal…",
08,音频,positive,,,,5.09,关键窗口桶位 1-5;6-10;7-11;5-9;4-8,0.00-2.31;2.31-4.63;2.78-5.09;1.85-4.16;1.39-3.70 s（重建近似值）,是,不支持,否,"AI 辅助回看＋人工确认（2026-09-26）：已人工确认（不支持）。依据：画面：灰发男性、讲台、Universal Design Grand Challenge 背景板，表情中性；文本为活动开场白「That brings us to tonight, the Universal Design Grand Chal…",
08,视觉,positive,,,,5.09,关键窗口桶位 4-8;5-9;3-7;2-6;7-11,1.39-3.70;1.85-4.16;0.93-3.24;0.46-2.78;2.78-5.09 s / 帧号 42-111;56-125;28-97;14-83;83-153,是,不支持,否,"AI 辅助回看＋人工确认（2026-09-26）：已人工确认（不支持）。依据：画面：灰发男性、讲台、Universal Design Grand Challenge 背景板，表情中性；文本为活动开场白「That brings us to tonight, the Universal Design Grand Chal…",
09,整体,negative,0.9892,-1.7717,文本,5.04,三模态贡献 文本+0.7681 / 音频-0.0030 / 视觉+0.0012,—,是,支持,否,"AI 辅助回看＋人工确认（2026-09-26）：已人工确认（支持）。依据：画面：女性、绿色上衣、手持 DVD（正义联盟），表情中性偏认真；文本「I did not like this movie at all, I would not recommend it」**明确消极**；模型 0.989 高置信，关键证据…",
09,文本,negative,,,,5.04,"pos7:not(功能词,+0.0039);pos6:did(功能词,+0.0031);pos16:not(功能词,+0.0029);pos1:((内容词,-0.0023);pos3:##h(内容词,-0.0021)",词元序号（可回看内容）,是,支持,否,"AI 辅助回看＋人工确认（2026-09-26）：已人工确认（支持）。依据：画面：女性、绿色上衣、手持 DVD（正义联盟），表情中性偏认真；文本「I did not like this movie at all, I would not recommend it」**明确消极**；模型 0.989 高置信，关键证据…",
09,音频,negative,,,,5.04,关键窗口桶位 14-18;1-5;13-17;2-6;9-13,3.64-5.04;0.00-1.40;3.36-4.76;0.28-1.68;2.24-3.64 s（重建近似值）,是,支持,否,"AI 辅助回看＋人工确认（2026-09-26）：已人工确认（支持）。依据：画面：女性、绿色上衣、手持 DVD（正义联盟），表情中性偏认真；文本「I did not like this movie at all, I would not recommend it」**明确消极**；模型 0.989 高置信，关键证据…",
09,视觉,negative,,,,5.04,关键窗口桶位 14-18;13-17;12-16;1-5;11-15,3.64-5.04;3.36-4.76;3.08-4.48;0.00-1.40;2.80-4.20 s / 帧号 109-151;101-143;92-134;0-42;84-126,是,支持,否,"AI 辅助回看＋人工确认（2026-09-26）：已人工确认（支持）。依据：画面：女性、绿色上衣、手持 DVD（正义联盟），表情中性偏认真；文本「I did not like this movie at all, I would not recommend it」**明确消极**；模型 0.989 高置信，关键证据…",
10,整体,negative,0.9386,-0.9203,文本,9.94,三模态贡献 文本+0.7462 / 音频-0.0272 / 视觉+0.0195,—,是,支持,否,AI 辅助回看＋人工确认（2026-09-26）：已人工确认（支持）。依据：画面：金发女性、粉上衣、室内，表情中性；文本「…but this one was pretty **terrible**」明确消极；模型 0.939。音频关键窗有声比例 1.000（全片亦 1.000），全程有语音。…,
10,文本,negative,,,,9.94,"pos30:terrible(内容词,+0.0190);pos28:was(功能词,+0.0160);pos10:like(内容词,-0.0115);pos17:sometimes(内容词,-0.0093);pos12:see(内容词,+0.0091)",词元序号（可回看内容）,是,支持,否,AI 辅助回看＋人工确认（2026-09-26）：已人工确认（支持）。依据：画面：金发女性、粉上衣、室内，表情中性；文本「…but this one was pretty **terrible**」明确消极；模型 0.939。音频关键窗有声比例 1.000（全片亦 1.000），全程有语音。…,
10,音频,negative,,,,9.94,关键窗口桶位 23-27;22-26;24-28;17-21;21-25,7.29-8.95;6.96-8.61;7.62-9.28;5.30-6.96;6.63-8.28 s（重建近似值）,是,支持,否,AI 辅助回看＋人工确认（2026-09-26）：已人工确认（支持）。依据：画面：金发女性、粉上衣、室内，表情中性；文本「…but this one was pretty **terrible**」明确消极；模型 0.939。音频关键窗有声比例 1.000（全片亦 1.000），全程有语音。…,
10,视觉,negative,,,,9.94,关键窗口桶位 7-11;6-10;8-12;9-13;1-5,1.99-3.64;1.66-3.31;2.32-3.98;2.65-4.31;0.00-1.66 s / 帧号 60-109;50-99;70-119;80-129;0-50,是,支持,否,AI 辅助回看＋人工确认（2026-09-26）：已人工确认（支持）。依据：画面：金发女性、粉上衣、室内，表情中性；文本「…but this one was pretty **terrible**」明确消极；模型 0.939。音频关键窗有声比例 1.000（全片亦 1.000），全程有语音。…,
11,整体,negative,0.8442,-0.9123,文本,5.8,三模态贡献 文本+0.5816 / 音频-0.0093 / 视觉-0.0032,—,是,支持,否,AI 辅助回看＋人工确认（2026-09-26）：已人工确认（支持）。依据：画面：男性、技术教室（背景有钻床与工具架）、身后电视在播放另一画面；表情中性。文本「I would be **ashamed** to have made this film if I was a director」明确消极；模型 0.84…,
11,文本,negative,,,,5.8,"pos3:be(功能词,+0.0457);pos4:ashamed(内容词,+0.0408);pos13:a(功能词,-0.0282);pos6:have(功能词,+0.0235);pos2:would(内容词,+0.0216)",词元序号（可回看内容）,是,支持,否,AI 辅助回看＋人工确认（2026-09-26）：已人工确认（支持）。依据：画面：男性、技术教室（背景有钻床与工具架）、身后电视在播放另一画面；表情中性。文本「I would be **ashamed** to have made this film if I was a director」明确消极；模型 0.84…,
11,音频,negative,,,,5.8,关键窗口桶位 1-5;6-10;8-12;7-11;9-13,0.00-2.07;2.07-4.14;2.90-4.97;2.49-4.56;3.31-5.39 s（重建近似值）,是,支持,否,AI 辅助回看＋人工确认（2026-09-26）：已人工确认（支持）。依据：画面：男性、技术教室（背景有钻床与工具架）、身后电视在播放另一画面；表情中性。文本「I would be **ashamed** to have made this film if I was a director」明确消极；模型 0.84…,
11,视觉,negative,,,,5.8,关键窗口桶位 1-5;3-7;2-6;6-10;5-9,0.00-2.07;0.83-2.90;0.41-2.49;2.07-4.14;1.66-3.73 s / 帧号 0-62;25-87;12-75;62-124;50-112,是,支持,否,AI 辅助回看＋人工确认（2026-09-26）：已人工确认（支持）。依据：画面：男性、技术教室（背景有钻床与工具架）、身后电视在播放另一画面；表情中性。文本「I would be **ashamed** to have made this film if I was a director」明确消极；模型 0.84…,
12,整体,negative,0.8329,-0.9147,文本,13.01,三模态贡献 文本+0.5397 / 音频-0.0418 / 视觉+0.0484,—,是,部分支持,否,AI 辅助回看＋人工确认（2026-09-26）：已人工确认（部分支持）。依据：画面：红衬衫男性、办公桌前、背景书架与文件，表情中性偏认真；文本讨论「credit sag / credit scores is very low / by no fault of their own」，话题（信用受损）消极但属**客观陈述…,
12,文本,negative,,,,13.01,"pos41:low(内容词,+0.0274);pos23:fault(内容词,+0.0176);pos33:sa(内容词,+0.0161);pos34:##g(内容词,+0.0149);pos26:own(功能词,+0.0142)",词元序号（可回看内容）,是,部分支持,否,AI 辅助回看＋人工确认（2026-09-26）：已人工确认（部分支持）。依据：画面：红衬衫男性、办公桌前、背景书架与文件，表情中性偏认真；文本讨论「credit sag / credit scores is very low / by no fault of their own」，话题（信用受损）消极但属**客观陈述…,
12,音频,negative,,,,13.01,关键窗口桶位 38-42;37-41;36-40;29-33;28-32,11.46-13.01;11.15-12.70;10.84-12.39;8.67-10.22;8.36-9.91 s（重建近似值）,是,部分支持,否,AI 辅助回看＋人工确认（2026-09-26）：已人工确认（部分支持）。依据：画面：红衬衫男性、办公桌前、背景书架与文件，表情中性偏认真；文本讨论「credit sag / credit scores is very low / by no fault of their own」，话题（信用受损）消极但属**客观陈述…,
12,视觉,negative,,,,13.01,关键窗口桶位 27-31;26-30;1-5;2-6;25-29,8.05-9.60;7.74-9.29;0.00-1.55;0.31-1.86;7.43-8.98 s / 帧号 242-288;232-279;0-46;9-56;223-269,是,部分支持,否,AI 辅助回看＋人工确认（2026-09-26）：已人工确认（部分支持）。依据：画面：红衬衫男性、办公桌前、背景书架与文件，表情中性偏认真；文本讨论「credit sag / credit scores is very low / by no fault of their own」，话题（信用受损）消极但属**客观陈述…,
13,整体,positive,0.5067,0.2035,文本,8.68,三模态贡献 文本+0.1865 / 音频-0.0456 / 视觉+0.0000,—,是,无法判断,否,AI 辅助回看＋人工确认（2026-09-26）：已人工确认（无法确认）。依据：★ 视觉**特征**整条为零（vision 数组 50×35 全 0，RLE 0x50），**但其原始视频有正常画面**：会议室场景、一名站立的讲者面对就座听众，与转写的教学语境（用数据找因子关系）一致。因此这是**特征侧缺失**，不是素材…｜专项：视觉特征整条为零（特征侧缺失，视频有画面），视觉行不可评估。,视觉整条缺失（视觉掩码全 False，RLE 为 0x50），视觉观测位置数为 0，因此视觉贡献恒为 0、无视觉关键证据、无关键帧。**不得解读为「视觉模态对预测无作用」**——正确表述是「该样本无视觉观测，视觉贡献不可评估」。
13,文本,positive,,,,8.68,"pos24:of(功能词,+0.0170);pos23:two(内容词,-0.0107);pos13:that(功能词,+0.0090);pos22:any(功能词,+0.0083);pos2:example(内容词,-0.0076)",词元序号（可回看内容）,是,无法判断,否,AI 辅助回看＋人工确认（2026-09-26）：已人工确认（无法确认）。依据：★ 视觉**特征**整条为零（vision 数组 50×35 全 0，RLE 0x50），**但其原始视频有正常画面**：会议室场景、一名站立的讲者面对就座听众，与转写的教学语境（用数据找因子关系）一致。因此这是**特征侧缺失**，不是素材…｜专项：视觉特征整条为零（特征侧缺失，视频有画面），视觉行不可评估。,视觉整条缺失（视觉掩码全 False，RLE 为 0x50），视觉观测位置数为 0，因此视觉贡献恒为 0、无视觉关键证据、无关键帧。**不得解读为「视觉模态对预测无作用」**——正确表述是「该样本无视觉观测，视觉贡献不可评估」。
13,音频,positive,,,,8.68,关键窗口桶位 22-26;14-18;13-17;12-16;11-15,6.08-7.52;3.76-5.21;3.47-4.92;3.18-4.63;2.89-4.34 s（重建近似值）,是,无法判断,否,AI 辅助回看＋人工确认（2026-09-26）：已人工确认（无法确认）。依据：★ 视觉**特征**整条为零（vision 数组 50×35 全 0，RLE 0x50），**但其原始视频有正常画面**：会议室场景、一名站立的讲者面对就座听众，与转写的教学语境（用数据找因子关系）一致。因此这是**特征侧缺失**，不是素材…｜专项：视觉特征整条为零（特征侧缺失，视频有画面），视觉行不可评估。,
13,视觉,positive,,,,8.68,关键窗口桶位 nan,nan s / 帧号 nan,无法判断,无法判断,无法判断,AI 辅助回看＋人工确认（2026-09-26）：已人工确认（无法确认）。依据：★ 视觉**特征**整条为零（vision 数组 50×35 全 0，RLE 0x50），**但其原始视频有正常画面**：会议室场景、一名站立的讲者面对就座听众，与转写的教学语境（用数据找因子关系）一致。因此这是**特征侧缺失**，不是素材…｜专项：视觉特征整条为零（特征侧缺失，视频有画面），视觉行不可评估。,视觉整条缺失（视觉掩码全 False，RLE 为 0x50），视觉观测位置数为 0，因此视觉贡献恒为 0、无视觉关键证据、无关键帧。**不得解读为「视觉模态对预测无作用」**——正确表述是「该样本无视觉观测，视觉贡献不可评估」。
14,整体,positive,0.6185,0.6845,视觉,10.35,三模态贡献 文本+0.0094 / 音频+0.0384 / 视觉+0.1702,—,是,支持,否,AI 辅助回看＋人工确认（2026-09-26）：已人工确认（支持）。依据：画面：金发女性、Deloitte 背景板（字幕显示姓名），**全程明显微笑**（各帧均带笑意）→ 视觉明确支持正向；文本为人物履历介绍（中性）。本条**主要模态为视觉**（贡献 +0.1702），与画面观察一致。…,
14,文本,positive,,,,10.35,"pos33:york(内容词,+0.0178);pos14:limited(内容词,+0.0130);pos2:is(功能词,-0.0124);pos28:courses(内容词,+0.0122);pos11:vet(内容词,-0.0082)",词元序号（可回看内容）,是,支持,否,AI 辅助回看＋人工确认（2026-09-26）：已人工确认（支持）。依据：画面：金发女性、Deloitte 背景板（字幕显示姓名），**全程明显微笑**（各帧均带笑意）→ 视觉明确支持正向；文本为人物履历介绍（中性）。本条**主要模态为视觉**（贡献 +0.1702），与画面观察一致。…,
14,音频,positive,,,,10.35,关键窗口桶位 2-6;3-7;4-8;1-5;5-9,0.30-1.77;0.59-2.07;0.89-2.37;0.00-1.48;1.18-2.66 s（重建近似值）,是,支持,否,AI 辅助回看＋人工确认（2026-09-26）：已人工确认（支持）。依据：画面：金发女性、Deloitte 背景板（字幕显示姓名），**全程明显微笑**（各帧均带笑意）→ 视觉明确支持正向；文本为人物履历介绍（中性）。本条**主要模态为视觉**（贡献 +0.1702），与画面观察一致。…,
14,视觉,positive,,,,10.35,关键窗口桶位 31-35;30-34;2-6;1-5;3-7,8.87-10.35;8.58-10.05;0.30-1.77;0.00-1.48;0.59-2.07 s / 帧号 266-310;257-302;9-53;0-44;18-62,是,支持,否,AI 辅助回看＋人工确认（2026-09-26）：已人工确认（支持）。依据：画面：金发女性、Deloitte 背景板（字幕显示姓名），**全程明显微笑**（各帧均带笑意）→ 视觉明确支持正向；文本为人物履历介绍（中性）。本条**主要模态为视觉**（贡献 +0.1702），与画面观察一致。…,
15,整体,positive,0.9237,1.0277,文本,7.33,三模态贡献 文本+0.3525 / 音频+0.0480 / 视觉+0.0201,—,是,支持,否,AI 辅助回看＋人工确认（2026-09-26）：已人工确认（支持）。依据：画面：长发女性、世界地图背景，表情中性；文本「…they believed in its **power to transform lives**」积极语义明确（虽写贫困但落点在教育改变命运）；模型 0.924 高置信。…,
15,文本,positive,,,,7.33,"pos20:transform(内容词,+0.0145);pos18:power(内容词,+0.0105);pos19:to(功能词,+0.0103);pos17:its(功能词,+0.0080);pos16:in(功能词,+0.0076)",词元序号（可回看内容）,是,支持,否,AI 辅助回看＋人工确认（2026-09-26）：已人工确认（支持）。依据：画面：长发女性、世界地图背景，表情中性；文本「…they believed in its **power to transform lives**」积极语义明确（虽写贫困但落点在教育改变命运）；模型 0.924 高置信。…,
15,音频,positive,,,,7.33,关键窗口桶位 3-7;4-8;2-6;5-9;8-12,0.70-2.44;1.05-2.79;0.35-2.09;1.40-3.14;2.44-4.19 s（重建近似值）,是,支持,否,AI 辅助回看＋人工确认（2026-09-26）：已人工确认（支持）。依据：画面：长发女性、世界地图背景，表情中性；文本「…they believed in its **power to transform lives**」积极语义明确（虽写贫困但落点在教育改变命运）；模型 0.924 高置信。…,
15,视觉,positive,,,,7.33,关键窗口桶位 15-19;14-18;13-17;12-16;17-21,4.89-6.63;4.54-6.28;4.19-5.93;3.84-5.58;5.58-7.33 s / 帧号 147-199;136-188;126-178;115-168;168-220,是,支持,否,AI 辅助回看＋人工确认（2026-09-26）：已人工确认（支持）。依据：画面：长发女性、世界地图背景，表情中性；文本「…they believed in its **power to transform lives**」积极语义明确（虽写贫困但落点在教育改变命运）；模型 0.924 高置信。…,
16,整体,negative,0.997,-2.5819,文本,3.11,三模态贡献 文本+0.7602 / 音频-0.0009 / 视觉+0.0014,—,是,支持,否,"AI 辅助回看＋人工确认（2026-09-26）：已人工确认（支持）。依据：画面：眼镜男性、绿色 T 恤、百叶窗背景，表情中性偏严肃；文本「It's a **terrible**, this is a terrible movie」明确消极；模型 0.997 极高置信。注意关键证据的 Δcls 绝对值很小（≈0.0…",
16,文本,negative,,,,3.11,"pos10:terrible(内容词,+0.0031);pos5:terrible(内容词,+0.0025);pos12:[SEP](功能词,-0.0011);pos2:'(功能词,-0.0009);pos4:a(功能词,+0.0008)",词元序号（可回看内容）,是,支持,否,"AI 辅助回看＋人工确认（2026-09-26）：已人工确认（支持）。依据：画面：眼镜男性、绿色 T 恤、百叶窗背景，表情中性偏严肃；文本「It's a **terrible**, this is a terrible movie」明确消极；模型 0.997 极高置信。注意关键证据的 Δcls 绝对值很小（≈0.0…",
16,音频,negative,,,,3.11,关键窗口桶位 4-8;3-7;5-9;2-6;7-11,0.85-2.26;0.57-1.98;1.13-2.54;0.28-1.70;1.70-3.11 s（重建近似值）,是,支持,否,"AI 辅助回看＋人工确认（2026-09-26）：已人工确认（支持）。依据：画面：眼镜男性、绿色 T 恤、百叶窗背景，表情中性偏严肃；文本「It's a **terrible**, this is a terrible movie」明确消极；模型 0.997 极高置信。注意关键证据的 Δcls 绝对值很小（≈0.0…",
16,视觉,negative,,,,3.11,关键窗口桶位 6-10;3-7;4-8;7-11;1-5,1.41-2.83;0.57-1.98;0.85-2.26;1.70-3.11;0.00-1.41 s / 帧号 42-85;17-59;25-68;51-93;0-42,是,支持,否,"AI 辅助回看＋人工确认（2026-09-26）：已人工确认（支持）。依据：画面：眼镜男性、绿色 T 恤、百叶窗背景，表情中性偏严肃；文本「It's a **terrible**, this is a terrible movie」明确消极；模型 0.997 极高置信。注意关键证据的 Δcls 绝对值很小（≈0.0…",
17,整体,positive,0.9628,1.2546,文本,9.67,三模态贡献 文本+0.5537 / 音频-0.0017 / 视觉+0.0089,—,是,部分支持,否,"AI 辅助回看＋人工确认（2026-09-26）：已人工确认（部分支持）。依据：画面：短发女性、书架 + 屏幕显示设计原则插图（Conrast/Repetition/Alignment/Proximity），属设计教学片；文本「…is **simple, easy** and will make people thin…",
17,文本,positive,,,,9.67,"pos14:will(功能词,+0.0067);pos13:and(功能词,+0.0054);pos9:is(功能词,+0.0051);pos24:.(功能词,-0.0039);pos16:people(内容词,-0.0037)",词元序号（可回看内容）,是,部分支持,否,"AI 辅助回看＋人工确认（2026-09-26）：已人工确认（部分支持）。依据：画面：短发女性、书架 + 屏幕显示设计原则插图（Conrast/Repetition/Alignment/Proximity），属设计教学片；文本「…is **simple, easy** and will make people thin…",
17,音频,positive,,,,9.67,关键窗口桶位 1-5;14-18;15-19;2-6;16-20,0.00-2.01;5.24-7.25;5.64-7.66;0.40-2.42;6.04-8.06 s（重建近似值）,是,部分支持,否,"AI 辅助回看＋人工确认（2026-09-26）：已人工确认（部分支持）。依据：画面：短发女性、书架 + 屏幕显示设计原则插图（Conrast/Repetition/Alignment/Proximity），属设计教学片；文本「…is **simple, easy** and will make people thin…",
17,视觉,positive,,,,9.67,关键窗口桶位 4-8;3-7;5-9;19-23;20-24,1.21-3.22;0.81-2.82;1.61-3.63;7.25-9.27;7.66-9.67 s / 帧号 36-97;24-85;48-109;218-278;230-290,是,部分支持,否,"AI 辅助回看＋人工确认（2026-09-26）：已人工确认（部分支持）。依据：画面：短发女性、书架 + 屏幕显示设计原则插图（Conrast/Repetition/Alignment/Proximity），属设计教学片；文本「…is **simple, easy** and will make people thin…",
18,整体,neutral,0.5143,-0.2453,文本,18.81,三模态贡献 文本+0.1104 / 音频+0.0550 / 视觉+0.0725,—,是,支持,否,AI 辅助回看＋人工确认（2026-09-26）：已人工确认（支持）。依据：画面：条纹衫女性、SUSTAINABILITY 展板（底部字幕 3 Minute Sustainability Recap: Episode 02），表情中性；文本为渔业认证新闻播报（denied / failed 属**事实陈述**，非情…,
18,文本,neutral,,,,18.81,"pos29:denied(内容词,-0.0131);pos40:failed(内容词,-0.0125);pos35:fact(内容词,-0.0104);pos32:based(内容词,-0.0087);pos48:##l(内容词,+0.0069)",词元序号（可回看内容）,是,支持,否,AI 辅助回看＋人工确认（2026-09-26）：已人工确认（支持）。依据：画面：条纹衫女性、SUSTAINABILITY 展板（底部字幕 3 Minute Sustainability Recap: Episode 02），表情中性；文本为渔业认证新闻播报（denied / failed 属**事实陈述**，非情…,
18,音频,neutral,,,,18.81,关键窗口桶位 38-42;2-6;39-43;40-44;3-7,14.50-16.46;0.39-2.35;14.89-16.85;15.28-17.24;0.78-2.74 s（重建近似值）,是,支持,否,AI 辅助回看＋人工确认（2026-09-26）：已人工确认（支持）。依据：画面：条纹衫女性、SUSTAINABILITY 展板（底部字幕 3 Minute Sustainability Recap: Episode 02），表情中性；文本为渔业认证新闻播报（denied / failed 属**事实陈述**，非情…,
18,视觉,neutral,,,,18.81,关键窗口桶位 26-30;43-47;18-22;42-46;27-31,9.80-11.76;16.46-18.42;6.66-8.62;16.07-18.03;10.19-12.15 s / 帧号 294-353;494-553;200-259;482-541;306-364,是,支持,否,AI 辅助回看＋人工确认（2026-09-26）：已人工确认（支持）。依据：画面：条纹衫女性、SUSTAINABILITY 展板（底部字幕 3 Minute Sustainability Recap: Episode 02），表情中性；文本为渔业认证新闻播报（denied / failed 属**事实陈述**，非情…,
19,整体,positive,0.5309,0.2304,音频,13.68,三模态贡献 文本+0.0640 / 音频+0.1490 / 视觉+0.0523,—,是,支持,否,AI 辅助回看＋人工确认（2026-09-26）：已人工确认（支持）。依据：画面：中年男性、黑色 T 恤、白色百叶窗，**全程笑容明显**（眯眼露齿，t≈6.2/7.5 等帧尤甚）→ 视觉明确支持正向；文本「People are **surprisingly forgiving** … but for the mo…,
19,文本,positive,,,,13.68,"pos3:surprisingly(内容词,+0.0652);pos17:hate(内容词,-0.0448);pos35:most(功能词,+0.0348);pos2:are(功能词,+0.0302);pos29:imperfect(内容词,-0.0293)",词元序号（可回看内容）,是,支持,否,AI 辅助回看＋人工确认（2026-09-26）：已人工确认（支持）。依据：画面：中年男性、黑色 T 恤、白色百叶窗，**全程笑容明显**（眯眼露齿，t≈6.2/7.5 等帧尤甚）→ 视觉明确支持正向；文本「People are **surprisingly forgiving** … but for the mo…,
19,音频,positive,,,,13.68,关键窗口桶位 21-25;34-38;22-26;35-39;33-37,7.02-8.77;11.58-13.33;7.37-9.12;11.93-13.68;11.22-12.98 s（重建近似值）,是,支持,否,AI 辅助回看＋人工确认（2026-09-26）：已人工确认（支持）。依据：画面：中年男性、黑色 T 恤、白色百叶窗，**全程笑容明显**（眯眼露齿，t≈6.2/7.5 等帧尤甚）→ 视觉明确支持正向；文本「People are **surprisingly forgiving** … but for the mo…,
19,视觉,positive,,,,13.68,关键窗口桶位 20-24;35-39;34-38;19-23;21-25,6.66-8.42;11.93-13.68;11.58-13.33;6.31-8.07;7.02-8.77 s / 帧号 200-253;358-410;347-400;189-242;210-263,是,支持,否,AI 辅助回看＋人工确认（2026-09-26）：已人工确认（支持）。依据：画面：中年男性、黑色 T 恤、白色百叶窗，**全程笑容明显**（眯眼露齿，t≈6.2/7.5 等帧尤甚）→ 视觉明确支持正向；文本「People are **surprisingly forgiving** … but for the mo…,
20,整体,positive,0.8648,0.755,文本,10.95,三模态贡献 文本+0.3918 / 音频+0.0268 / 视觉+0.0379,—,是,不支持,否,AI 辅助回看＋人工确认（2026-09-26）：已人工确认（不支持）。依据：画面：亚裔女性、办公/演播室背景，表情中性（t≈1.36 有轻微笑意）；文本为节目收尾与引导点击（「click in the link of the description …」），中性。模型以 0.865 判 positive，**内容不…,
20,文本,positive,,,,10.95,"pos18:and(功能词,+0.0082);pos2:of(功能词,+0.0073);pos31:((内容词,-0.0054);pos34:up(功能词,-0.0049);pos14:video(内容词,-0.0048)",词元序号（可回看内容）,是,不支持,否,AI 辅助回看＋人工确认（2026-09-26）：已人工确认（不支持）。依据：画面：亚裔女性、办公/演播室背景，表情中性（t≈1.36 有轻微笑意）；文本为节目收尾与引导点击（「click in the link of the description …」），中性。模型以 0.865 判 positive，**内容不…,
20,音频,positive,,,,10.95,关键窗口桶位 39-43;36-40;13-17;14-18;37-41,9.68-10.95;8.91-10.19;3.06-4.33;3.31-4.58;9.17-10.44 s（重建近似值）,是,不支持,否,AI 辅助回看＋人工确认（2026-09-26）：已人工确认（不支持）。依据：画面：亚裔女性、办公/演播室背景，表情中性（t≈1.36 有轻微笑意）；文本为节目收尾与引导点击（「click in the link of the description …」），中性。模型以 0.865 判 positive，**内容不…,
20,视觉,positive,,,,10.95,关键窗口桶位 13-17;14-18;15-19;16-20;17-21,3.06-4.33;3.31-4.58;3.57-4.84;3.82-5.09;4.07-5.35 s / 帧号 92-130;99-138;107-145;115-153;122-160,是,不支持,否,AI 辅助回看＋人工确认（2026-09-26）：已人工确认（不支持）。依据：画面：亚裔女性、办公/演播室背景，表情中性（t≈1.36 有轻微笑意）；文本为节目收尾与引导点击（「click in the link of the description …」），中性。模型以 0.865 判 positive，**内容不…,
