sample_id,modality,rank,start_bucket,end_bucket,token,context_pm3,is_stopword,rel_pos,delta_cls,direction,start_sec,end_sec,frame_index,viewable,样本特记
01,text,1,12,12,to,belt is essential to ensuring the new,是,0.25,0.018838,支持,,,,文本可回看（词元+上下文）,
01,text,2,13,13,ensuring,is essential to ensuring the new belt,否,0.2708,0.014961,支持,,,,文本可回看（词元+上下文）,
01,text,3,14,14,the,essential to ensuring the new belt performs,是,0.2917,0.01456,支持,,,,文本可回看（词元+上下文）,
01,text,4,15,15,new,to ensuring the new belt performs to,否,0.3125,0.014113,支持,,,,文本可回看（词元+上下文）,
01,text,5,3,3,wear,replacing these wear components when replacing,否,0.0625,-0.013518,抑制,,,,文本可回看（词元+上下文）,
01,audio,1,1,5,,,不适用,0.0208,0.019046,支持,0.0,2.045,0-61,可回看（秒/帧为按有效跨度重建的近似值）,
01,audio,2,10,14,,,不适用,0.2083,-0.013995,抑制,3.682,5.727,110-172,可回看（秒/帧为按有效跨度重建的近似值）,
01,audio,3,13,17,,,不适用,0.2708,-0.013554,抑制,4.909,6.955,147-209,可回看（秒/帧为按有效跨度重建的近似值）,
01,audio,4,12,16,,,不适用,0.25,-0.012701,抑制,4.5,6.545,135-196,可回看（秒/帧为按有效跨度重建的近似值）,
01,audio,5,11,15,,,不适用,0.2292,-0.012586,抑制,4.091,6.136,123-184,可回看（秒/帧为按有效跨度重建的近似值）,
01,vision,1,1,5,,,不适用,0.0208,-0.013869,抑制,0.0,2.045,0-61,可回看（秒/帧为按有效跨度重建的近似值）,
01,vision,2,18,22,,,不适用,0.375,0.01312,支持,6.955,9.0,209-270,可回看（秒/帧为按有效跨度重建的近似值）,
01,vision,3,17,21,,,不适用,0.3542,0.013052,支持,6.545,8.591,196-258,可回看（秒/帧为按有效跨度重建的近似值）,
01,vision,4,16,20,,,不适用,0.3333,0.011781,支持,6.136,8.182,184-245,可回看（秒/帧为按有效跨度重建的近似值）,
01,vision,5,2,6,,,不适用,0.0417,-0.010361,抑制,0.409,2.455,12-74,可回看（秒/帧为按有效跨度重建的近似值）,
02,text,1,18,18,misery,other ’ s misery . [SEP] [PAD],否,0.375,-0.054091,抑制,,,,文本可回看（词元+上下文）,内容尾部静音：该样本视频末尾约 1 s 为静音（内容覆盖比 0.84），因此其**重建秒数在尾段仅供参考**，桶位可信。桶位映射本身已通过检验（口径 B 被直接否定，8/8 样本支持口径 A），此点不是映射错误。另该样本三类概率极接近（top1−top2 仅 0.0084），**类别判定亦不宜作为结论**。
02,text,2,8,8,’,by each other ’ s happiness -,否,0.1667,0.032929,支持,,,,文本可回看（词元+上下文）,内容尾部静音：该样本视频末尾约 1 s 为静音（内容覆盖比 0.84），因此其**重建秒数在尾段仅供参考**，桶位可信。桶位映射本身已通过检验（口径 B 被直接否定，8/8 样本支持口径 A），此点不是映射错误。另该样本三类概率极接近（top1−top2 仅 0.0084），**类别判定亦不宜作为结论**。
02,text,3,10,10,happiness,other ’ s happiness - not by,否,0.2083,0.025501,支持,,,,文本可回看（词元+上下文）,内容尾部静音：该样本视频末尾约 1 s 为静音（内容覆盖比 0.84），因此其**重建秒数在尾段仅供参考**，桶位可信。桶位映射本身已通过检验（口径 B 被直接否定，8/8 样本支持口径 A），此点不是映射错误。另该样本三类概率极接近（top1−top2 仅 0.0084），**类别判定亦不宜作为结论**。
02,text,4,11,11,-,’ s happiness - not by each,是,0.2292,0.024647,支持,,,,文本可回看（词元+上下文）,内容尾部静音：该样本视频末尾约 1 s 为静音（内容覆盖比 0.84），因此其**重建秒数在尾段仅供参考**，桶位可信。桶位映射本身已通过检验（口径 B 被直接否定，8/8 样本支持口径 A），此点不是映射错误。另该样本三类概率极接近（top1−top2 仅 0.0084），**类别判定亦不宜作为结论**。
02,text,5,17,17,s,each other ’ s misery . [SEP],是,0.3542,-0.022107,抑制,,,,文本可回看（词元+上下文）,内容尾部静音：该样本视频末尾约 1 s 为静音（内容覆盖比 0.84），因此其**重建秒数在尾段仅供参考**，桶位可信。桶位映射本身已通过检验（口径 B 被直接否定，8/8 样本支持口径 A），此点不是映射错误。另该样本三类概率极接近（top1−top2 仅 0.0084），**类别判定亦不宜作为结论**。
02,audio,1,3,7,,,不适用,0.0625,-0.010357,抑制,0.367,1.286,11-39,可回看（秒/帧为按有效跨度重建的近似值）,内容尾部静音：该样本视频末尾约 1 s 为静音（内容覆盖比 0.84），因此其**重建秒数在尾段仅供参考**，桶位可信。桶位映射本身已通过检验（口径 B 被直接否定，8/8 样本支持口径 A），此点不是映射错误。另该样本三类概率极接近（top1−top2 仅 0.0084），**类别判定亦不宜作为结论**。
02,audio,2,2,6,,,不适用,0.0417,-0.009381,抑制,0.184,1.102,6-33,可回看（秒/帧为按有效跨度重建的近似值）,内容尾部静音：该样本视频末尾约 1 s 为静音（内容覆盖比 0.84），因此其**重建秒数在尾段仅供参考**，桶位可信。桶位映射本身已通过检验（口径 B 被直接否定，8/8 样本支持口径 A），此点不是映射错误。另该样本三类概率极接近（top1−top2 仅 0.0084），**类别判定亦不宜作为结论**。
02,audio,3,4,8,,,不适用,0.0833,-0.008247,抑制,0.551,1.469,17-44,可回看（秒/帧为按有效跨度重建的近似值）,内容尾部静音：该样本视频末尾约 1 s 为静音（内容覆盖比 0.84），因此其**重建秒数在尾段仅供参考**，桶位可信。桶位映射本身已通过检验（口径 B 被直接否定，8/8 样本支持口径 A），此点不是映射错误。另该样本三类概率极接近（top1−top2 仅 0.0084），**类别判定亦不宜作为结论**。
02,audio,4,13,17,,,不适用,0.2708,0.005326,支持,2.204,3.123,66-94,可回看（秒/帧为按有效跨度重建的近似值）,内容尾部静音：该样本视频末尾约 1 s 为静音（内容覆盖比 0.84），因此其**重建秒数在尾段仅供参考**，桶位可信。桶位映射本身已通过检验（口径 B 被直接否定，8/8 样本支持口径 A），此点不是映射错误。另该样本三类概率极接近（top1−top2 仅 0.0084），**类别判定亦不宜作为结论**。
02,audio,5,14,18,,,不适用,0.2917,0.003971,支持,2.388,3.306,72-99,可回看（秒/帧为按有效跨度重建的近似值）,内容尾部静音：该样本视频末尾约 1 s 为静音（内容覆盖比 0.84），因此其**重建秒数在尾段仅供参考**，桶位可信。桶位映射本身已通过检验（口径 B 被直接否定，8/8 样本支持口径 A），此点不是映射错误。另该样本三类概率极接近（top1−top2 仅 0.0084），**类别判定亦不宜作为结论**。
02,vision,1,6,10,,,不适用,0.125,0.002435,支持,0.918,1.837,28-55,可回看（秒/帧为按有效跨度重建的近似值）,内容尾部静音：该样本视频末尾约 1 s 为静音（内容覆盖比 0.84），因此其**重建秒数在尾段仅供参考**，桶位可信。桶位映射本身已通过检验（口径 B 被直接否定，8/8 样本支持口径 A），此点不是映射错误。另该样本三类概率极接近（top1−top2 仅 0.0084），**类别判定亦不宜作为结论**。
02,vision,2,11,15,,,不适用,0.2292,-0.001881,抑制,1.837,2.755,55-83,可回看（秒/帧为按有效跨度重建的近似值）,内容尾部静音：该样本视频末尾约 1 s 为静音（内容覆盖比 0.84），因此其**重建秒数在尾段仅供参考**，桶位可信。桶位映射本身已通过检验（口径 B 被直接否定，8/8 样本支持口径 A），此点不是映射错误。另该样本三类概率极接近（top1−top2 仅 0.0084），**类别判定亦不宜作为结论**。
02,vision,3,7,11,,,不适用,0.1458,0.001872,支持,1.102,2.021,33-61,可回看（秒/帧为按有效跨度重建的近似值）,内容尾部静音：该样本视频末尾约 1 s 为静音（内容覆盖比 0.84），因此其**重建秒数在尾段仅供参考**，桶位可信。桶位映射本身已通过检验（口径 B 被直接否定，8/8 样本支持口径 A），此点不是映射错误。另该样本三类概率极接近（top1−top2 仅 0.0084），**类别判定亦不宜作为结论**。
02,vision,4,12,16,,,不适用,0.25,-0.001701,抑制,2.021,2.939,61-88,可回看（秒/帧为按有效跨度重建的近似值）,内容尾部静音：该样本视频末尾约 1 s 为静音（内容覆盖比 0.84），因此其**重建秒数在尾段仅供参考**，桶位可信。桶位映射本身已通过检验（口径 B 被直接否定，8/8 样本支持口径 A），此点不是映射错误。另该样本三类概率极接近（top1−top2 仅 0.0084），**类别判定亦不宜作为结论**。
02,vision,5,13,17,,,不适用,0.2708,-0.001687,抑制,2.204,3.123,66-94,可回看（秒/帧为按有效跨度重建的近似值）,内容尾部静音：该样本视频末尾约 1 s 为静音（内容覆盖比 0.84），因此其**重建秒数在尾段仅供参考**，桶位可信。桶位映射本身已通过检验（口径 B 被直接否定，8/8 样本支持口径 A），此点不是映射错误。另该样本三类概率极接近（top1−top2 仅 0.0084），**类别判定亦不宜作为结论**。
03,text,1,15,15,bank,think is just bank ##west who don,否,0.3125,-0.02993,抑制,,,,文本可回看（词元+上下文）,
03,text,2,16,16,##west,is just bank ##west who don ',否,0.3333,-0.028926,抑制,,,,文本可回看（词元+上下文）,
03,text,3,20,20,t,who don ' t take rental income,是,0.4167,0.0265,支持,,,,文本可回看（词元+上下文）,
03,text,4,24,24,into,"take rental income into account , they",是,0.5,0.02536,支持,,,,文本可回看（词元+上下文）,
03,text,5,31,31,into,take rental yield into account . [SEP],是,0.6458,0.023223,支持,,,,文本可回看（词元+上下文）,
03,audio,1,13,17,,,不适用,0.2708,-0.009984,抑制,3.513,4.976,105-149,可回看（秒/帧为按有效跨度重建的近似值）,
03,audio,2,22,26,,,不适用,0.4583,0.009673,支持,6.147,7.611,184-228,可回看（秒/帧为按有效跨度重建的近似值）,
03,audio,3,23,27,,,不适用,0.4792,0.009582,支持,6.44,7.904,193-237,可回看（秒/帧为按有效跨度重建的近似值）,
03,audio,4,12,16,,,不适用,0.25,-0.007533,抑制,3.22,4.684,97-141,可回看（秒/帧为按有效跨度重建的近似值）,
03,audio,5,14,18,,,不适用,0.2917,-0.007473,抑制,3.805,5.269,114-158,可回看（秒/帧为按有效跨度重建的近似值）,
03,vision,1,8,12,,,不适用,0.1667,0.011567,支持,2.049,3.513,61-105,可回看（秒/帧为按有效跨度重建的近似值）,
03,vision,2,7,11,,,不适用,0.1458,0.011233,支持,1.756,3.22,53-97,可回看（秒/帧为按有效跨度重建的近似值）,
03,vision,3,6,10,,,不适用,0.125,0.009883,支持,1.464,2.927,44-88,可回看（秒/帧为按有效跨度重建的近似值）,
03,vision,4,25,29,,,不适用,0.5208,-0.009706,抑制,7.025,8.489,211-255,可回看（秒/帧为按有效跨度重建的近似值）,
03,vision,5,24,28,,,不适用,0.5,-0.009483,抑制,6.733,8.196,202-246,可回看（秒/帧为按有效跨度重建的近似值）,
04,text,1,25,25,not,? ] absolutely not . [SEP] [PAD],是,0.5208,-0.069066,抑制,,,,文本可回看（词元+上下文）,
04,text,2,21,21,goodbye,"go blue "" goodbye ? ] absolutely",否,0.4375,-0.06448,抑制,,,,文本可回看（词元+上下文）,
04,text,3,10,10,should,"team exercise , should i kiss my",是,0.2083,-0.049923,抑制,,,,文本可回看（词元+上下文）,
04,text,4,14,14,chances,"i kiss my chances of cheering """,否,0.2917,0.049268,支持,,,,文本可回看（词元+上下文）,
04,text,5,20,20,"""",""" go blue "" goodbye ? ]",否,0.4167,0.048619,支持,,,,文本可回看（词元+上下文）,
04,audio,1,8,12,,,不适用,0.1667,-0.021869,抑制,1.882,3.226,56-97,可回看（秒/帧为按有效跨度重建的近似值）,
04,audio,2,7,11,,,不适用,0.1458,-0.018578,抑制,1.613,2.957,48-89,可回看（秒/帧为按有效跨度重建的近似值）,
04,audio,3,9,13,,,不适用,0.1875,-0.018166,抑制,2.151,3.495,65-105,可回看（秒/帧为按有效跨度重建的近似值）,
04,audio,4,1,5,,,不适用,0.0208,0.01636,支持,0.0,1.344,0-40,可回看（秒/帧为按有效跨度重建的近似值）,
04,audio,5,19,23,,,不适用,0.3958,-0.014751,抑制,4.839,6.183,145-186,可回看（秒/帧为按有效跨度重建的近似值）,
04,vision,1,1,5,,,不适用,0.0208,-0.033784,抑制,0.0,1.344,0-40,可回看（秒/帧为按有效跨度重建的近似值）,
04,vision,2,2,6,,,不适用,0.0417,-0.030248,抑制,0.269,1.613,8-48,可回看（秒/帧为按有效跨度重建的近似值）,
04,vision,3,7,11,,,不适用,0.1458,0.022224,支持,1.613,2.957,48-89,可回看（秒/帧为按有效跨度重建的近似值）,
04,vision,4,8,12,,,不适用,0.1667,0.019799,支持,1.882,3.226,56-97,可回看（秒/帧为按有效跨度重建的近似值）,
04,vision,5,10,14,,,不适用,0.2083,0.019585,支持,2.42,3.764,73-113,可回看（秒/帧为按有效跨度重建的近似值）,
05,text,1,2,2,",","hi , my name is",是,0.0417,0.030328,支持,,,,文本可回看（词元+上下文）,
05,text,2,5,5,is,", my name is chloe , video",是,0.1042,0.023433,支持,,,,文本可回看（词元+上下文）,
05,text,3,11,11,for,video market ##er for red wagon marketing,是,0.2292,-0.017931,抑制,,,,文本可回看（词元+上下文）,
05,text,4,14,14,marketing,for red wagon marketing . [SEP] [PAD],否,0.2917,-0.014262,抑制,,,,文本可回看（词元+上下文）,
05,text,5,3,3,my,"hi , my name is chloe",是,0.0625,0.014039,支持,,,,文本可回看（词元+上下文）,
05,audio,1,3,7,,,不适用,0.0625,0.01459,支持,0.813,2.847,24-85,可回看（秒/帧为按有效跨度重建的近似值）,
05,audio,2,4,8,,,不适用,0.0833,0.014032,支持,1.22,3.253,37-98,可回看（秒/帧为按有效跨度重建的近似值）,
05,audio,3,2,6,,,不适用,0.0417,0.011952,支持,0.407,2.44,12-73,可回看（秒/帧为按有效跨度重建的近似值）,
05,audio,4,1,5,,,不适用,0.0208,0.009392,支持,0.0,2.033,0-61,可回看（秒/帧为按有效跨度重建的近似值）,
05,audio,5,11,15,,,不适用,0.2292,-0.008786,抑制,4.067,6.1,122-183,可回看（秒/帧为按有效跨度重建的近似值）,
05,vision,1,1,5,,,不适用,0.0208,0.060424,支持,0.0,2.033,0-61,可回看（秒/帧为按有效跨度重建的近似值）,
05,vision,2,2,6,,,不适用,0.0417,0.053826,支持,0.407,2.44,12-73,可回看（秒/帧为按有效跨度重建的近似值）,
05,vision,3,11,15,,,不适用,0.2292,-0.051289,抑制,4.067,6.1,122-183,可回看（秒/帧为按有效跨度重建的近似值）,
05,vision,4,10,14,,,不适用,0.2083,-0.047581,抑制,3.66,5.693,110-171,可回看（秒/帧为按有效跨度重建的近似值）,
05,vision,5,3,7,,,不适用,0.0625,0.047293,支持,0.813,2.847,24-85,可回看（秒/帧为按有效跨度重建的近似值）,
06,text,1,6,6,fan,' re a fan of dancing in,否,0.125,0.028027,支持,,,,文本可回看（词元+上下文）,
06,text,2,21,21,impressive,"dance , see impressive dance moves then",否,0.4375,0.02299,支持,,,,文本可回看（词元+上下文）,
06,text,3,14,14,like,"sense , just like to watch people",否,0.2917,0.017045,支持,,,,文本可回看（词元+上下文）,
06,text,4,32,32,movie,check out this movie solely for that,否,0.6667,-0.016306,抑制,,,,文本可回看（词元+上下文）,
06,text,5,29,29,check,might want to check out this movie,否,0.6042,-0.015608,抑制,,,,文本可回看（词元+上下文）,
06,audio,1,31,35,,,不适用,0.6458,-0.011489,抑制,7.123,8.31,214-249,可回看（秒/帧为按有效跨度重建的近似值）,
06,audio,2,30,34,,,不适用,0.625,-0.011072,抑制,6.885,8.073,207-242,可回看（秒/帧为按有效跨度重建的近似值）,
06,audio,3,16,20,,,不适用,0.3333,-0.009994,抑制,3.561,4.749,107-142,可回看（秒/帧为按有效跨度重建的近似值）,
06,audio,4,29,33,,,不适用,0.6042,-0.009562,抑制,6.648,7.835,199-235,可回看（秒/帧为按有效跨度重建的近似值）,
06,audio,5,1,5,,,不适用,0.0208,0.009446,支持,0.0,1.187,0-36,可回看（秒/帧为按有效跨度重建的近似值）,
06,vision,1,10,14,,,不适用,0.2083,-0.011204,抑制,2.137,3.324,64-100,可回看（秒/帧为按有效跨度重建的近似值）,
06,vision,2,9,13,,,不适用,0.1875,-0.010945,抑制,1.899,3.087,57-93,可回看（秒/帧为按有效跨度重建的近似值）,
06,vision,3,12,16,,,不适用,0.25,-0.010855,抑制,2.612,3.799,78-114,可回看（秒/帧为按有效跨度重建的近似值）,
06,vision,4,11,15,,,不适用,0.2292,-0.010748,抑制,2.374,3.561,71-107,可回看（秒/帧为按有效跨度重建的近似值）,
06,vision,5,8,12,,,不适用,0.1667,-0.010289,抑制,1.662,2.849,50-85,可回看（秒/帧为按有效跨度重建的近似值）,
07,text,1,21,21,enthusiastically,", attendees “ enthusiastically discussed the topics",否,0.4375,0.009599,支持,,,,文本可回看（词元+上下文）,
07,text,2,10,10,##ad,editor michael ba ##ad ##ke reports in,否,0.2083,-0.00647,抑制,,,,文本可回看（词元+上下文）,
07,text,3,16,16,28,"in our november 28 issue , attendees",否,0.3333,0.005811,支持,,,,文本可回看（词元+上下文）,
07,text,4,15,15,november,"reports in our november 28 issue ,",否,0.3125,0.005216,支持,,,,文本可回看（词元+上下文）,
07,text,5,39,39,phil,and dealers and phil ##ate ##lic partnerships,否,0.8125,-0.004935,抑制,,,,文本可回看（词元+上下文）,
07,audio,1,22,26,,,不适用,0.4583,0.003039,支持,9.341,11.565,280-347,可回看（秒/帧为按有效跨度重建的近似值）,
07,audio,2,21,25,,,不适用,0.4375,0.002803,支持,8.896,11.12,267-334,可回看（秒/帧为按有效跨度重建的近似值）,
07,audio,3,23,27,,,不适用,0.4792,0.0026,支持,9.785,12.009,294-360,可回看（秒/帧为按有效跨度重建的近似值）,
07,audio,4,20,24,,,不适用,0.4167,0.002453,支持,8.451,10.675,254-320,可回看（秒/帧为按有效跨度重建的近似值）,
07,audio,5,24,28,,,不适用,0.5,0.002163,支持,10.23,12.454,307-374,可回看（秒/帧为按有效跨度重建的近似值）,
07,vision,1,1,5,,,不适用,0.0208,-0.006098,抑制,0.0,2.224,0-67,可回看（秒/帧为按有效跨度重建的近似值）,
07,vision,2,3,7,,,不适用,0.0625,-0.005845,抑制,0.89,3.114,27-93,可回看（秒/帧为按有效跨度重建的近似值）,
07,vision,3,2,6,,,不适用,0.0417,-0.005827,抑制,0.445,2.669,13-80,可回看（秒/帧为按有效跨度重建的近似值）,
07,vision,4,4,8,,,不适用,0.0833,-0.005668,抑制,1.334,3.558,40-107,可回看（秒/帧为按有效跨度重建的近似值）,
07,vision,5,5,9,,,不适用,0.1042,-0.005484,抑制,1.779,4.003,53-120,可回看（秒/帧为按有效跨度重建的近似值）,
08,text,1,8,8,universal,"tonight , the universal design grand challenge",否,0.1667,0.062867,支持,,,,文本可回看（词元+上下文）,
08,text,2,10,10,grand,the universal design grand challenge [SEP] [PAD],否,0.2083,0.054417,支持,,,,文本可回看（词元+上下文）,
08,text,3,6,6,",","us to tonight , the universal design",是,0.125,-0.037798,抑制,,,,文本可回看（词元+上下文）,
08,text,4,12,12,[SEP],design grand challenge [SEP] [PAD] [PAD] [PAD],是,0.25,-0.030343,抑制,,,,文本可回看（词元+上下文）,
08,text,5,3,3,us,"that brings us to tonight ,",是,0.0625,-0.026633,抑制,,,,文本可回看（词元+上下文）,
08,audio,1,1,5,,,不适用,0.0208,0.022614,支持,0.0,2.314,0-69,可回看（秒/帧为按有效跨度重建的近似值）,
08,audio,2,6,10,,,不适用,0.125,-0.022193,抑制,2.314,4.627,69-139,可回看（秒/帧为按有效跨度重建的近似值）,
08,audio,3,7,11,,,不适用,0.1458,-0.020032,抑制,2.776,5.09,83-153,可回看（秒/帧为按有效跨度重建的近似值）,
08,audio,4,5,9,,,不适用,0.1042,-0.018645,抑制,1.851,4.165,56-125,可回看（秒/帧为按有效跨度重建的近似值）,
08,audio,5,4,8,,,不适用,0.0833,-0.014711,抑制,1.388,3.702,42-111,可回看（秒/帧为按有效跨度重建的近似值）,
08,vision,1,4,8,,,不适用,0.0833,-0.018584,抑制,1.388,3.702,42-111,可回看（秒/帧为按有效跨度重建的近似值）,
08,vision,2,5,9,,,不适用,0.1042,-0.01664,抑制,1.851,4.165,56-125,可回看（秒/帧为按有效跨度重建的近似值）,
08,vision,3,3,7,,,不适用,0.0625,-0.013731,抑制,0.925,3.239,28-97,可回看（秒/帧为按有效跨度重建的近似值）,
08,vision,4,2,6,,,不适用,0.0417,-0.011045,抑制,0.463,2.776,14-83,可回看（秒/帧为按有效跨度重建的近似值）,
08,vision,5,7,11,,,不适用,0.1458,0.010686,支持,2.776,5.09,83-153,可回看（秒/帧为按有效跨度重建的近似值）,
09,text,1,7,7,not,) i did not like this movie,是,0.1458,0.003933,支持,,,,文本可回看（词元+上下文）,
09,text,2,6,6,did,##h ) i did not like this,是,0.125,0.003064,支持,,,,文本可回看（词元+上下文）,
09,text,3,16,16,not,", i would not recommend it [SEP]",是,0.3333,0.002941,支持,,,,文本可回看（词元+上下文）,
09,text,4,1,1,(,( uh ##h ),否,0.0208,-0.00234,抑制,,,,文本可回看（词元+上下文）,
09,text,5,3,3,##h,( uh ##h ) i did,否,0.0625,-0.002101,抑制,,,,文本可回看（词元+上下文）,
09,audio,1,14,18,,,不适用,0.2917,0.001342,支持,3.64,5.04,109-151,可回看（秒/帧为按有效跨度重建的近似值）,
09,audio,2,1,5,,,不适用,0.0208,-0.000982,抑制,0.0,1.4,0-42,可回看（秒/帧为按有效跨度重建的近似值）,
09,audio,3,13,17,,,不适用,0.2708,0.000719,支持,3.36,4.76,101-143,可回看（秒/帧为按有效跨度重建的近似值）,
09,audio,4,2,6,,,不适用,0.0417,-0.000658,抑制,0.28,1.68,8-50,可回看（秒/帧为按有效跨度重建的近似值）,
09,audio,5,9,13,,,不适用,0.1875,-0.0005,抑制,2.24,3.64,67-109,可回看（秒/帧为按有效跨度重建的近似值）,
09,vision,1,14,18,,,不适用,0.2917,0.000201,支持,3.64,5.04,109-151,可回看（秒/帧为按有效跨度重建的近似值）,
09,vision,2,13,17,,,不适用,0.2708,0.000169,支持,3.36,4.76,101-143,可回看（秒/帧为按有效跨度重建的近似值）,
09,vision,3,12,16,,,不适用,0.25,0.000154,支持,3.08,4.48,92-134,可回看（秒/帧为按有效跨度重建的近似值）,
09,vision,4,1,5,,,不适用,0.0208,-0.000114,抑制,0.0,1.4,0-42,可回看（秒/帧为按有效跨度重建的近似值）,
09,vision,5,11,15,,,不适用,0.2292,0.000108,支持,2.8,4.2,84-126,可回看（秒/帧为按有效跨度重建的近似值）,
10,text,1,30,30,terrible,one was pretty terrible [SEP] [PAD] [PAD],否,0.625,0.018994,支持,,,,文本可回看（词元+上下文）,
10,text,2,28,28,was,but this one was pretty terrible [SEP],是,0.5833,0.016029,支持,,,,文本可回看（词元+上下文）,
10,text,3,10,10,like,i really do like to see fluffy,否,0.2083,-0.011483,抑制,,,,文本可回看（词元+上下文）,
10,text,4,17,17,sometimes,chick flick ##s sometimes so i ',否,0.3542,-0.009295,抑制,,,,文本可回看（词元+上下文）,
10,text,5,12,12,see,do like to see fluffy chick flick,否,0.25,0.009114,支持,,,,文本可回看（词元+上下文）,
10,audio,1,23,27,,,不适用,0.4792,-0.005746,抑制,7.289,8.946,219-268,可回看（秒/帧为按有效跨度重建的近似值）,
10,audio,2,22,26,,,不适用,0.4583,-0.004662,抑制,6.958,8.615,209-258,可回看（秒/帧为按有效跨度重建的近似值）,
10,audio,3,24,28,,,不适用,0.5,-0.004206,抑制,7.621,9.277,229-278,可回看（秒/帧为按有效跨度重建的近似值）,
10,audio,4,17,21,,,不适用,0.3542,0.004012,支持,5.301,6.958,159-209,可回看（秒/帧为按有效跨度重建的近似值）,
10,audio,5,21,25,,,不适用,0.4375,-0.003448,抑制,6.627,8.283,199-248,可回看（秒/帧为按有效跨度重建的近似值）,
10,vision,1,7,11,,,不适用,0.1458,0.002039,支持,1.988,3.645,60-109,可回看（秒/帧为按有效跨度重建的近似值）,
10,vision,2,6,10,,,不适用,0.125,0.001973,支持,1.657,3.313,50-99,可回看（秒/帧为按有效跨度重建的近似值）,
10,vision,3,8,12,,,不适用,0.1667,0.001848,支持,2.319,3.976,70-119,可回看（秒/帧为按有效跨度重建的近似值）,
10,vision,4,9,13,,,不适用,0.1875,0.001401,支持,2.651,4.307,80-129,可回看（秒/帧为按有效跨度重建的近似值）,
10,vision,5,1,5,,,不适用,0.0208,-0.001322,抑制,0.0,1.657,0-50,可回看（秒/帧为按有效跨度重建的近似值）,
11,text,1,3,3,be,i would be ashamed to have,是,0.0625,0.045749,支持,,,,文本可回看（词元+上下文）,
11,text,2,4,4,ashamed,i would be ashamed to have made,否,0.0833,0.04081,支持,,,,文本可回看（词元+上下文）,
11,text,3,13,13,a,if i was a director [SEP] [PAD],是,0.2708,-0.028229,抑制,,,,文本可回看（词元+上下文）,
11,text,4,6,6,have,be ashamed to have made this film,是,0.125,0.023489,支持,,,,文本可回看（词元+上下文）,
11,text,5,2,2,would,i would be ashamed to,否,0.0417,0.021647,支持,,,,文本可回看（词元+上下文）,
11,audio,1,1,5,,,不适用,0.0208,-0.007241,抑制,0.0,2.071,0-62,可回看（秒/帧为按有效跨度重建的近似值）,
11,audio,2,6,10,,,不适用,0.125,0.007155,支持,2.071,4.143,62-124,可回看（秒/帧为按有效跨度重建的近似值）,
11,audio,3,8,12,,,不适用,0.1667,0.006942,支持,2.9,4.971,87-149,可回看（秒/帧为按有效跨度重建的近似值）,
11,audio,4,7,11,,,不适用,0.1458,0.006835,支持,2.486,4.557,75-137,可回看（秒/帧为按有效跨度重建的近似值）,
11,audio,5,9,13,,,不适用,0.1875,0.00672,支持,3.314,5.386,99-162,可回看（秒/帧为按有效跨度重建的近似值）,
11,vision,1,1,5,,,不适用,0.0208,-0.001624,抑制,0.0,2.071,0-62,可回看（秒/帧为按有效跨度重建的近似值）,
11,vision,2,3,7,,,不适用,0.0625,-0.001473,抑制,0.829,2.9,25-87,可回看（秒/帧为按有效跨度重建的近似值）,
11,vision,3,2,6,,,不适用,0.0417,-0.00106,抑制,0.414,2.486,12-75,可回看（秒/帧为按有效跨度重建的近似值）,
11,vision,4,6,10,,,不适用,0.125,0.000921,支持,2.071,4.143,62-124,可回看（秒/帧为按有效跨度重建的近似值）,
11,vision,5,5,9,,,不适用,0.1042,0.00082,支持,1.657,3.729,50-112,可回看（秒/帧为按有效跨度重建的近似值）,
12,text,1,41,41,low,scores is very low . [SEP] [PAD],否,0.8542,0.027417,支持,,,,文本可回看（词元+上下文）,
12,text,2,23,23,fault,or perhaps by fault of their own,否,0.4792,0.017554,支持,,,,文本可回看（词元+上下文）,
12,text,3,33,33,sa,"let their credit sa ##g , and",否,0.6875,0.01605,支持,,,,文本可回看（词元+上下文）,
12,text,4,34,34,##g,"their credit sa ##g , and credit",否,0.7083,0.014926,支持,,,,文本可回看（词元+上下文）,
12,text,5,26,26,own,"fault of their own , they have",是,0.5417,0.014246,支持,,,,文本可回看（词元+上下文）,
12,audio,1,38,42,,,不适用,0.7917,0.006695,支持,11.461,13.01,344-390,可回看（秒/帧为按有效跨度重建的近似值）,
12,audio,2,37,41,,,不适用,0.7708,0.006127,支持,11.151,12.7,335-381,可回看（秒/帧为按有效跨度重建的近似值）,
12,audio,3,36,40,,,不适用,0.75,0.004993,支持,10.842,12.39,325-372,可回看（秒/帧为按有效跨度重建的近似值）,
12,audio,4,29,33,,,不适用,0.6042,-0.004949,抑制,8.673,10.222,260-307,可回看（秒/帧为按有效跨度重建的近似值）,
12,audio,5,28,32,,,不适用,0.5833,-0.004724,抑制,8.364,9.912,251-297,可回看（秒/帧为按有效跨度重建的近似值）,
12,vision,1,27,31,,,不适用,0.5625,-0.001765,抑制,8.054,9.603,242-288,可回看（秒/帧为按有效跨度重建的近似值）,
12,vision,2,26,30,,,不适用,0.5417,-0.001704,抑制,7.744,9.293,232-279,可回看（秒/帧为按有效跨度重建的近似值）,
12,vision,3,1,5,,,不适用,0.0208,0.001691,支持,0.0,1.549,0-46,可回看（秒/帧为按有效跨度重建的近似值）,
12,vision,4,2,6,,,不适用,0.0417,0.001574,支持,0.31,1.859,9-56,可回看（秒/帧为按有效跨度重建的近似值）,
12,vision,5,25,29,,,不适用,0.5208,-0.001475,抑制,7.434,8.983,223-269,可回看（秒/帧为按有效跨度重建的近似值）,
13,text,1,24,24,of,between any two of the given factors,是,0.5,0.016967,支持,,,,文本可回看（词元+上下文）,视觉整条缺失（视觉掩码全 False，RLE 为 0x50），视觉观测位置数为 0，因此视觉贡献恒为 0、无视觉关键证据、无关键帧。**不得解读为「视觉模态对预测无作用」**——正确表述是「该样本无视觉观测，视觉贡献不可评估」。
13,text,2,23,23,two,relationship between any two of the given,否,0.4792,-0.010734,抑制,,,,文本可回看（词元+上下文）,视觉整条缺失（视觉掩码全 False，RLE 为 0x50），视觉观测位置数为 0，因此视觉贡献恒为 0、无视觉关键证据、无关键帧。**不得解读为「视觉模态对预测无作用」**——正确表述是「该样本无视觉观测，视觉贡献不可评估」。
13,text,3,13,13,that,"data and from that data , i",是,0.2708,0.008985,支持,,,,文本可回看（词元+上下文）,视觉整条缺失（视觉掩码全 False，RLE 为 0x50），视觉观测位置数为 0，因此视觉贡献恒为 0、无视觉关键证据、无关键帧。**不得解读为「视觉模态对预测无作用」**——正确表述是「该样本无视觉观测，视觉贡献不可评估」。
13,text,4,22,22,any,a relationship between any two of the,是,0.4583,0.008283,支持,,,,文本可回看（词元+上下文）,视觉整条缺失（视觉掩码全 False，RLE 为 0x50），视觉观测位置数为 0，因此视觉贡献恒为 0、无视觉关键证据、无关键帧。**不得解读为「视觉模态对预测无作用」**——正确表述是「该样本无视觉观测，视觉贡献不可评估」。
13,text,5,2,2,example,"for example , i could",否,0.0417,-0.007576,抑制,,,,文本可回看（词元+上下文）,视觉整条缺失（视觉掩码全 False，RLE 为 0x50），视觉观测位置数为 0，因此视觉贡献恒为 0、无视觉关键证据、无关键帧。**不得解读为「视觉模态对预测无作用」**——正确表述是「该样本无视觉观测，视觉贡献不可评估」。
13,audio,1,22,26,,,不适用,0.4583,0.012033,支持,6.076,7.523,182-226,可回看（秒/帧为按有效跨度重建的近似值）,视觉整条缺失（视觉掩码全 False，RLE 为 0x50），视觉观测位置数为 0，因此视觉贡献恒为 0、无视觉关键证据、无关键帧。**不得解读为「视觉模态对预测无作用」**——正确表述是「该样本无视觉观测，视觉贡献不可评估」。
13,audio,2,14,18,,,不适用,0.2917,-0.011464,抑制,3.761,5.208,113-156,可回看（秒/帧为按有效跨度重建的近似值）,视觉整条缺失（视觉掩码全 False，RLE 为 0x50），视觉观测位置数为 0，因此视觉贡献恒为 0、无视觉关键证据、无关键帧。**不得解读为「视觉模态对预测无作用」**——正确表述是「该样本无视觉观测，视觉贡献不可评估」。
13,audio,3,13,17,,,不适用,0.2708,-0.011186,抑制,3.472,4.919,104-148,可回看（秒/帧为按有效跨度重建的近似值）,视觉整条缺失（视觉掩码全 False，RLE 为 0x50），视觉观测位置数为 0，因此视觉贡献恒为 0、无视觉关键证据、无关键帧。**不得解读为「视觉模态对预测无作用」**——正确表述是「该样本无视觉观测，视觉贡献不可评估」。
13,audio,4,12,16,,,不适用,0.25,-0.010459,抑制,3.183,4.629,95-139,可回看（秒/帧为按有效跨度重建的近似值）,视觉整条缺失（视觉掩码全 False，RLE 为 0x50），视觉观测位置数为 0，因此视觉贡献恒为 0、无视觉关键证据、无关键帧。**不得解读为「视觉模态对预测无作用」**——正确表述是「该样本无视觉观测，视觉贡献不可评估」。
13,audio,5,11,15,,,不适用,0.2292,-0.009627,抑制,2.893,4.34,87-130,可回看（秒/帧为按有效跨度重建的近似值）,视觉整条缺失（视觉掩码全 False，RLE 为 0x50），视觉观测位置数为 0，因此视觉贡献恒为 0、无视觉关键证据、无关键帧。**不得解读为「视觉模态对预测无作用」**——正确表述是「该样本无视觉观测，视觉贡献不可评估」。
13,vision,0,,,,,不适用,,,,,,,整条模态缺失，无关键证据可回看,视觉整条缺失（视觉掩码全 False，RLE 为 0x50），视觉观测位置数为 0，因此视觉贡献恒为 0、无视觉关键证据、无关键帧。**不得解读为「视觉模态对预测无作用」**——正确表述是「该样本无视觉观测，视觉贡献不可评估」。
14,text,1,33,33,york,toronto ' s york university . [SEP],否,0.6875,0.017807,支持,,,,文本可回看（词元+上下文）,
14,text,2,14,14,limited,vet ##tes ##e limited and the former,否,0.2917,0.012969,支持,,,,文本可回看（词元+上下文）,
14,text,3,2,2,is,he is the co -,是,0.0417,-0.012352,抑制,,,,文本可回看（词元+上下文）,
14,text,4,28,28,courses,u ##fe ) courses at toronto ',否,0.5833,0.012186,支持,,,,文本可回看（词元+上下文）,
14,text,5,11,11,vet,ross ##en and vet ##tes ##e limited,否,0.2292,-0.008184,抑制,,,,文本可回看（词元+上下文）,
14,audio,1,2,6,,,不适用,0.0417,0.02518,支持,0.296,1.774,9-53,可回看（秒/帧为按有效跨度重建的近似值）,
14,audio,2,3,7,,,不适用,0.0625,0.021026,支持,0.591,2.07,18-62,可回看（秒/帧为按有效跨度重建的近似值）,
14,audio,3,4,8,,,不适用,0.0833,0.020255,支持,0.887,2.366,27-71,可回看（秒/帧为按有效跨度重建的近似值）,
14,audio,4,1,5,,,不适用,0.0208,0.018738,支持,0.0,1.479,0-44,可回看（秒/帧为按有效跨度重建的近似值）,
14,audio,5,5,9,,,不适用,0.1042,0.016836,支持,1.183,2.661,35-80,可回看（秒/帧为按有效跨度重建的近似值）,
14,vision,1,31,35,,,不适用,0.6458,0.027468,支持,8.871,10.35,266-310,可回看（秒/帧为按有效跨度重建的近似值）,
14,vision,2,30,34,,,不适用,0.625,0.025147,支持,8.576,10.054,257-302,可回看（秒/帧为按有效跨度重建的近似值）,
14,vision,3,2,6,,,不适用,0.0417,-0.021574,抑制,0.296,1.774,9-53,可回看（秒/帧为按有效跨度重建的近似值）,
14,vision,4,1,5,,,不适用,0.0208,-0.021209,抑制,0.0,1.479,0-44,可回看（秒/帧为按有效跨度重建的近似值）,
14,vision,5,3,7,,,不适用,0.0625,-0.020704,抑制,0.591,2.07,18-62,可回看（秒/帧为按有效跨度重建的近似值）,
15,text,1,20,20,transform,its power to transform lives [SEP] [PAD],否,0.4167,0.014503,支持,,,,文本可回看（词元+上下文）,
15,text,2,18,18,power,believed in its power to transform lives,否,0.375,0.010548,支持,,,,文本可回看（词元+上下文）,
15,text,3,19,19,to,in its power to transform lives [SEP],是,0.3958,0.010339,支持,,,,文本可回看（词元+上下文）,
15,text,4,17,17,its,they believed in its power to transform,是,0.3542,0.007981,支持,,,,文本可回看（词元+上下文）,
15,text,5,16,16,in,because they believed in its power to,是,0.3333,0.007597,支持,,,,文本可回看（词元+上下文）,
15,audio,1,3,7,,,不适用,0.0625,-0.006075,抑制,0.698,2.443,21-73,可回看（秒/帧为按有效跨度重建的近似值）,
15,audio,2,4,8,,,不适用,0.0833,-0.005228,抑制,1.047,2.792,31-84,可回看（秒/帧为按有效跨度重建的近似值）,
15,audio,3,2,6,,,不适用,0.0417,-0.003394,抑制,0.349,2.094,10-63,可回看（秒/帧为按有效跨度重建的近似值）,
15,audio,4,5,9,,,不适用,0.1042,-0.003034,抑制,1.396,3.141,42-94,可回看（秒/帧为按有效跨度重建的近似值）,
15,audio,5,8,12,,,不适用,0.1667,0.00285,支持,2.443,4.189,73-126,可回看（秒/帧为按有效跨度重建的近似值）,
15,vision,1,15,19,,,不适用,0.3125,-0.005275,抑制,4.887,6.632,147-199,可回看（秒/帧为按有效跨度重建的近似值）,
15,vision,2,14,18,,,不适用,0.2917,-0.005243,抑制,4.538,6.283,136-188,可回看（秒/帧为按有效跨度重建的近似值）,
15,vision,3,13,17,,,不适用,0.2708,-0.004924,抑制,4.189,5.934,126-178,可回看（秒/帧为按有效跨度重建的近似值）,
15,vision,4,12,16,,,不适用,0.25,-0.004253,抑制,3.84,5.585,115-168,可回看（秒/帧为按有效跨度重建的近似值）,
15,vision,5,17,21,,,不适用,0.3542,0.003876,支持,5.585,7.33,168-220,可回看（秒/帧为按有效跨度重建的近似值）,
16,text,1,10,10,terrible,this is a terrible movie [SEP] [PAD],否,0.2083,0.003062,支持,,,,文本可回看（词元+上下文）,
16,text,2,5,5,terrible,"' s a terrible , this is",否,0.1042,0.002546,支持,,,,文本可回看（词元+上下文）,
16,text,3,12,12,[SEP],a terrible movie [SEP] [PAD] [PAD] [PAD],是,0.25,-0.001128,抑制,,,,文本可回看（词元+上下文）,
16,text,4,2,2,',it ' s a terrible,是,0.0417,-0.000944,抑制,,,,文本可回看（词元+上下文）,
16,text,5,4,4,a,"it ' s a terrible , this",是,0.0833,0.000831,支持,,,,文本可回看（词元+上下文）,
16,audio,1,4,8,,,不适用,0.0833,-0.000292,抑制,0.848,2.262,25-68,可回看（秒/帧为按有效跨度重建的近似值）,
16,audio,2,3,7,,,不适用,0.0625,-0.000238,抑制,0.565,1.979,17-59,可回看（秒/帧为按有效跨度重建的近似值）,
16,audio,3,5,9,,,不适用,0.1042,-0.000124,抑制,1.131,2.545,34-76,可回看（秒/帧为按有效跨度重建的近似值）,
16,audio,4,2,6,,,不适用,0.0417,0.000112,支持,0.283,1.696,8-51,可回看（秒/帧为按有效跨度重建的近似值）,
16,audio,5,7,11,,,不适用,0.1458,-9.8e-05,抑制,1.696,3.11,51-93,可回看（秒/帧为按有效跨度重建的近似值）,
16,vision,1,6,10,,,不适用,0.125,0.000111,支持,1.414,2.827,42-85,可回看（秒/帧为按有效跨度重建的近似值）,
16,vision,2,3,7,,,不适用,0.0625,0.000102,支持,0.565,1.979,17-59,可回看（秒/帧为按有效跨度重建的近似值）,
16,vision,3,4,8,,,不适用,0.0833,7.6e-05,支持,0.848,2.262,25-68,可回看（秒/帧为按有效跨度重建的近似值）,
16,vision,4,7,11,,,不适用,0.1458,7.6e-05,支持,1.696,3.11,51-93,可回看（秒/帧为按有效跨度重建的近似值）,
16,vision,5,1,5,,,不适用,0.0208,-7.1e-05,抑制,0.0,1.414,0-42,可回看（秒/帧为按有效跨度重建的近似值）,
17,text,1,14,14,will,", easy and will make people think",是,0.2917,0.006652,支持,,,,文本可回看（词元+上下文）,
17,text,2,13,13,and,"simple , easy and will make people",是,0.2708,0.005392,支持,,,,文本可回看（词元+上下文）,
17,text,3,9,9,is,"to your presentations is simple , easy",是,0.1875,0.005104,支持,,,,文本可回看（词元+上下文）,
17,text,4,24,24,.,a design guru . [SEP] [PAD] [PAD],是,0.5,-0.003892,抑制,,,,文本可回看（词元+上下文）,
17,text,5,16,16,people,and will make people think you turned,否,0.3333,-0.003673,抑制,,,,文本可回看（词元+上下文）,
17,audio,1,1,5,,,不适用,0.0208,0.003218,支持,0.0,2.015,0-60,可回看（秒/帧为按有效跨度重建的近似值）,
17,audio,2,14,18,,,不适用,0.2917,-0.002856,抑制,5.238,7.252,157-218,可回看（秒/帧为按有效跨度重建的近似值）,
17,audio,3,15,19,,,不适用,0.3125,-0.002822,抑制,5.641,7.655,169-230,可回看（秒/帧为按有效跨度重建的近似值）,
17,audio,4,2,6,,,不适用,0.0417,0.002623,支持,0.403,2.418,12-73,可回看（秒/帧为按有效跨度重建的近似值）,
17,audio,5,16,20,,,不适用,0.3333,-0.002337,抑制,6.044,8.058,181-242,可回看（秒/帧为按有效跨度重建的近似值）,
17,vision,1,4,8,,,不适用,0.0833,0.002696,支持,1.209,3.223,36-97,可回看（秒/帧为按有效跨度重建的近似值）,
17,vision,2,3,7,,,不适用,0.0625,0.002556,支持,0.806,2.82,24-85,可回看（秒/帧为按有效跨度重建的近似值）,
17,vision,3,5,9,,,不适用,0.1042,0.002238,支持,1.612,3.626,48-109,可回看（秒/帧为按有效跨度重建的近似值）,
17,vision,4,19,23,,,不适用,0.3958,-0.002102,抑制,7.252,9.267,218-278,可回看（秒/帧为按有效跨度重建的近似值）,
17,vision,5,20,24,,,不适用,0.4167,-0.002082,抑制,7.655,9.67,230-290,可回看（秒/帧为按有效跨度重建的近似值）,
18,text,1,29,29,denied,fishery has been denied msc certification based,否,0.6042,-0.013068,抑制,,,,文本可回看（词元+上下文）,
18,text,2,40,40,failed,the fishery has failed to reach an,否,0.8333,-0.012451,抑制,,,,文本可回看（词元+上下文）,
18,text,3,35,35,fact,based on the fact that the fishery,否,0.7292,-0.010437,抑制,,,,文本可回看（词元+上下文）,
18,text,4,32,32,based,denied msc certification based on the fact,否,0.6667,-0.008671,抑制,,,,文本可回看（词元+上下文）,
18,text,5,48,48,##l,on mack ##ere ##l [SEP],否,1.0,0.006901,支持,,,,文本可回看（词元+上下文）,
18,audio,1,38,42,,,不适用,0.7917,0.004672,支持,14.499,16.459,435-494,可回看（秒/帧为按有效跨度重建的近似值）,
18,audio,2,2,6,,,不适用,0.0417,0.004562,支持,0.392,2.351,12-71,可回看（秒/帧为按有效跨度重建的近似值）,
18,audio,3,39,43,,,不适用,0.8125,0.004234,支持,14.891,16.851,447-506,可回看（秒/帧为按有效跨度重建的近似值）,
18,audio,4,40,44,,,不适用,0.8333,0.004201,支持,15.283,17.242,458-517,可回看（秒/帧为按有效跨度重建的近似值）,
18,audio,5,3,7,,,不适用,0.0625,0.004119,支持,0.784,2.743,24-82,可回看（秒/帧为按有效跨度重建的近似值）,
18,vision,1,26,30,,,不适用,0.5417,-0.000723,抑制,9.797,11.756,294-353,可回看（秒/帧为按有效跨度重建的近似值）,
18,vision,2,43,47,,,不适用,0.8958,0.000717,支持,16.459,18.418,494-553,可回看（秒/帧为按有效跨度重建的近似值）,
18,vision,3,18,22,,,不适用,0.375,-0.000675,抑制,6.662,8.621,200-259,可回看（秒/帧为按有效跨度重建的近似值）,
18,vision,4,42,46,,,不适用,0.875,0.000666,支持,16.067,18.026,482-541,可回看（秒/帧为按有效跨度重建的近似值）,
18,vision,5,27,31,,,不适用,0.5625,-0.000665,抑制,10.189,12.148,306-364,可回看（秒/帧为按有效跨度重建的近似值）,
19,text,1,3,3,surprisingly,people are surprisingly for ##giving brands,否,0.0625,0.065167,支持,,,,文本可回看（词元+上下文）,
19,text,2,17,17,hate,and unfortunately some hate ##rs out there,否,0.3542,-0.044849,抑制,,,,文本可回看（词元+上下文）,
19,text,3,35,35,most,"but for the most part , people",是,0.7292,0.034817,支持,,,,文本可回看（词元+上下文）,
19,text,4,2,2,are,people are surprisingly for ##giving,是,0.0417,0.030195,支持,,,,文本可回看（词元+上下文）,
19,text,5,29,29,imperfect,"jump all over imperfect ##ions , but",否,0.6042,-0.029314,抑制,,,,文本可回看（词元+上下文）,
19,audio,1,21,25,,,不适用,0.4375,0.022079,支持,7.015,8.769,210-263,可回看（秒/帧为按有效跨度重建的近似值）,
19,audio,2,34,38,,,不适用,0.7083,-0.021444,抑制,11.575,13.329,347-400,可回看（秒/帧为按有效跨度重建的近似值）,
19,audio,3,22,26,,,不适用,0.4583,0.020935,支持,7.366,9.12,221-274,可回看（秒/帧为按有效跨度重建的近似值）,
19,audio,4,35,39,,,不适用,0.7292,-0.019141,抑制,11.926,13.68,358-410,可回看（秒/帧为按有效跨度重建的近似值）,
19,audio,5,33,37,,,不适用,0.6875,-0.018748,抑制,11.225,12.978,337-389,可回看（秒/帧为按有效跨度重建的近似值）,
19,vision,1,20,24,,,不适用,0.4167,0.006697,支持,6.665,8.418,200-253,可回看（秒/帧为按有效跨度重建的近似值）,
19,vision,2,35,39,,,不适用,0.7292,-0.006565,抑制,11.926,13.68,358-410,可回看（秒/帧为按有效跨度重建的近似值）,
19,vision,3,34,38,,,不适用,0.7083,-0.006013,抑制,11.575,13.329,347-400,可回看（秒/帧为按有效跨度重建的近似值）,
19,vision,4,19,23,,,不适用,0.3958,0.005867,支持,6.314,8.068,189-242,可回看（秒/帧为按有效跨度重建的近似值）,
19,vision,5,21,25,,,不适用,0.4375,0.005731,支持,7.015,8.769,210-263,可回看（秒/帧为按有效跨度重建的近似值）,
20,text,1,18,18,and,"for more , and we ' ll",是,0.375,0.008152,支持,,,,文本可回看（词元+上下文）,
20,text,2,2,2,of,"and of course , click",是,0.0417,0.00733,支持,,,,文本可回看（词元+上下文）,
20,text,3,31,31,(,stock market video ( wrap - up,否,0.6458,-0.005361,抑制,,,,文本可回看（词元+上下文）,
20,text,4,34,34,up,( wrap - up ) at the,是,0.7083,-0.004895,抑制,,,,文本可回看（词元+上下文）,
20,text,5,14,14,video,"description of this video for more ,",否,0.2917,-0.00477,抑制,,,,文本可回看（词元+上下文）,
20,audio,1,39,43,,,不适用,0.8125,0.005169,支持,9.677,10.95,290-328,可回看（秒/帧为按有效跨度重建的近似值）,
20,audio,2,36,40,,,不适用,0.75,0.004868,支持,8.913,10.186,267-306,可回看（秒/帧为按有效跨度重建的近似值）,
20,audio,3,13,17,,,不适用,0.2708,-0.00443,抑制,3.056,4.329,92-130,可回看（秒/帧为按有效跨度重建的近似值）,
20,audio,4,14,18,,,不适用,0.2917,-0.00435,抑制,3.31,4.584,99-138,可回看（秒/帧为按有效跨度重建的近似值）,
20,audio,5,37,41,,,不适用,0.7708,0.004328,支持,9.167,10.441,275-313,可回看（秒/帧为按有效跨度重建的近似值）,
20,vision,1,13,17,,,不适用,0.2708,0.012119,支持,3.056,4.329,92-130,可回看（秒/帧为按有效跨度重建的近似值）,
20,vision,2,14,18,,,不适用,0.2917,0.01188,支持,3.31,4.584,99-138,可回看（秒/帧为按有效跨度重建的近似值）,
20,vision,3,15,19,,,不适用,0.3125,0.011868,支持,3.565,4.838,107-145,可回看（秒/帧为按有效跨度重建的近似值）,
20,vision,4,16,20,,,不适用,0.3333,0.011854,支持,3.82,5.093,115-153,可回看（秒/帧为按有效跨度重建的近似值）,
20,vision,5,17,21,,,不适用,0.3542,0.01182,支持,4.074,5.348,122-160,可回看（秒/帧为按有效跨度重建的近似值）,
