正文数值,上下文,来源
7.1,题三：可解释多模态情感预测  ## 7.1 模型建立 ,阶段八_解释忠实度验证.csv
21.35,始视频（30 fps，时长3.11～21.35 s）。设某,阶段八_解释忠实度验证.csv
7.2,在语义层面实现了精确同步。  ## 7.2 模型求解与,阶段八_解释忠实度验证.csv
0.01,"a^2)$，$\sigma\in\{0.01,0.1,0",阶段八_解释忠实度验证.csv
0.1,"，$\sigma\in\{0.01,0.1,0.5\}",阶段八_解释忠实度验证.csv
0.5,"igma\in\{0.01,0.1,0.5\}$，各重",阶段八_解释忠实度验证.csv
0.6264,--:| | 全部 | 728 | 0.6264 | 0.6,第七章交付/data/正文数值核验明细.csv
0.6720, | 728 | 0.6264 | 0.6720 | 0.3,阶段八_验证集关键证据.csv
0.3002,0.6264 | 0.6720 | 0.3002 | 0.0,阶段八_解释忠实度验证.csv
0.0136,0.6720 | 0.3002 | 0.0136 | 0.0,阶段八_解释忠实度验证.csv
0.0170,0.3002 | 0.0136 | 0.0170 | | 预,阶段八_解释忠实度验证.csv
0.7225, 预测正确 | 456 | — | 0.7225 | 0.3,第七章交付/data/正文数值核验明细.csv
0.3508,56 | — | 0.7225 | 0.3508 | 0.0,第七章交付/data/正文数值核验明细.csv
0.0086,0.7225 | 0.3508 | 0.0086 | 0.0,阶段八_解释忠实度验证.csv
0.0173,0.3508 | 0.0086 | 0.0173 | | 预,阶段八_解释忠实度验证.csv
0.5873, 预测错误 | 272 | — | 0.5873 | 0.2,阶段八_解释忠实度验证.csv
0.2153,72 | — | 0.5873 | 0.2153 | 0.0,阶段八_验证集模态贡献.csv
0.0219,0.5873 | 0.2153 | 0.0219 | 0.0,阶段八_解释忠实度验证.csv
0.0167,0.2153 | 0.0219 | 0.0167 | | 文,阶段八_解释忠实度验证.csv
0.6683,| 文本为主要模态 | 597 | 0.6683 | 0.7,第七章交付/data/正文数值核验明细.csv
0.7131, | 597 | 0.6683 | 0.7131 | 0.3,阶段八_解释忠实度验证.csv
0.3594,0.6683 | 0.7131 | 0.3594 | -0.,阶段八_验证集关键证据.csv
0.0010,.7131 | 0.3594 | -0.0010 | 0.0,阶段八_解释忠实度验证.csv
0.0076,.3594 | -0.0010 | 0.0076 | | 音,阶段八_解释忠实度验证.csv
0.3750, | 音频为主要模态 | 80 | 0.3750 | 0.4,阶段八_验证集关键证据.csv
0.4654,态 | 80 | 0.3750 | 0.4654 | 0.0,第七章交付/data/正文数值核验明细.csv
0.0277,0.3750 | 0.4654 | 0.0277 | 0.1,阶段八_解释忠实度验证.csv
0.1033,0.4654 | 0.0277 | 0.1033 | 0.0,阶段八_解释忠实度验证.csv
0.0275,0.0277 | 0.1033 | 0.0275 | | 视,阶段八_解释忠实度验证.csv
0.5294, | 视觉为主要模态 | 51 | 0.5294 | 0.5,阶段八_验证集关键证据.csv
0.5143,态 | 51 | 0.5294 | 0.5143 | 0.0,阶段八_解释忠实度验证.csv
0.0346,0.5294 | 0.5143 | 0.0346 | 0.0,阶段八_解释忠实度验证.csv
0.0437,0.5143 | 0.0346 | 0.0437 | 0.1,阶段八_验证集关键证据.csv
0.1111,0.0346 | 0.0437 | 0.1111 |  误判,阶段八_解释忠实度验证.csv
0.5873, |  误判样本的预测类别概率均值（0.5873）与文本贡献,阶段八_解释忠实度验证.csv
0.2153,均值（0.5873）与文本贡献均值（0.2153）均低于正确,阶段八_验证集模态贡献.csv
4.16,ey U检验的 $p$ 值分别为 $4.16\times,阶段八_解释忠实度验证.csv
6.5,times10^{-22}$ 与 $6.5\times,阶段八_解释忠实度验证.csv
0.6683,可靠的判别信息。文本主导组的准确率（0.6683）与置信度（,第七章交付/data/正文数值核验明细.csv
0.7131,组的准确率（0.6683）与置信度（0.7131）在三组中均,阶段八_解释忠实度验证.csv
0.0031,概率下降为0.0354，随机片段为-0.0031，按式(7-,阶段八_解释忠实度验证.csv
0.0336,"均值为0.0385（95%置信区间[0.0336, 0.04",阶段八_解释忠实度验证.csv
0.0435,"5（95%置信区间[0.0336, 0.0435]，中位数0",阶段八_解释忠实度验证.csv
77.28,.0435]，中位数0.0257），77.28%的样本配对,第七章交付/data/表7-3a_解释忠实度.csv
0.0370,"53与0.0426（95%置信区间[0.0370, 0.04",阶段八_解释忠实度验证.csv
0.0483,"6（95%置信区间[0.0370, 0.0483]，中位数0",阶段八_解释忠实度验证.csv
5.85,秩检验[6]的 $p$ 值分别为 $5.85\times,阶段八_解释忠实度验证.csv
1.33,times10^{-56}$ 与 $1.33\times,阶段八_解释忠实度验证.csv [列统计]
0.0144,，随机遮蔽则分别为-0.0112与-0.0144。两种 $K,阶段八_解释忠实度验证.csv
0.0354,蔽 $\Delta P$ 均值 | 0.0354 | 0.0,阶段八_解释忠实度验证.csv
0.0373, P$ 均值 | 0.0354 | 0.0373 | | 忠,阶段八_解释忠实度验证.csv
0.0031, $\Delta P$ 均值 | -0.0031 | -0.,阶段八_解释忠实度验证.csv
0.0053,$ 均值 | -0.0031 | -0.0053 | | 忠,阶段八_解释忠实度验证.csv
0.0385,$ 均值（$D>0$ 的比例） | 0.0385（77.28,阶段八_解释忠实度验证.csv
77.28,>0$ 的比例） | 0.0385（77.28%） | 0,第七章交付/data/表7-3a_解释忠实度.csv
0.0426, 0.0385（77.28%） | 0.0426（76.39,阶段八_解释忠实度验证.csv
76.39,（77.28%） | 0.0426（76.39%） | |,第七章交付/data/表7-3a_解释忠实度.csv
0.0449,文本组 / 音频组 / 视觉组 | 0.0449 / 0.0,阶段八_解释忠实度验证.csv
0.0111, / 视觉组 | 0.0449 / 0.0111 / -0.,阶段八_解释忠实度验证.csv
0.0003,.0449 / 0.0111 / -0.0003 | 0.0,阶段八_解释忠实度验证.csv
0.0486,.0111 / -0.0003 | 0.0486 / 0.0,阶段八_解释忠实度验证.csv
0.0200,0.0003 | 0.0486 / 0.0200 / -0.,阶段八_解释忠实度验证.csv
0.0032,.0486 / 0.0200 / -0.0032 | | 忠,阶段八_解释忠实度验证.csv
6.73,别翻转率：Top-K / 随机 | 6.73% / 6.,阶段八_解释忠实度验证.csv
6.73,-K / 随机 | 6.73% / 6.73% | 7.,阶段八_解释忠实度验证.csv
7.40,| 6.73% / 6.73% | 7.40% / 7.,阶段八_解释忠实度验证.csv
7.68,/ 6.73% | 7.40% / 7.68% | | ,阶段八_解释忠实度验证.csv
0.4715,输入概率：翻转 / 未翻转样本 | 0.4715 / 0.6,阶段八_验证集关键证据.csv
0.6900, 未翻转样本 | 0.4715 / 0.6900 | 0.4,第七章交付/data/表7-3a_解释忠实度.csv
0.4693,0.4715 / 0.6900 | 0.4693 / 0.6,阶段八_验证集关键证据.csv
0.6941,0.6900 | 0.4693 / 0.6941 | | 稳,第七章交付/data/表7-3a_解释忠实度.csv
0.9991,频位置重要性 Spearman | 0.9991 / 0.9,阶段八_解释稳定性验证.csv [列统计]
0.9590,earman | 0.9991 / 0.9590 | — |,阶段八_解释稳定性验证.csv [列统计]
0.9993,觉位置重要性 Spearman | 0.9993 / 0.9,阶段八_解释稳定性验证.csv [列统计]
0.9532,earman | 0.9993 / 0.9532 | — |,阶段八_解释稳定性验证.csv
0.9985, / 视觉 Top-5 重合率 | 0.9985 / 0.9,阶段八_解释稳定性验证.csv
0.9173,-5 重合率 | 0.9985 / 0.9173；0.998,阶段八_解释稳定性验证.csv
0.9981,| 0.9985 / 0.9173；0.9981 / 0.9,阶段八_解释稳定性验证.csv [列统计]
0.9235,/ 0.9173；0.9981 / 0.9235 | — |,阶段八_解释稳定性验证.csv [列统计]
0.01, — | | 稳定性 | 扰动 σ=0.01 / 0.1,阶段八_解释忠实度验证.csv
0.1,稳定性 | 扰动 σ=0.01 / 0.1 / 0.5,阶段八_解释忠实度验证.csv
0.5,扰动 σ=0.01 / 0.1 / 0.5：贡献符号一,阶段八_解释忠实度验证.csv
0.9998,1 / 0.5：贡献符号一致率 | 0.9998 / 0.9,阶段八_解释稳定性验证.csv
0.9957,献符号一致率 | 0.9998 / 0.9957 / 0.9,阶段八_解释稳定性验证.csv
0.9679,0.9998 / 0.9957 / 0.9679 | — |,阶段八_解释忠实度验证.csv
0.01, — | | 稳定性 | 扰动 σ=0.01 / 0.1,阶段八_解释忠实度验证.csv
0.1,稳定性 | 扰动 σ=0.01 / 0.1 / 0.5,阶段八_解释忠实度验证.csv
0.5,扰动 σ=0.01 / 0.1 / 0.5：模态排名 ,阶段八_解释忠实度验证.csv
0.9995,5：模态排名 Spearman | 0.9995 / 0.9,阶段八_解释稳定性验证.csv
0.9921,earman | 0.9995 / 0.9921 / 0.9,阶段八_解释忠实度验证.csv
0.9462,0.9995 / 0.9921 / 0.9462 | — |,阶段八_解释忠实度验证.csv
0.3027,入概率与是否翻转的点二列相关系数为-0.3027（$K=3$,阶段八_验证集模态贡献.csv
0.3251,数为-0.3027（$K=3$）与-0.3251（$K=5$,第七章交付/data/正文数值核验明细.csv
0.0032,，视觉组接近于零（-0.0003与-0.0032）。以文本为,阶段八_解释忠实度验证.csv
0.9993,earman秩相关介于0.9532～0.9993，Top-5,阶段八_解释稳定性验证.csv [列统计]
0.9985,，Top-5重合率介于0.9173～0.9985。+1平移的,阶段八_解释稳定性验证.csv
0.5,a$ 增大单调下降；$\sigma=0.5$ 相当于在,阶段八_解释忠实度验证.csv
59.3,分别有432、546、491条样本（59.3%、75.0,阶段八_验证集模态贡献.csv
75.0,、546、491条样本（59.3%、75.0%、67.4,阶段八_解释忠实度验证.csv
67.4,91条样本（59.3%、75.0%、67.4%）的关键证,阶段八_验证集模态贡献.csv
0.7245,_$7`，真实正向，预测正向，$p=0.7245$）。文本、,阶段八_解释忠实度验证.csv
0.3342,。文本、音频、视觉的分类贡献分别为+0.3342、+0.01,阶段八_验证集关键证据.csv
0.0007,为+0.3342、+0.0124与-0.0007，经式(7-,阶段八_解释忠实度验证.csv
0.0090,P]），唯一的内容词为 test（+0.0090），须结合“,阶段八_解释忠实度验证.csv
0.3432,_$9`，真实负向，预测中性，$p=0.3432$）。三类概,阶段八_验证集模态贡献.csv
0.3432,432$）。三类概率为0.3388/0.3432/0.318,阶段八_验证集模态贡献.csv
0.3180,类概率为0.3388/0.3432/0.3180，近乎均等，,阶段八_解释忠实度验证.csv
0.0681,近乎均等，且为误判样本。文本贡献为-0.0681，即文本抑制,阶段八_解释忠实度验证.csv
0.0489,本抑制了中性判断，其中 less（-0.0489）与 fel,阶段八_解释忠实度验证.csv
0.0192,s（-0.0489）与 felt（-0.0192）为主要抑制,阶段八_解释忠实度验证.csv
0.1589,本身带有明显的消极倾向。音频贡献为+0.1589，成为主要模,阶段八_验证集模态贡献.csv
0.4875,$11`，真实中性，预测中性，$p=0.4875$）。音频贡,阶段八_解释忠实度验证.csv
0.0805,，$p=0.4875$）。音频贡献+0.0805，略高于文本,阶段八_解释忠实度验证.csv
0.0641,频贡献+0.0805，略高于文本（+0.0641）与视觉（+,阶段八_解释忠实度验证.csv
0.0386,高于文本（+0.0641）与视觉（+0.0386），三者处于,阶段八_解释忠实度验证.csv
0.3002,---:|---:| | 文本 | 0.3002 | 0.2,阶段八_解释忠实度验证.csv
0.2044,| | 文本 | 0.3002 | 0.2044 | 0.0,阶段八_解释忠实度验证.csv
0.0395,0.3002 | 0.2044 | 0.0395 | 0.2,阶段八_解释忠实度验证.csv
0.2868,0.2044 | 0.0395 | 0.2868 | 0.5,阶段八_解释忠实度验证.csv
0.5952,0.0395 | 0.2868 | 0.5952 | 94.,阶段八_验证集关键证据.csv
94.64,0.2868 | 0.5952 | 94.64% | 0.,阶段八_解释稳定性验证.csv
0.4598,0.5952 | 94.64% | 0.4598 | 92.,阶段八_验证集模态贡献.csv [列统计]
92.31,94.64% | 0.4598 | 92.31% | 59,阶段八_验证集模态贡献.csv
0.0136,1% | 597 | | 音频 | 0.0136 | 0.0,阶段八_解释忠实度验证.csv
0.0741,| | 音频 | 0.0136 | 0.0741 | -0.,阶段八_解释忠实度验证.csv
0.0744,.0136 | 0.0741 | -0.0744 | 0.0,阶段八_解释忠实度验证.csv
0.0122,.0741 | -0.0744 | 0.0122 | 0.1,阶段八_解释忠实度验证.csv
0.1009,0.0744 | 0.0122 | 0.1009 | 60.,阶段八_解释忠实度验证.csv
60.99,0.0122 | 0.1009 | 60.99% | 0.,阶段八_解释忠实度验证.csv
0.0677,0.1009 | 60.99% | 0.0677 | 66.,阶段八_解释忠实度验证.csv
66.21,60.99% | 0.0677 | 66.21% | 80,阶段八_验证集模态贡献.csv [列统计]
0.0170,21% | 80 | | 视觉 | 0.0170 | 0.0,阶段八_解释忠实度验证.csv
0.0641,| | 视觉 | 0.0170 | 0.0641 | -0.,阶段八_解释忠实度验证.csv
0.0657,.0170 | 0.0641 | -0.0657 | 0.0,阶段八_解释忠实度验证.csv
0.0150,.0641 | -0.0657 | 0.0150 | 0.0,阶段八_解释忠实度验证.csv
0.0893,0.0657 | 0.0150 | 0.0893 | 64.,阶段八_解释忠实度验证.csv
64.84,0.0150 | 0.0893 | 64.84% | 0.,阶段八_验证集模态贡献.csv [列统计]
0.0504,0.0893 | 64.84% | 0.0504 | 60.,阶段八_解释忠实度验证.csv
60.85,64.84% | 0.0504 | 60.85% | 51,阶段八_验证集模态贡献.csv [列统计]
0.0136,类贡献均值为0.3002，约为音频（0.0136）的22倍、,阶段八_解释忠实度验证.csv
0.0170,音频（0.0136）的22倍、视觉（0.0170）的18倍；,阶段八_解释忠实度验证.csv
0.0395,4.64%，其10%分位数仍为正值（0.0395）；音频与视,阶段八_解释忠实度验证.csv
0.0657,10%分位数分别为-0.0744与-0.0657，约35%～,阶段八_解释忠实度验证.csv
82.0,言，728条样本中文本主导597条（82.0%），音频主,阶段八_验证集模态贡献.csv
11.0,7条（82.0%），音频主导80条（11.0%），视觉主,阶段八_解释忠实度验证.csv
7.0,0条（11.0%），视觉主导51条（7.0%）。结合图,阶段八_解释忠实度验证.csv
18.0,0.0346。因此，这131条样本（18.0%）应理解为,阶段八_解释忠实度验证.csv
0.9970,0.1959，取值范围0.3504～0.9970；其中6条高,阶段八_解释忠实度验证.csv
0.0266,0.3504）。情感强度预测均值为-0.0266，中位数0.,阶段八_解释忠实度验证.csv
2.5819,，总体标准差0.9595，取值范围-2.5819～1.254,阶段九_人工回看工作表.csv
1.2546,.9595，取值范围-2.5819～1.2546。分类别比较,阶段九_人工回看工作表.csv
0.8706,分类别比较，负向预测的平均最大概率（0.8706）显著高于正,阶段八_验证集关键证据.csv
0.6675,率（0.8706）显著高于正向预测（0.6675），负向样本,阶段八_验证集模态贡献.csv
0.6268,6675），负向样本的文本贡献均值（0.6268）亦远高于正,阶段八_解释忠实度验证.csv
0.2391,值（0.6268）亦远高于正向样本（0.2391）。20条样,阶段九_附件4预测与解释.csv [列统计]
2.76,son相关系数为0.8450（$p=2.76\times,阶段八_解释忠实度验证.csv
0.3002,.0114与0.0181，与验证集（0.3002、0.013,阶段八_解释忠实度验证.csv
0.0136,.0181，与验证集（0.3002、0.0136、0.017,阶段八_解释忠实度验证.csv
0.0170,验证集（0.3002、0.0136、0.0170）处于同一量,阶段八_解释忠实度验证.csv
0.1173,|---| | 01 | 正向 | 0.1173/0.405,阶段八_解释忠实度验证.csv
0.4054, 01 | 正向 | 0.1173/0.4054/0.477,阶段九_附件4预测与解释.csv
0.4772,向 | 0.1173/0.4054/0.4772 | 0.4,阶段九_人工回看工作表.csv
0.4772,3/0.4054/0.4772 | 0.4772 | 0.0,阶段九_人工回看工作表.csv
0.0718,0.4772 | 0.4772 | 0.0718 | 0.2,阶段八_解释忠实度验证.csv
0.2621,0.4772 | 0.0718 | 0.2621 | 0.1,阶段九_人工回看工作表.csv
0.1378,0.0718 | 0.2621 | 0.1378 | -0.,阶段八_解释忠实度验证.csv
0.0010,.2621 | 0.1378 | -0.0010 | -0.,阶段八_解释忠实度验证.csv
0.0181,1378 | -0.0010 | -0.0181 | 文本 ,阶段八_解释忠实度验证.csv
0.3075,不支持 | | 02 | 正向 | 0.3075/0.342,阶段八_解释忠实度验证.csv
0.3420, 02 | 正向 | 0.3075/0.3420/0.350,阶段九_附件4预测与解释.csv
0.3504,向 | 0.3075/0.3420/0.3504 | 0.3,阶段九_人工回看工作表.csv
0.3504,5/0.3420/0.3504 | 0.3504 | 0.0,阶段九_人工回看工作表.csv
0.0084,0.3504 | 0.3504 | 0.0084 | -0.,阶段八_解释忠实度验证.csv
0.1833,.3504 | 0.0084 | -0.1833 | 0.1,阶段八_解释忠实度验证.csv
0.1306,.0084 | -0.1833 | 0.1306 | -0.,阶段八_解释忠实度验证.csv
0.0839,.1833 | 0.1306 | -0.0839 | -0.,阶段八_解释忠实度验证.csv
0.1327,1306 | -0.0839 | -0.1327 | 视觉 ,阶段九_附件4预测与解释.csv
0.6214,法确认 | | 03 | 负向 | 0.6214/0.212,阶段九_人工回看工作表.csv
0.2125, 03 | 负向 | 0.6214/0.2125/0.166,阶段九_附件4预测与解释.csv
0.1662,向 | 0.6214/0.2125/0.1662 | 0.6,阶段八_解释忠实度验证.csv
0.6214,4/0.2125/0.1662 | 0.6214 | 0.4,阶段九_人工回看工作表.csv
0.4089,0.1662 | 0.6214 | 0.4089 | -0.,阶段八_解释忠实度验证.csv
0.3829,.6214 | 0.4089 | -0.3829 | 0.3,阶段九_人工回看工作表.csv
0.3651,.4089 | -0.3829 | 0.3651 | -0.,阶段九_附件4预测与解释.csv
0.0871,.3829 | 0.3651 | -0.0871 | 0.0,阶段八_解释忠实度验证.csv
0.0421,.3651 | -0.0871 | 0.0421 | 文本 ,阶段八_解释忠实度验证.csv
0.3620,不支持 | | 04 | 正向 | 0.3620/0.096,阶段九_附件4预测与解释.csv
0.0960, 04 | 正向 | 0.3620/0.0960/0.541,阶段八_解释忠实度验证.csv
0.5419,向 | 0.3620/0.0960/0.5419 | 0.5,阶段九_人工回看工作表.csv
0.5419,0/0.0960/0.5419 | 0.5419 | 0.1,阶段九_人工回看工作表.csv
0.1799,0.5419 | 0.5419 | 0.1799 | 0.3,阶段八_验证集模态贡献.csv
0.3215,0.5419 | 0.1799 | 0.3215 | -0.,阶段九_人工回看工作表.csv
0.1666,.1799 | 0.3215 | -0.1666 | 0.3,阶段八_解释忠实度验证.csv
0.3015,.3215 | -0.1666 | 0.3015 | 0.1,阶段八_解释忠实度验证.csv
0.1372,0.1666 | 0.3015 | 0.1372 | 音频 ,阶段八_解释忠实度验证.csv
0.0420,不支持 | | 05 | 正向 | 0.0420/0.238,阶段八_解释忠实度验证.csv
0.2386, 05 | 正向 | 0.0420/0.2386/0.719,阶段八_解释忠实度验证.csv
0.7194,向 | 0.0420/0.2386/0.7194 | 0.7,阶段九_人工回看工作表.csv
0.7194,0/0.2386/0.7194 | 0.7194 | 0.4,阶段九_人工回看工作表.csv
0.4808,0.7194 | 0.7194 | 0.4808 | 0.6,阶段八_验证集模态贡献.csv
0.6135,0.7194 | 0.4808 | 0.6135 | 0.2,阶段九_人工回看工作表.csv
0.2304,0.4808 | 0.6135 | 0.2304 | -0.,阶段九_人工回看工作表.csv
0.0094,.6135 | 0.2304 | -0.0094 | 0.1,阶段八_解释忠实度验证.csv
0.1222,.2304 | -0.0094 | 0.1222 | 文本 ,阶段九_附件4预测与解释.csv
0.0469, 支持 | | 06 | 正向 | 0.0469/0.342,阶段八_解释忠实度验证.csv
0.3427, 06 | 正向 | 0.0469/0.3427/0.610,阶段八_解释忠实度验证.csv
0.6104,向 | 0.0469/0.3427/0.6104 | 0.6,阶段八_解释忠实度验证.csv
0.6104,9/0.3427/0.6104 | 0.6104 | 0.2,阶段八_解释忠实度验证.csv
0.2677,0.6104 | 0.6104 | 0.2677 | 0.6,阶段八_解释忠实度验证.csv
0.6845,0.6104 | 0.2677 | 0.6845 | 0.2,阶段八_解释忠实度验证.csv
0.2844,0.2677 | 0.6845 | 0.2844 | -0.,阶段九_附件4预测与解释.csv
0.0311,.6845 | 0.2844 | -0.0311 | -0.,阶段八_解释忠实度验证.csv
0.1311,2844 | -0.0311 | -0.1311 | 文本 ,阶段八_解释忠实度验证.csv
0.0084,分支持 | | 07 | 正向 | 0.0084/0.084,阶段八_解释忠实度验证.csv
0.0849, 07 | 正向 | 0.0084/0.0849/0.906,阶段八_解释忠实度验证.csv
0.9068,向 | 0.0084/0.0849/0.9068 | 0.9,阶段九_人工回看工作表.csv
0.9068,4/0.0849/0.9068 | 0.9068 | 0.8,阶段九_人工回看工作表.csv
0.8219,0.9068 | 0.9068 | 0.8219 | 0.9,阶段八_解释忠实度验证.csv
0.9758,0.9068 | 0.8219 | 0.9758 | 0.5,阶段八_解释忠实度验证.csv
0.5342,0.8219 | 0.9758 | 0.5342 | 0.0,阶段九_附件4预测与解释.csv
0.0046,0.9758 | 0.5342 | 0.0046 | 0.0,阶段八_解释忠实度验证.csv
0.0148,0.5342 | 0.0046 | 0.0148 | 文本 ,阶段八_解释忠实度验证.csv
0.0480, 支持 | | 08 | 正向 | 0.0480/0.288,阶段八_解释忠实度验证.csv
0.2883, 08 | 正向 | 0.0480/0.2883/0.663,阶段九_附件4预测与解释.csv
0.6637,向 | 0.0480/0.2883/0.6637 | 0.6,阶段八_解释忠实度验证.csv
0.6637,0/0.2883/0.6637 | 0.6637 | 0.3,阶段八_解释忠实度验证.csv
0.3754,0.6637 | 0.6637 | 0.3754 | 0.3,第七章交付/data/正文数值核验明细.csv
0.3675,0.6637 | 0.3754 | 0.3675 | 0.4,阶段九_人工回看工作表.csv
0.4002,0.3754 | 0.3675 | 0.4002 | -0.,阶段八_解释忠实度验证.csv
0.0524,.3675 | 0.4002 | -0.0524 | -0.,阶段八_解释忠实度验证.csv
0.1023,4002 | -0.0524 | -0.1023 | 文本 ,阶段八_解释忠实度验证.csv
0.9893,不支持 | | 09 | 负向 | 0.9893/0.005,阶段八_解释稳定性验证.csv
0.0057, 09 | 负向 | 0.9893/0.0057/0.005,阶段八_解释忠实度验证.csv
0.0050,向 | 0.9893/0.0057/0.0050 | 0.9,阶段八_解释忠实度验证.csv
0.9893,3/0.0057/0.0050 | 0.9893 | 0.9,阶段八_解释稳定性验证.csv
0.9835,0.0050 | 0.9893 | 0.9835 | -1.,阶段八_解释稳定性验证.csv
1.7717,.9893 | 0.9835 | -1.7717 | 0.7,阶段九_人工回看工作表.csv
0.7681,.9835 | -1.7717 | 0.7681 | -0.,阶段九_附件4预测与解释.csv
0.0030,.7717 | 0.7681 | -0.0030 | 0.0,阶段八_解释忠实度验证.csv
0.0012,.7681 | -0.0030 | 0.0012 | 文本 ,阶段八_解释忠实度验证.csv
0.9386, 支持 | | 10 | 负向 | 0.9386/0.021,阶段八_解释忠实度验证.csv
0.0218, 10 | 负向 | 0.9386/0.0218/0.039,阶段八_解释忠实度验证.csv
0.0397,向 | 0.9386/0.0218/0.0397 | 0.9,阶段八_解释忠实度验证.csv
0.9386,6/0.0218/0.0397 | 0.9386 | 0.8,阶段八_解释忠实度验证.csv
0.8989,0.0397 | 0.9386 | 0.8989 | -0.,阶段八_解释忠实度验证.csv
0.9203,.9386 | 0.8989 | -0.9203 | 0.7,阶段九_人工回看工作表.csv
0.7462,.8989 | -0.9203 | 0.7462 | -0.,阶段九_附件4预测与解释.csv
0.0272,.9203 | 0.7462 | -0.0272 | 0.0,阶段八_解释忠实度验证.csv
0.0195,.7462 | -0.0272 | 0.0195 | 文本 ,阶段八_解释忠实度验证.csv
0.8442, 支持 | | 11 | 负向 | 0.8442/0.094,阶段九_人工回看工作表.csv
0.0949, 11 | 负向 | 0.8442/0.0949/0.060,阶段八_解释忠实度验证.csv
0.0609,向 | 0.8442/0.0949/0.0609 | 0.8,阶段八_解释忠实度验证.csv
0.8442,2/0.0949/0.0609 | 0.8442 | 0.7,阶段九_人工回看工作表.csv
0.7493,0.0609 | 0.8442 | 0.7493 | -0.,第七章交付/data/正文数值核验明细.csv
0.9123,.8442 | 0.7493 | -0.9123 | 0.5,阶段九_人工回看工作表.csv
0.5816,.7493 | -0.9123 | 0.5816 | -0.,阶段九_附件4预测与解释.csv
0.0093,.9123 | 0.5816 | -0.0093 | -0.,阶段八_解释忠实度验证.csv
0.0032,5816 | -0.0093 | -0.0032 | 文本 ,阶段八_解释忠实度验证.csv
0.8329, 支持 | | 12 | 负向 | 0.8329/0.120,阶段九_人工回看工作表.csv
0.1207, 12 | 负向 | 0.8329/0.1207/0.046,阶段八_解释忠实度验证.csv
0.0464,向 | 0.8329/0.1207/0.0464 | 0.8,阶段八_解释忠实度验证.csv
0.8329,9/0.1207/0.0464 | 0.8329 | 0.7,阶段九_人工回看工作表.csv
0.7121,0.0464 | 0.8329 | 0.7121 | -0.,阶段八_验证集模态贡献.csv
0.9147,.8329 | 0.7121 | -0.9147 | 0.5,阶段九_人工回看工作表.csv
0.5397,.7121 | -0.9147 | 0.5397 | -0.,阶段八_解释忠实度验证.csv
0.0418,.9147 | 0.5397 | -0.0418 | 0.0,阶段八_解释忠实度验证.csv
0.0484,.5397 | -0.0418 | 0.0484 | 文本 ,阶段八_解释忠实度验证.csv
0.0646,分支持 | | 13 | 正向 | 0.0646/0.428,阶段八_解释忠实度验证.csv
0.4288, 13 | 正向 | 0.0646/0.4288/0.506,阶段九_附件4预测与解释.csv
0.5067,向 | 0.0646/0.4288/0.5067 | 0.5,阶段八_解释忠实度验证.csv
0.5067,6/0.4288/0.5067 | 0.5067 | 0.0,阶段八_解释忠实度验证.csv
0.0779,0.5067 | 0.5067 | 0.0779 | 0.2,阶段八_解释忠实度验证.csv
0.2035,0.5067 | 0.0779 | 0.2035 | 0.1,阶段八_解释忠实度验证.csv
0.1865,0.0779 | 0.2035 | 0.1865 | -0.,阶段八_解释忠实度验证.csv
0.0456,.2035 | 0.1865 | -0.0456 | 0.0,阶段八_解释忠实度验证.csv
0.0000,.1865 | -0.0456 | 0.0000* | 文本,阶段八_解释忠实度验证.csv
0.0374,法确认 | | 14 | 正向 | 0.0374/0.344,阶段八_解释忠实度验证.csv
0.3441, 14 | 正向 | 0.0374/0.3441/0.618,阶段八_解释忠实度验证.csv
0.6185,向 | 0.0374/0.3441/0.6185 | 0.6,阶段八_解释忠实度验证.csv
0.6185,4/0.3441/0.6185 | 0.6185 | 0.2,阶段八_解释忠实度验证.csv
0.2744,0.6185 | 0.6185 | 0.2744 | 0.6,阶段八_验证集模态贡献.csv
0.6845,0.6185 | 0.2744 | 0.6845 | 0.0,阶段八_解释忠实度验证.csv
0.0094,0.2744 | 0.6845 | 0.0094 | 0.0,阶段八_解释忠实度验证.csv
0.0384,0.6845 | 0.0094 | 0.0384 | 0.1,阶段八_解释忠实度验证.csv
0.1702,0.0094 | 0.0384 | 0.1702 | 视觉 ,阶段九_附件4预测与解释.csv
0.0144, 支持 | | 15 | 正向 | 0.0144/0.061,阶段八_解释忠实度验证.csv
0.0619, 15 | 正向 | 0.0144/0.0619/0.923,阶段八_解释忠实度验证.csv
0.9237,向 | 0.0144/0.0619/0.9237 | 0.9,阶段八_解释忠实度验证.csv
0.9237,4/0.0619/0.9237 | 0.9237 | 0.8,阶段八_解释忠实度验证.csv
0.8618,0.9237 | 0.9237 | 0.8618 | 1.0,阶段八_验证集模态贡献.csv
1.0277,0.9237 | 0.8618 | 1.0277 | 0.3,阶段八_解释忠实度验证.csv
0.3525,0.8618 | 1.0277 | 0.3525 | 0.0,阶段八_解释忠实度验证.csv
0.0480,1.0277 | 0.3525 | 0.0480 | 0.0,阶段八_解释忠实度验证.csv
0.0201,0.3525 | 0.0480 | 0.0201 | 文本 ,阶段八_解释忠实度验证.csv
0.9970, 支持 | | 16 | 负向 | 0.9970/0.002,阶段八_解释忠实度验证.csv
0.0023, 16 | 负向 | 0.9970/0.0023/0.000,阶段八_解释忠实度验证.csv
0.0007,向 | 0.9970/0.0023/0.0007 | 0.9,阶段八_解释忠实度验证.csv
0.9970,0/0.0023/0.0007 | 0.9970 | 0.9,阶段八_解释忠实度验证.csv
0.9947,0.0007 | 0.9970 | 0.9947 | -2.,阶段八_解释稳定性验证.csv
2.5819,.9970 | 0.9947 | -2.5819 | 0.7,阶段九_人工回看工作表.csv
0.7602,.9947 | -2.5819 | 0.7602 | -0.,阶段九_附件4预测与解释.csv
0.0009,.5819 | 0.7602 | -0.0009 | 0.0,阶段八_解释忠实度验证.csv
0.0014,.7602 | -0.0009 | 0.0014 | 文本 ,阶段八_解释忠实度验证.csv
0.0030, 支持 | | 17 | 正向 | 0.0030/0.034,阶段八_解释忠实度验证.csv
0.0342, 17 | 正向 | 0.0030/0.0342/0.962,阶段八_解释忠实度验证.csv
0.9628,向 | 0.0030/0.0342/0.9628 | 0.9,阶段八_解释忠实度验证.csv
0.9628,0/0.0342/0.9628 | 0.9628 | 0.9,阶段八_解释忠实度验证.csv
0.9286,0.9628 | 0.9628 | 0.9286 | 1.2,阶段八_解释稳定性验证.csv
1.2546,0.9628 | 0.9286 | 1.2546 | 0.5,阶段九_人工回看工作表.csv
0.5537,0.9286 | 1.2546 | 0.5537 | -0.,阶段九_附件4预测与解释.csv
0.0017,.2546 | 0.5537 | -0.0017 | 0.0,阶段八_解释忠实度验证.csv
0.0089,.5537 | -0.0017 | 0.0089 | 文本 ,阶段八_解释忠实度验证.csv
0.2837,分支持 | | 18 | 中性 | 0.2837/0.514,阶段九_附件4预测与解释.csv
0.5143, 18 | 中性 | 0.2837/0.5143/0.202,阶段八_解释忠实度验证.csv
0.2020,性 | 0.2837/0.5143/0.2020 | 0.5,阶段九_附件4预测与解释.csv
0.5143,7/0.5143/0.2020 | 0.5143 | 0.2,阶段八_解释忠实度验证.csv
0.2307,0.2020 | 0.5143 | 0.2307 | -0.,阶段八_验证集模态贡献.csv
0.2453,.5143 | 0.2307 | -0.2453 | 0.1,阶段九_人工回看工作表.csv
0.1104,.2307 | -0.2453 | 0.1104 | 0.0,阶段八_解释忠实度验证.csv
0.0550,0.2453 | 0.1104 | 0.0550 | 0.0,阶段八_解释忠实度验证.csv
0.0725,0.1104 | 0.0550 | 0.0725 | 文本 ,阶段八_解释忠实度验证.csv
0.3210, 支持 | | 19 | 正向 | 0.3210/0.148,阶段八_解释忠实度验证.csv
0.1481, 19 | 正向 | 0.3210/0.1481/0.530,阶段八_解释忠实度验证.csv
0.5309,向 | 0.3210/0.1481/0.5309 | 0.5,阶段八_解释忠实度验证.csv
0.5309,0/0.1481/0.5309 | 0.5309 | 0.2,阶段八_解释忠实度验证.csv
0.2098,0.5309 | 0.5309 | 0.2098 | 0.2,阶段八_验证集关键证据.csv
0.2304,0.5309 | 0.2098 | 0.2304 | 0.0,阶段九_人工回看工作表.csv
0.0640,0.2098 | 0.2304 | 0.0640 | 0.1,阶段八_解释忠实度验证.csv
0.1490,0.2304 | 0.0640 | 0.1490 | 0.0,阶段八_解释忠实度验证.csv
0.0523,0.0640 | 0.1490 | 0.0523 | 音频 ,阶段八_解释忠实度验证.csv
0.0127, 支持 | | 20 | 正向 | 0.0127/0.122,阶段八_解释忠实度验证.csv
0.1225, 20 | 正向 | 0.0127/0.1225/0.864,阶段八_解释忠实度验证.csv
0.8648,向 | 0.0127/0.1225/0.8648 | 0.8,阶段九_人工回看工作表.csv
0.8648,7/0.1225/0.8648 | 0.8648 | 0.7,阶段九_人工回看工作表.csv
0.7423,0.8648 | 0.8648 | 0.7423 | 0.7,第七章交付/data/正文数值核验明细.csv
0.7550,0.8648 | 0.7423 | 0.7550 | 0.3,阶段八_解释忠实度验证.csv
0.3918,0.7423 | 0.7550 | 0.3918 | 0.0,阶段九_附件4预测与解释.csv
0.0268,0.7550 | 0.3918 | 0.0268 | 0.0,阶段八_解释忠实度验证.csv
0.0379,0.3918 | 0.0268 | 0.0379 | 文本 ,阶段八_解释忠实度验证.csv
0.479,17、20）略低，其中样本05最低（0.479，全片为0.,阶段八_验证集关键证据.csv
0.3420, 样本02的三类概率为0.3075/0.3420/0.350,阶段九_附件4预测与解释.csv
0.3504,类概率为0.3075/0.3420/0.3504，最高与次高,阶段九_人工回看工作表.csv
0.1833,类别判定接近随机水平；其强度预测为-0.1833，与正向类别,阶段八_解释忠实度验证.csv
0.1666,仅13号例外。样本04的文本贡献为-0.1666，即移除文本,阶段八_解释忠实度验证.csv
0.7681,的近似值。  样本09的文本贡献为+0.7681，音频与视觉,阶段九_附件4预测与解释.csv
0.0012,1，音频与视觉仅为-0.0030与+0.0012，模型以0.,阶段八_解释忠实度验证.csv
0.0255,本中同时存在 happiness（+0.0255）与 mis,阶段八_解释忠实度验证.csv
0.0541,+0.0255）与 misery（-0.0541）两类方向相,阶段八_解释忠实度验证.csv
0.1327,1）两类方向相反的证据，视觉贡献为-0.1327，三类概率近,阶段九_附件4预测与解释.csv
0.1702,置信状态相符。样本14的视觉贡献为+0.1702，远高于文本,阶段九_附件4预测与解释.csv
0.0094,贡献为+0.1702，远高于文本（+0.0094）；视觉ra,阶段八_解释忠实度验证.csv
10.35,ank-1窗口位于重建时间8.87～10.35 s，对应关,阶段八_解释忠实度验证.csv
7.3,视觉信号，与回看观察一致。  ## 7.3 本章小结 ,阶段八_解释忠实度验证.csv
0.0136,分类贡献均值为0.3002，为音频（0.0136）与视觉（0,阶段八_解释忠实度验证.csv
0.0170,02，为音频（0.0136）与视觉（0.0170）的18～2,阶段八_解释忠实度验证.csv
94.64,视觉（0.0170）的18～22倍；94.64%的样本文本,阶段八_解释稳定性验证.csv
82.0,倍；94.64%的样本文本贡献为正，82.0%的样本以文,阶段八_验证集模态贡献.csv
0.5,不低于0.95）与 $\sigma=0.5$ 的输入扰,阶段八_解释忠实度验证.csv
