项目,取值,来源
被解释模型,"问题二冻结 static_concat，81,540 参数，主种子 20260924",阶段八_解释方法配置.json / 第六章 6.1.3
推理方式,model.eval() + torch.no_grad()，确定性推理；不训练、不调参、不搜索阈值,阶段八_解释方法配置.json
标准化参数,复用问题二训练集拟合的冻结参数，不重新拟合,阶段八_解释方法配置.json
解释对象,完整输入预测类别的概率 p(ŷ)；情感强度 r̂（分别定义贡献）,阶段八_解释对象与基线说明.md
模态级基线,目标模态观测掩码整体置无效，输入置零,阶段八_解释方法配置.json
位置级遮蔽单元,文本单词元（步长1）；音频/视觉连续窗口 W=5（步长1）,阶段八_解释方法配置.json
关键证据数,按 |Δcls| 降序取 Top-K，K=5；忠实度对照 K=3,阶段八_解释方法配置.json
随机对照,同长度随机片段，重复 10 次取均值,阶段八_解释方法配置.json
输入扰动强度,"σ ∈ {0.01, 0.1, 0.5}，仅加于已观测位置，各重复 3 次",阶段八_解释方法配置.json
窗口平移,音频/视觉窗口整体平移 ±1 个桶位,阶段八_解释稳定性分析.md
解释随机种子,20260926（仅用于随机对照与扰动抽样）,阶段八_解释方法配置.json
文本证据输出,词元序号、词元、±3 词元上下文、是否功能词,阶段八_解释方法配置.json
音频/视觉证据输出,附件2：桶位区间与相对位置（秒数不可回看）；附件4：重建秒数、帧号,阶段八_解释方法配置.json / 阶段九_附件4预测与解释说明.md
