样本ID,时长/s,预测类别,负向概率,中性概率,正向概率,最大概率,top1-top2,情感强度,文本Δcls,音频Δcls,视觉Δcls,主要模态,回看结论
01,9.0,正向,0.1173,0.4054,0.4772,0.4772,0.0718,0.2621,0.1378,-0.001,-0.0181,文本,不支持
02,3.49,正向,0.3075,0.342,0.3504,0.3504,0.0084,-0.1833,0.1306,-0.0839,-0.1327,视觉,无法确认
03,9.66,负向,0.6214,0.2125,0.1662,0.6214,0.4089,-0.3829,0.3651,-0.0871,0.0421,文本,不支持
04,6.99,正向,0.362,0.096,0.5419,0.5419,0.1799,0.3215,-0.1666,0.3015,0.1372,音频,不支持
05,6.1,正向,0.042,0.2386,0.7194,0.7194,0.4808,0.6135,0.2304,-0.0094,0.1222,文本,支持
06,8.31,正向,0.0469,0.3427,0.6104,0.6104,0.2677,0.6845,0.2844,-0.0311,-0.1311,文本,部分支持
07,21.35,正向,0.0084,0.0849,0.9068,0.9068,0.8219,0.9758,0.5342,0.0046,0.0148,文本,支持
08,5.09,正向,0.048,0.2883,0.6637,0.6637,0.3754,0.3675,0.4002,-0.0524,-0.1023,文本,不支持
09,5.04,负向,0.9893,0.0057,0.005,0.9893,0.9835,-1.7717,0.7681,-0.003,0.0012,文本,支持
10,9.94,负向,0.9386,0.0218,0.0397,0.9386,0.8989,-0.9203,0.7462,-0.0272,0.0195,文本,支持
11,5.8,负向,0.8442,0.0949,0.0609,0.8442,0.7493,-0.9123,0.5816,-0.0093,-0.0032,文本,支持
12,13.01,负向,0.8329,0.1207,0.0464,0.8329,0.7121,-0.9147,0.5397,-0.0418,0.0484,文本,部分支持
13,8.68,正向,0.0646,0.4288,0.5067,0.5067,0.0779,0.2035,0.1865,-0.0456,0.0,文本,无法确认
14,10.35,正向,0.0374,0.3441,0.6185,0.6185,0.2744,0.6845,0.0094,0.0384,0.1702,视觉,支持
15,7.33,正向,0.0144,0.0619,0.9237,0.9237,0.8618,1.0277,0.3525,0.048,0.0201,文本,支持
16,3.11,负向,0.997,0.0023,0.0007,0.997,0.9947,-2.5819,0.7602,-0.0009,0.0014,文本,支持
17,9.67,正向,0.003,0.0342,0.9628,0.9628,0.9286,1.2546,0.5537,-0.0017,0.0089,文本,部分支持
18,18.81,中性,0.2837,0.5143,0.202,0.5143,0.2307,-0.2453,0.1104,0.055,0.0725,文本,支持
19,13.68,正向,0.321,0.1481,0.5309,0.5309,0.2098,0.2304,0.064,0.149,0.0523,音频,支持
20,10.95,正向,0.0127,0.1225,0.8648,0.8648,0.7423,0.755,0.3918,0.0268,0.0379,文本,不支持
